Workbook

Sheet Results
B1: Absolute quantification of enzymatic oxyilipins profil with HPLC-QqQ
B4: Matrix: | E4: Fluid
B5: Normalize: | E5: Volume
B7: ='Raw Datas'!A55 -> pg/µL of fluid | E7: ='Raw Datas'!C1 -> KT-312D10 | F7: ='Raw Datas'!D1 -> BS-364D0 | G7: ='Raw Datas'!E1 -> KT-412D60 | H7: ='Raw Datas'!F1 -> KT-974D03 | I7: ='Raw Datas'!G1 -> JV-138D0 | J7: ='Raw Datas'!H1 -> BS-671D03 | K7: ='Raw Datas'!I1 -> KT-723D10 | L7: ='Raw Datas'!J1 -> KT-705D60 | ... FQ7: ='Raw Datas'!FO1 -> KT-974D60
A8: Precursor
A9: Linoleic acid C18:2ꙍ6 | B9: 9-HODE | C9: FA 18:2;O(12Z) | E9: ='Raw Datas'!C56 -> 14.865283 | F9: ='Raw Datas'!D56 -> 21.497567 | G9: ='Raw Datas'!E56 -> 10.8469 | H9: ='Raw Datas'!F56 -> 89.5585 | I9: ='Raw Datas'!G56 -> 35.85765 | J9: ='Raw Datas'!H56 -> 27.483217 | K9: ='Raw Datas'!I56 -> 14.128983 | L9: ='Raw Datas'!J56 -> 7.4184 | ... FQ9: ='Raw Datas'!FO56 -> 17.897417
B10: 10-HODE | C10: FA 18:2;O(12Z) | E10: ='Raw Datas'!C57 -> 0 | F10: ='Raw Datas'!D57 -> 0 | G10: ='Raw Datas'!E57 -> 0 | H10: ='Raw Datas'!F57 -> 0 | I10: ='Raw Datas'!G57 -> 0 | J10: ='Raw Datas'!H57 -> 0 | K10: ='Raw Datas'!I57 -> 0 | L10: ='Raw Datas'!J57 -> 0 | ... FQ10: ='Raw Datas'!FO57 -> 0
B11: 13-HODE | C11: FA 18:2;O(9Z) | E11: ='Raw Datas'!C58 -> 27.323333 | F11: ='Raw Datas'!D58 -> 47.252867 | G11: ='Raw Datas'!E58 -> 13.73985 | H11: ='Raw Datas'!F58 -> 108.00115 | I11: ='Raw Datas'!G58 -> 46.803067 | J11: ='Raw Datas'!H58 -> 33.524733 | K11: ='Raw Datas'!I58 -> 47.74745 | L11: ='Raw Datas'!J58 -> 19.417933 | ... FQ11: ='Raw Datas'!FO58 -> 29.08675
B12: 9,10-DiHOME | C12: FA 18:1;O2(12Z) | E12: ='Raw Datas'!C59 -> 1.97035 | F12: ='Raw Datas'!D59 -> 2.8201 | G12: ='Raw Datas'!E59 -> 4.6212333 | H12: ='Raw Datas'!F59 -> 13.86495 | I12: ='Raw Datas'!G59 -> 2.5101667 | J12: ='Raw Datas'!H59 -> 0.59873333 | K12: ='Raw Datas'!I59 -> 2.7499333 | L12: ='Raw Datas'!J59 -> 1.2010333 | ... FQ12: ='Raw Datas'!FO59 -> 1.6691167
B13: 12,13-DiHOME | C13: FA 18:1;O2(9Z) | E13: ='Raw Datas'!C60 -> 2.4824333 | F13: ='Raw Datas'!D60 -> 2.25685 | G13: ='Raw Datas'!E60 -> 4.97675 | H13: ='Raw Datas'!F60 -> 19.789067 | I13: ='Raw Datas'!G60 -> 2.1857333 | J13: ='Raw Datas'!H60 -> 0.61315 | K13: ='Raw Datas'!I60 -> 3.63365 | L13: ='Raw Datas'!J60 -> 0.93755 | ... FQ13: ='Raw Datas'!FO60 -> 2.86305
B14: 9-OxoODE | C14: FA 18:3;O(12E) | E14: ='Raw Datas'!C61 -> 1.7366167 | F14: ='Raw Datas'!D61 -> 0.71836667 | G14: ='Raw Datas'!E61 -> 0 | H14: ='Raw Datas'!F61 -> 6.35905 | I14: ='Raw Datas'!G61 -> 0.56305 | J14: ='Raw Datas'!H61 -> 0.18223333 | K14: ='Raw Datas'!I61 -> 0.13431667 | L14: ='Raw Datas'!J61 -> 0.13605 | ... FQ14: ='Raw Datas'!FO61 -> 0.18566667
B15: 13-OxoODE | C15: FA 18:3;O(9Z) | E15: ='Raw Datas'!C62 -> 2.0874 | F15: ='Raw Datas'!D62 -> 0.94246667 | G15: ='Raw Datas'!E62 -> 0 | H15: ='Raw Datas'!F62 -> 7.48095 | I15: ='Raw Datas'!G62 -> 2.31495 | J15: ='Raw Datas'!H62 -> 0.62655 | K15: ='Raw Datas'!I62 -> 0 | L15: ='Raw Datas'!J62 -> 0.23433333 | ... FQ15: ='Raw Datas'!FO62 -> 0
B16: 9,10,13-TriHOME | C16: FA 18:1;O3(11E) | E16: ='Raw Datas'!C63 -> 0.36576667 | F16: ='Raw Datas'!D63 -> 0.30868333 | G16: ='Raw Datas'!E63 -> 0.47098333 | H16: ='Raw Datas'!F63 -> 5.4668833 | I16: ='Raw Datas'!G63 -> 0 | J16: ='Raw Datas'!H63 -> 0.1987 | K16: ='Raw Datas'!I63 -> 0.14626667 | L16: ='Raw Datas'!J63 -> 0.2453 | ... FQ16: ='Raw Datas'!FO63 -> 0
B17: 9,12,13-TriHOME | C17: FA 18:1;O3(10E) | E17: ='Raw Datas'!C64 -> 1.4444167 | F17: ='Raw Datas'!D64 -> 1.2342667 | G17: ='Raw Datas'!E64 -> 2.72865 | H17: ='Raw Datas'!F64 -> 15.297733 | I17: ='Raw Datas'!G64 -> 0.48801667 | J17: ='Raw Datas'!H64 -> 0.92513333 | K17: ='Raw Datas'!I64 -> 1.8946833 | L17: ='Raw Datas'!J64 -> 1.0618833 | ... FQ17: ='Raw Datas'!FO64 -> 1.6807333
A19: Dihomo-gamma-linoleic acid C20:3ꙍ6 | B19: PGA1 | E19: ='Raw Datas'!C65 -> 0 | F19: ='Raw Datas'!D65 -> 0 | G19: ='Raw Datas'!E65 -> 0 | H19: ='Raw Datas'!F65 -> 0 | I19: ='Raw Datas'!G65 -> 0 | J19: ='Raw Datas'!H65 -> 0 | K19: ='Raw Datas'!I65 -> 0 | L19: ='Raw Datas'!J65 -> 0 | ... FQ19: ='Raw Datas'!FO65 -> 0
A21: Arachidonic acid C20:4ꙍ6 | B21: 5,6-EET | C21: FA 20:4;O(8Z,11Z,14Z) | E21: ='Raw Datas'!C66 -> 0 | F21: ='Raw Datas'!D66 -> 0 | G21: ='Raw Datas'!E66 -> 0 | H21: ='Raw Datas'!F66 -> 0 | I21: ='Raw Datas'!G66 -> 0 | J21: ='Raw Datas'!H66 -> 0 | K21: ='Raw Datas'!I66 -> 0 | L21: ='Raw Datas'!J66 -> 0 | ... FQ21: ='Raw Datas'!FO66 -> 0
B22: 8,9-EET | C22: FA 20:4;O(5Z,11Z,14Z) | E22: ='Raw Datas'!C67 -> 0.76226667 | F22: ='Raw Datas'!D67 -> 2.2586333 | G22: ='Raw Datas'!E67 -> 0 | H22: ='Raw Datas'!F67 -> 2.6011333 | I22: ='Raw Datas'!G67 -> 0.82863333 | J22: ='Raw Datas'!H67 -> 1.5406 | K22: ='Raw Datas'!I67 -> 2.9791 | L22: ='Raw Datas'!J67 -> 1.6943 | ... FQ22: ='Raw Datas'!FO67 -> 0
B23: 11,12-EET | C23: FA 20:4;O(5Z,8Z,14Z) | E23: ='Raw Datas'!C68 -> 0 | F23: ='Raw Datas'!D68 -> 0 | G23: ='Raw Datas'!E68 -> 0 | H23: ='Raw Datas'!F68 -> 0 | I23: ='Raw Datas'!G68 -> 0 | J23: ='Raw Datas'!H68 -> 0 | K23: ='Raw Datas'!I68 -> 0 | L23: ='Raw Datas'!J68 -> 0 | ... FQ23: ='Raw Datas'!FO68 -> 0
B24: 14,15-EET | C24: FA 20:4;O(5Z,8Z,11Z) | E24: ='Raw Datas'!C69 -> 0 | F24: ='Raw Datas'!D69 -> 0 | G24: ='Raw Datas'!E69 -> 0 | H24: ='Raw Datas'!F69 -> 0 | I24: ='Raw Datas'!G69 -> 0 | J24: ='Raw Datas'!H69 -> 0 | K24: ='Raw Datas'!I69 -> 0 | L24: ='Raw Datas'!J69 -> 0 | ... FQ24: ='Raw Datas'!FO69 -> 0
B25: 5-HETE | C25: FA 20:4;O(6E,8Z,11Z,14Z) | E25: ='Raw Datas'!C70 -> 96.875467 | F25: ='Raw Datas'!D70 -> 118.98988 | G25: ='Raw Datas'!E70 -> 125.0451 | H25: ='Raw Datas'!F70 -> 156.1364 | I25: ='Raw Datas'!G70 -> 173.93033 | J25: ='Raw Datas'!H70 -> 193.97865 | K25: ='Raw Datas'!I70 -> 93.744783 | L25: ='Raw Datas'!J70 -> 49.4655 | ... FQ25: ='Raw Datas'!FO70 -> 28.531367
B26: 8-HETE | C26: FA 20:4;O(5Z,9E,11Z,14Z) | E26: ='Raw Datas'!C71 -> 5.12275 | F26: ='Raw Datas'!D71 -> 11.544283 | G26: ='Raw Datas'!E71 -> 3.94405 | H26: ='Raw Datas'!F71 -> 11.911617 | I26: ='Raw Datas'!G71 -> 7.9660833 | J26: ='Raw Datas'!H71 -> 12.4113 | K26: ='Raw Datas'!I71 -> 13.142167 | L26: ='Raw Datas'!J71 -> 7.8844667 | ... FQ26: ='Raw Datas'!FO71 -> 2.1349833
B27: 12-HETE | C27: FA 20:4;O(5Z,8Z,10E,14Z) | E27: ='Raw Datas'!C72 -> 208.29615 | F27: ='Raw Datas'!D72 -> 954.27485 | G27: ='Raw Datas'!E72 -> 138.65638 | H27: ='Raw Datas'!F72 -> 927.74048 | I27: ='Raw Datas'!G72 -> 399.92992 | J27: ='Raw Datas'!H72 -> 444.51615 | K27: ='Raw Datas'!I72 -> 1101.6004 | L27: ='Raw Datas'!J72 -> 594.95652 | ... FQ27: ='Raw Datas'!FO72 -> 216.58352
B28: 15-HETE | C28: FA 20:4;O(5E,8Z,11Z,13Z) | E28: ='Raw Datas'!C73 -> 2.6258167 | F28: ='Raw Datas'!D73 -> 7.1347 | G28: ='Raw Datas'!E73 -> 1.6251 | H28: ='Raw Datas'!F73 -> 7.2202 | I28: ='Raw Datas'!G73 -> 4.51385 | J28: ='Raw Datas'!H73 -> 6.99615 | K28: ='Raw Datas'!I73 -> 8.9310167 | L28: ='Raw Datas'!J73 -> 5.3078 | ... FQ28: ='Raw Datas'!FO73 -> 3.4712333
B29: 5-oxo-ETE | C29: FA 20:5(6E,8Z,11Z,14Z) | E29: ='Raw Datas'!C74 -> 3.5515667 | F29: ='Raw Datas'!D74 -> 1.8797333 | G29: ='Raw Datas'!E74 -> 1.2228833 | H29: ='Raw Datas'!F74 -> 7.4822333 | I29: ='Raw Datas'!G74 -> 2.1341167 | J29: ='Raw Datas'!H74 -> 1.47055 | K29: ='Raw Datas'!I74 -> 0.86285 | L29: ='Raw Datas'!J74 -> 0.69088333 | ... FQ29: ='Raw Datas'!FO74 -> 0.18695
B30: LTB4 | C30: FA 20:4;O2(6Z,8E,10E,14Z) | E30: ='Raw Datas'!C75 -> 0 | F30: ='Raw Datas'!D75 -> 0 | G30: ='Raw Datas'!E75 -> 0 | H30: ='Raw Datas'!F75 -> 0 | I30: ='Raw Datas'!G75 -> 0 | J30: ='Raw Datas'!H75 -> 0 | K30: ='Raw Datas'!I75 -> 0 | L30: ='Raw Datas'!J75 -> 0 | ... FQ30: ='Raw Datas'!FO75 -> 0
B31: LxA4 | C31: FA 20:4;O3(7E,9E,11Z,13E) | E31: ='Raw Datas'!C76 -> 0.46458333 | F31: ='Raw Datas'!D76 -> 0.90195 | G31: ='Raw Datas'!E76 -> 1.21435 | H31: ='Raw Datas'!F76 -> 5.6536167 | I31: ='Raw Datas'!G76 -> 1.0921167 | J31: ='Raw Datas'!H76 -> 2.03055 | K31: ='Raw Datas'!I76 -> 0.68046667 | L31: ='Raw Datas'!J76 -> 0 | ... FQ31: ='Raw Datas'!FO76 -> 0.12246667
B32: LXB4 | C32: FA 20:4;O3(6E,8Z,10E,12E) | E32: ='Raw Datas'!C77 -> 0 | F32: ='Raw Datas'!D77 -> 0 | G32: ='Raw Datas'!E77 -> 0 | H32: ='Raw Datas'!F77 -> 0 | I32: ='Raw Datas'!G77 -> 0 | J32: ='Raw Datas'!H77 -> 0 | K32: ='Raw Datas'!I77 -> 0 | L32: ='Raw Datas'!J77 -> 0 | ... FQ32: ='Raw Datas'!FO77 -> 0
B33: 8isoPGA2 | C33: FA 20:5;O2(5Z,10Z,13E) | E33: ='Raw Datas'!C78 -> 0 | F33: ='Raw Datas'!D78 -> 0.17503333 | G33: ='Raw Datas'!E78 -> 0 | H33: ='Raw Datas'!F78 -> 1.0163667 | I33: ='Raw Datas'!G78 -> 0.11028333 | J33: ='Raw Datas'!H78 -> 0.26415 | K33: ='Raw Datas'!I78 -> 0.2027 | L33: ='Raw Datas'!J78 -> 0.18293333 | ... FQ33: ='Raw Datas'!FO78 -> 0.074066667
B34: PGD2 | C34: FA 20:4;O3(5Z,13E) | D34: Prostaglandin D2 | E34: ='Raw Datas'!C79 -> 0 | F34: ='Raw Datas'!D79 -> 0 | G34: ='Raw Datas'!E79 -> 0 | H34: ='Raw Datas'!F79 -> 0 | I34: ='Raw Datas'!G79 -> 0 | J34: ='Raw Datas'!H79 -> 0 | K34: ='Raw Datas'!I79 -> 0 | L34: ='Raw Datas'!J79 -> 0 | ... FQ34: ='Raw Datas'!FO79 -> 0
B35: PGE2 | C35: FA 20:4;O3(5Z,13E) | D35: Prostaglandin E2 | E35: ='Raw Datas'!C80 -> 0 | F35: ='Raw Datas'!D80 -> 0 | G35: ='Raw Datas'!E80 -> 0 | H35: ='Raw Datas'!F80 -> 1.8032333 | I35: ='Raw Datas'!G80 -> 0.49661667 | J35: ='Raw Datas'!H80 -> 0.53221667 | K35: ='Raw Datas'!I80 -> 0.54988333 | L35: ='Raw Datas'!J80 -> 0.57231667 | ... FQ35: ='Raw Datas'!FO80 -> 0.34343333
B36: PGF2a | C36: FA 20:3;O3 | D36: Prostaglandin F2alpha | E36: ='Raw Datas'!C81 -> 0.81108333 | F36: ='Raw Datas'!D81 -> 3.1465167 | G36: ='Raw Datas'!E81 -> 0 | H36: ='Raw Datas'!F81 -> 11.769667 | I36: ='Raw Datas'!G81 -> 1.95355 | J36: ='Raw Datas'!H81 -> 2.0054833 | K36: ='Raw Datas'!I81 -> 5.8764333 | L36: ='Raw Datas'!J81 -> 6.9467 | ... FQ36: ='Raw Datas'!FO81 -> 2.4813667
B37: 11B-PGF2a | D37: 11beta-Prostaglandin F2alpha-d4 | E37: ='Raw Datas'!C82 -> 0 | F37: ='Raw Datas'!D82 -> 0 | G37: ='Raw Datas'!E82 -> 0 | H37: ='Raw Datas'!F82 -> 0 | I37: ='Raw Datas'!G82 -> 0 | J37: ='Raw Datas'!H82 -> 0 | K37: ='Raw Datas'!I82 -> 0 | L37: ='Raw Datas'!J82 -> 0 | ... FQ37: ='Raw Datas'!FO82 -> 0
B38: PGFM | C38: FA 20:3;O3
B39: 15dPGJ2 | C39: FA 20:6;O | E39: ='Raw Datas'!C84 -> 0 | F39: ='Raw Datas'!D84 -> 0 | G39: ='Raw Datas'!E84 -> 0 | H39: ='Raw Datas'!F84 -> 0 | I39: ='Raw Datas'!G84 -> 0 | J39: ='Raw Datas'!H84 -> 0 | K39: ='Raw Datas'!I84 -> 0 | L39: ='Raw Datas'!J84 -> 0 | ... FQ39: ='Raw Datas'!FO84 -> 0
B40: 6kPGF1a | C40: FA 20:3;O4(13E) | E40: ='Raw Datas'!C85 -> 0 | F40: ='Raw Datas'!D85 -> 0 | G40: ='Raw Datas'!E85 -> 0 | H40: ='Raw Datas'!F85 -> 0 | I40: ='Raw Datas'!G85 -> 0 | J40: ='Raw Datas'!H85 -> 0 | K40: ='Raw Datas'!I85 -> 0 | L40: ='Raw Datas'!J85 -> 0 | ... FQ40: ='Raw Datas'!FO85 -> 0
B41: TXB2 | C41: FA 20:3;O4(5Z,13E) | E41: ='Raw Datas'!C86 -> 11.630633 | F41: ='Raw Datas'!D86 -> 21.740717 | G41: ='Raw Datas'!E86 -> 3.3182 | H41: ='Raw Datas'!F86 -> 56.4474 | I41: ='Raw Datas'!G86 -> 15.070783 | J41: ='Raw Datas'!H86 -> 15.813233 | K41: ='Raw Datas'!I86 -> 13.514317 | L41: ='Raw Datas'!J86 -> 12.89965 | ... FQ41: ='Raw Datas'!FO86 -> 9.6633167
A43: Alpha-linolenic acid C18:3ꙍ3 | B43: 9-HOTrE | C43: FA 18:3;O(10E,12Z,15Z) | E43: ='Raw Datas'!C87 -> 0.28581667 | F43: ='Raw Datas'!D87 -> 0.2091 | G43: ='Raw Datas'!E87 -> 0.2396 | H43: ='Raw Datas'!F87 -> 2.0031667 | I43: ='Raw Datas'!G87 -> 0.40756667 | J43: ='Raw Datas'!H87 -> 0.23085 | K43: ='Raw Datas'!I87 -> 0.10843333 | L43: ='Raw Datas'!J87 -> 0.078516667 | ... FQ43: ='Raw Datas'!FO87 -> 0.7863
B44: 13-HOTrE | C44: FA 18:3;O(9Z,11E,15Z) | E44: ='Raw Datas'!C88 -> 0.79061667 | F44: ='Raw Datas'!D88 -> 0.85391667 | G44: ='Raw Datas'!E88 -> 0.40045 | H44: ='Raw Datas'!F88 -> 2.1096 | I44: ='Raw Datas'!G88 -> 1.3896 | J44: ='Raw Datas'!H88 -> 0.5676 | K44: ='Raw Datas'!I88 -> 1.3167167 | L44: ='Raw Datas'!J88 -> 0.56136667 | ... FQ44: ='Raw Datas'!FO88 -> 0.82583333
A46: Eicosapentaenoic acid C20:5ꙍ3 | B46: 18-HEPE | C46: FA 20:5;O(5Z,8Z,11Z,14Z,16E) | E46: ='Raw Datas'!C89 -> 0 | F46: ='Raw Datas'!D89 -> 0.11438333 | G46: ='Raw Datas'!E89 -> 0 | H46: ='Raw Datas'!F89 -> 0.26216667 | I46: ='Raw Datas'!G89 -> 0.23558333 | J46: ='Raw Datas'!H89 -> 0.14326667 | K46: ='Raw Datas'!I89 -> 1.3614167 | L46: ='Raw Datas'!J89 -> 0.30045 | ... FQ46: ='Raw Datas'!FO89 -> 0
B47: LTB5 | C47: FA 20:5;O2 | E47: ='Raw Datas'!C90 -> 0 | F47: ='Raw Datas'!D90 -> 0 | G47: ='Raw Datas'!E90 -> 0 | H47: ='Raw Datas'!F90 -> 0 | I47: ='Raw Datas'!G90 -> 0 | J47: ='Raw Datas'!H90 -> 0 | K47: ='Raw Datas'!I90 -> 0 | L47: ='Raw Datas'!J90 -> 0 | ... FQ47: ='Raw Datas'!FO90 -> 0
B48: PGE3 | C48: FA 20:5;O3(5Z,13E,17Z) | E48: ='Raw Datas'!C91 -> 0 | F48: ='Raw Datas'!D91 -> 0 | G48: ='Raw Datas'!E91 -> 0 | H48: ='Raw Datas'!F91 -> 0 | I48: ='Raw Datas'!G91 -> 0 | J48: ='Raw Datas'!H91 -> 0 | K48: ='Raw Datas'!I91 -> 0 | L48: ='Raw Datas'!J91 -> 0 | ... FQ48: ='Raw Datas'!FO91 -> 0
B49: RvE1 | C49: FA 20:5;O3(6Z,8E,10E,14Z,16E) | E49: ='Raw Datas'!C92 -> 0 | F49: ='Raw Datas'!D92 -> 0 | G49: ='Raw Datas'!E92 -> 0 | H49: ='Raw Datas'!F92 -> 0 | I49: ='Raw Datas'!G92 -> 0 | J49: ='Raw Datas'!H92 -> 0 | K49: ='Raw Datas'!I92 -> 0 | L49: ='Raw Datas'!J92 -> 0 | ... FQ49: ='Raw Datas'!FO92 -> 0
B50: 5,6-DiHETE | E50: ='Raw Datas'!C93 -> 0 | F50: ='Raw Datas'!D93 -> 0 | G50: ='Raw Datas'!E93 -> 0 | H50: ='Raw Datas'!F93 -> 0 | I50: ='Raw Datas'!G93 -> 0 | J50: ='Raw Datas'!H93 -> 0 | K50: ='Raw Datas'!I93 -> 0 | L50: ='Raw Datas'!J93 -> 0 | ... FQ50: ='Raw Datas'!FO93 -> 0
A52: Docosahexaenoic acid C22:6ꙍ3 | B52: 14-HDHA | C52: FA 22:6;O(4Z,7Z,10Z,12E,16Z,19Z) | E52: ='Raw Datas'!C94 -> 60.11 | F52: ='Raw Datas'!D94 -> 223.86982 | G52: ='Raw Datas'!E94 -> 28.000933 | H52: ='Raw Datas'!F94 -> 162.6376 | I52: ='Raw Datas'!G94 -> 122.10465 | J52: ='Raw Datas'!H94 -> 143.1937 | K52: ='Raw Datas'!I94 -> 551.66067 | L52: ='Raw Datas'!J94 -> 214.54028 | ... FQ52: ='Raw Datas'!FO94 -> 78.768317
B53: 17-HDHA | C53: FA 22:6;O(4Z,7Z,10Z,13Z,15E,19Z) | E53: ='Raw Datas'!C95 -> 2.5767 | F53: ='Raw Datas'!D95 -> 4.1894833 | G53: ='Raw Datas'!E95 -> 0.94011667 | H53: ='Raw Datas'!F95 -> 2.8106 | I53: ='Raw Datas'!G95 -> 3.8370833 | J53: ='Raw Datas'!H95 -> 4.9248 | K53: ='Raw Datas'!I95 -> 7.7584667 | L53: ='Raw Datas'!J95 -> 4.0750167 | ... FQ53: ='Raw Datas'!FO95 -> 1.9704167
B54: 7(S)-MaR1 | C54: FA 22:6;O2(4Z,8E,10E,12Z,16Z,19Z) | E54: ='Raw Datas'!C96 -> 0 | F54: ='Raw Datas'!D96 -> 0 | G54: ='Raw Datas'!E96 -> 0 | H54: ='Raw Datas'!F96 -> 0 | I54: ='Raw Datas'!G96 -> 0 | J54: ='Raw Datas'!H96 -> 0 | K54: ='Raw Datas'!I96 -> 0 | L54: ='Raw Datas'!J96 -> 0 | ... FQ54: ='Raw Datas'!FO96 -> 0
B55: PDx | C55: FA 22:6;O2(4Z,7Z,11E,13Z,15E,19Z) | E55: ='Raw Datas'!C97 -> 0 | F55: ='Raw Datas'!D97 -> 0 | G55: ='Raw Datas'!E97 -> 0 | H55: ='Raw Datas'!F97 -> 0 | I55: ='Raw Datas'!G97 -> 0 | J55: ='Raw Datas'!H97 -> 0 | K55: ='Raw Datas'!I97 -> 0 | L55: ='Raw Datas'!J97 -> 0 | ... FQ55: ='Raw Datas'!FO97 -> 0
B56: PD1 | C56: FA 22:6;O2(4Z,7Z,11E,13E,15Z,19Z) | E56: ='Raw Datas'!C98 -> 0 | F56: ='Raw Datas'!D98 -> 0 | G56: ='Raw Datas'!E98 -> 0 | H56: ='Raw Datas'!F98 -> 0 | I56: ='Raw Datas'!G98 -> 0 | J56: ='Raw Datas'!H98 -> 0 | K56: ='Raw Datas'!I98 -> 0 | L56: ='Raw Datas'!J98 -> 0 | ... FQ56: ='Raw Datas'!FO98 -> 0
B57: RVD1 | C57: FA 22:6;O3(4Z,9E,11E,13Z,15E,19Z) | D57: Resolvin D1 | E57: ='Raw Datas'!C99 -> 0 | F57: ='Raw Datas'!D99 -> 0 | G57: ='Raw Datas'!E99 -> 0 | H57: ='Raw Datas'!F99 -> 0 | I57: ='Raw Datas'!G99 -> 0 | J57: ='Raw Datas'!H99 -> 0 | K57: ='Raw Datas'!I99 -> 0 | L57: ='Raw Datas'!J99 -> 0 | ... FQ57: ='Raw Datas'!FO99 -> 0
B58: RvD2 | C58: FA 22:6;O3(4Z,8E,10Z,12E,14E,19Z) | D58: Resolvin D2 | E58: ='Raw Datas'!C100 -> 0 | F58: ='Raw Datas'!D100 -> 0 | G58: ='Raw Datas'!E100 -> 0 | H58: ='Raw Datas'!F100 -> 0 | I58: ='Raw Datas'!G100 -> 0 | J58: ='Raw Datas'!H100 -> 0 | K58: ='Raw Datas'!I100 -> 0 | L58: ='Raw Datas'!J100 -> 0 | ... FQ58: ='Raw Datas'!FO100 -> 0
B59: RvD3 | C59: FA 22:6;O3(5Z,7E,9E,13Z,15E,19Z) | D59: Resolvin D3 | E59: ='Raw Datas'!C101 -> 0 | F59: ='Raw Datas'!D101 -> 0 | G59: ='Raw Datas'!E101 -> 0 | H59: ='Raw Datas'!F101 -> 0 | I59: ='Raw Datas'!G101 -> 0 | J59: ='Raw Datas'!H101 -> 0 | K59: ='Raw Datas'!I101 -> 0 | L59: ='Raw Datas'!J101 -> 0 | ... FQ59: ='Raw Datas'!FO101 -> 0
B60: RvD5 | C60: FA 22:6;O3(4Z,8E,10Z,13Z,15E,19Z) | D60: Resolvin D5 | E60: ='Raw Datas'!C102 -> 0 | F60: ='Raw Datas'!D102 -> 0 | G60: ='Raw Datas'!E102 -> 0 | H60: ='Raw Datas'!F102 -> 0 | I60: ='Raw Datas'!G102 -> 0 | J60: ='Raw Datas'!H102 -> 0 | K60: ='Raw Datas'!I102 -> 0 | L60: ='Raw Datas'!J102 -> 0 | ... FQ60: ='Raw Datas'!FO102 -> 0
B63: =B7 -> pg/µL of fluid | E63: =E7 -> KT-312D10 | F63: =F7 -> BS-364D0 | G63: =G7 -> KT-412D60 | H63: =H7 -> KT-974D03 | I63: =I7 -> JV-138D0 | J63: =J7 -> BS-671D03 | K63: =K7 -> KT-723D10 | L63: =L7 -> KT-705D60 | ... FQ63: =FQ7 -> KT-974D60
B64: Total oxylipins issued from LA cascade | E64: =SUM(E9:E17) -> 52.2756 | F64: =SUM(F9:F17) -> 77.031167 | G64: =SUM(G9:G17) -> 37.384367 | H64: =SUM(H9:H17) -> 265.81828 | I64: =SUM(I9:I17) -> 90.722633 | J64: =SUM(J9:J17) -> 64.15245 | K64: =SUM(K9:K17) -> 70.435283 | L64: =SUM(L9:L17) -> 30.652483 | ... FQ64: =SUM(FQ9:FQ17) -> 53.382733
B65: Total oxylipins issued from DGLA cascade | E65: =SUM(E19) -> 0 | F65: =SUM(F19) -> 0 | G65: =SUM(G19) -> 0 | H65: =SUM(H19) -> 0 | I65: =SUM(I19) -> 0 | J65: =SUM(J19) -> 0 | K65: =SUM(K19) -> 0 | L65: =SUM(L19) -> 0 | ... FQ65: =SUM(FQ19) -> 0
B66: Total oxylipins issued from AA cascade | E66: =SUM(E21:E41) -> 330.14032 | F66: =SUM(F21:F41) -> 1122.0463 | G66: =SUM(G21:G41) -> 275.02607 | H66: =SUM(H21:H41) -> 1189.7824 | I66: =SUM(I21:I41) -> 608.02628 | J66: =SUM(J21:J41) -> 681.55903 | K66: =SUM(K21:K41) -> 1242.0841 | L66: =SUM(L21:L41) -> 680.60107 | ... FQ66: =SUM(FQ21:FQ41) -> 263.5927
B67: Total oxylipins issued from alpha-LA cascade | E67: =SUM(E43:E44) -> 1.0764333 | F67: =SUM(F43:F44) -> 1.0630167 | G67: =SUM(G43:G44) -> 0.64005 | H67: =SUM(H43:H44) -> 4.1127667 | I67: =SUM(I43:I44) -> 1.7971667 | J67: =SUM(J43:J44) -> 0.79845 | K67: =SUM(K43:K44) -> 1.42515 | L67: =SUM(L43:L44) -> 0.63988333 | ... FQ67: =SUM(FQ43:FQ44) -> 1.6121333
B68: Total oxylipins issued from EPA cascade | E68: =SUM(E46:E50) -> 0 | F68: =SUM(F46:F50) -> 0.11438333 | G68: =SUM(G46:G50) -> 0 | H68: =SUM(H46:H50) -> 0.26216667 | I68: =SUM(I46:I50) -> 0.23558333 | J68: =SUM(J46:J50) -> 0.14326667 | K68: =SUM(K46:K50) -> 1.3614167 | L68: =SUM(L46:L50) -> 0.30045 | ... FQ68: =SUM(FQ46:FQ50) -> 0
B69: Total oxylipins issued from DHA cascade | E69: =SUM(E52:E60) -> 62.6867 | F69: =SUM(F52:F60) -> 228.0593 | G69: =SUM(G52:G60) -> 28.94105 | H69: =SUM(H52:H60) -> 165.4482 | I69: =SUM(I52:I60) -> 125.94173 | J69: =SUM(J52:J60) -> 148.1185 | K69: =SUM(K52:K60) -> 559.41913 | L69: =SUM(L52:L60) -> 218.6153 | ... FQ69: =SUM(FQ52:FQ60) -> 80.738733
B70: Total | E70: =SUM(E64:E69) -> 446.17905 | F70: =SUM(F64:F69) -> 1428.3142 | G70: =SUM(G64:G69) -> 341.99153 | H70: =SUM(H64:H69) -> 1625.4238 | I70: =SUM(I64:I69) -> 826.7234 | J70: =SUM(J64:J69) -> 894.7717 | K70: =SUM(K64:K69) -> 1874.7251 | L70: =SUM(L64:L69) -> 930.80918 | ... FQ70: =SUM(FQ64:FQ69) -> 399.3263

Sheet Feuil1
A1: feature | B1: ='Raw Datas'!C1 -> KT-312D10 | C1: ='Raw Datas'!D1 -> BS-364D0 | D1: ='Raw Datas'!E1 -> KT-412D60 | E1: ='Raw Datas'!F1 -> KT-974D03 | F1: ='Raw Datas'!G1 -> JV-138D0 | G1: ='Raw Datas'!H1 -> BS-671D03 | H1: ='Raw Datas'!I1 -> KT-723D10 | I1: ='Raw Datas'!J1 -> KT-705D60 | ... FN1: ='Raw Datas'!FO1 -> KT-974D60
A2: FA 18:2;O | B2: ='Raw Datas'!C56 -> 14.865283 | C2: ='Raw Datas'!D56 -> 21.497567 | D2: ='Raw Datas'!E56 -> 10.8469 | E2: ='Raw Datas'!F56 -> 89.5585 | F2: ='Raw Datas'!G56 -> 35.85765 | G2: ='Raw Datas'!H56 -> 27.483217 | H2: ='Raw Datas'!I56 -> 14.128983 | I2: ='Raw Datas'!J56 -> 7.4184 | ... FN2: ='Raw Datas'!FO56 -> 17.897417
A3: FA 18:1;O2 | B3: ='Raw Datas'!C59 -> 1.97035 | C3: ='Raw Datas'!D59 -> 2.8201 | D3: ='Raw Datas'!E59 -> 4.6212333 | E3: ='Raw Datas'!F59 -> 13.86495 | F3: ='Raw Datas'!G59 -> 2.5101667 | G3: ='Raw Datas'!H59 -> 0.59873333 | H3: ='Raw Datas'!I59 -> 2.7499333 | I3: ='Raw Datas'!J59 -> 1.2010333 | ... FN3: ='Raw Datas'!FO59 -> 1.6691167
A4: FA 18:3;O | B4: ='Raw Datas'!C61 -> 1.7366167 | C4: ='Raw Datas'!D61 -> 0.71836667 | D4: ='Raw Datas'!E61 -> 0 | E4: ='Raw Datas'!F61 -> 6.35905 | F4: ='Raw Datas'!G61 -> 0.56305 | G4: ='Raw Datas'!H61 -> 0.18223333 | H4: ='Raw Datas'!I61 -> 0.13431667 | I4: ='Raw Datas'!J61 -> 0.13605 | ... FN4: ='Raw Datas'!FO61 -> 0.18566667
A5: FA 18:1;O3 | B5: ='Raw Datas'!C63 -> 0.36576667 | C5: ='Raw Datas'!D63 -> 0.30868333 | D5: ='Raw Datas'!E63 -> 0.47098333 | E5: ='Raw Datas'!F63 -> 5.4668833 | F5: ='Raw Datas'!G63 -> 0 | G5: ='Raw Datas'!H63 -> 0.1987 | H5: ='Raw Datas'!I63 -> 0.14626667 | I5: ='Raw Datas'!J63 -> 0.2453 | ... FN5: ='Raw Datas'!FO63 -> 0
A8: FA 20:4;O | B8: ='Raw Datas'!C67 -> 0.76226667 | C8: ='Raw Datas'!D67 -> 2.2586333 | D8: ='Raw Datas'!E67 -> 0 | E8: ='Raw Datas'!F67 -> 2.6011333 | F8: ='Raw Datas'!G67 -> 0.82863333 | G8: ='Raw Datas'!H67 -> 1.5406 | H8: ='Raw Datas'!I67 -> 2.9791 | I8: ='Raw Datas'!J67 -> 1.6943 | ... FN8: ='Raw Datas'!FO67 -> 0
A9: FA 20:5 | B9: ='Raw Datas'!C74 -> 3.5515667 | C9: ='Raw Datas'!D74 -> 1.8797333 | D9: ='Raw Datas'!E74 -> 1.2228833 | E9: ='Raw Datas'!F74 -> 7.4822333 | F9: ='Raw Datas'!G74 -> 2.1341167 | G9: ='Raw Datas'!H74 -> 1.47055 | H9: ='Raw Datas'!I74 -> 0.86285 | I9: ='Raw Datas'!J74 -> 0.69088333 | ... FN9: ='Raw Datas'!FO74 -> 0.18695
A10: FA 20:4;O3 | B10: ='Raw Datas'!C76 -> 0.46458333 | C10: ='Raw Datas'!D76 -> 0.90195 | D10: ='Raw Datas'!E76 -> 1.21435 | E10: ='Raw Datas'!F76 -> 5.6536167 | F10: ='Raw Datas'!G76 -> 1.0921167 | G10: ='Raw Datas'!H76 -> 2.03055 | H10: ='Raw Datas'!I76 -> 0.68046667 | I10: ='Raw Datas'!J76 -> 0 | ... FN10: ='Raw Datas'!FO76 -> 0.12246667
A11: FA 20:3;O4 | B11: ='Raw Datas'!C86 -> 11.630633 | C11: ='Raw Datas'!D86 -> 21.740717 | D11: ='Raw Datas'!E86 -> 3.3182 | E11: ='Raw Datas'!F86 -> 56.4474 | F11: ='Raw Datas'!G86 -> 15.070783 | G11: ='Raw Datas'!H86 -> 15.813233 | H11: ='Raw Datas'!I86 -> 13.514317 | I11: ='Raw Datas'!J86 -> 12.89965 | ... FN11: ='Raw Datas'!FO86 -> 9.6633167
A12: FA 20:5;O | B12: ='Raw Datas'!C89 -> 0 | C12: ='Raw Datas'!D89 -> 0.11438333 | D12: ='Raw Datas'!E89 -> 0 | E12: ='Raw Datas'!F89 -> 0.26216667 | F12: ='Raw Datas'!G89 -> 0.23558333 | G12: ='Raw Datas'!H89 -> 0.14326667 | H12: ='Raw Datas'!I89 -> 1.3614167 | I12: ='Raw Datas'!J89 -> 0.30045 | ... FN12: ='Raw Datas'!FO89 -> 0
A13: FA 22:6;O | B13: ='Raw Datas'!C94 -> 60.11 | C13: ='Raw Datas'!D94 -> 223.86982 | D13: ='Raw Datas'!E94 -> 28.000933 | E13: ='Raw Datas'!F94 -> 162.6376 | F13: ='Raw Datas'!G94 -> 122.10465 | G13: ='Raw Datas'!H94 -> 143.1937 | H13: ='Raw Datas'!I94 -> 551.66067 | I13: ='Raw Datas'!J94 -> 214.54028 | ... FN13: ='Raw Datas'!FO94 -> 78.768317

Sheet Feuil2
B1: Absolute quantification of enzymatic oxyilipins profil with HPLC-QqQ
B4: Matrix: | C4: Fluid
B5: Normalize: | C5: Volume
B7: ='Raw Datas'!A55 -> pg/µL of fluid | C7: ='Raw Datas'!C1 -> KT-312D10 | D7: ='Raw Datas'!D1 -> BS-364D0 | E7: ='Raw Datas'!E1 -> KT-412D60 | F7: ='Raw Datas'!F1 -> KT-974D03 | G7: ='Raw Datas'!G1 -> JV-138D0 | H7: ='Raw Datas'!H1 -> BS-671D03 | I7: ='Raw Datas'!I1 -> KT-723D10 | J7: ='Raw Datas'!J1 -> KT-705D60 | ... FO7: ='Raw Datas'!FO1 -> KT-974D60
A8: Precursor
A9: Linoleic acid C18:2ꙍ6 | B9: FA 18:2;O | C9: ='Raw Datas'!C58 -> 27.323333 | D9: ='Raw Datas'!D58 -> 47.252867 | E9: ='Raw Datas'!E58 -> 13.73985 | F9: ='Raw Datas'!F58 -> 108.00115 | G9: ='Raw Datas'!G58 -> 46.803067 | H9: ='Raw Datas'!H58 -> 33.524733 | I9: ='Raw Datas'!I58 -> 47.74745 | J9: ='Raw Datas'!J58 -> 19.417933 | ... FO9: ='Raw Datas'!FO58 -> 29.08675
B10: FA 18:1;O2 | C10: ='Raw Datas'!C60 -> 2.4824333 | D10: ='Raw Datas'!D60 -> 2.25685 | E10: ='Raw Datas'!E60 -> 4.97675 | F10: ='Raw Datas'!F60 -> 19.789067 | G10: ='Raw Datas'!G60 -> 2.1857333 | H10: ='Raw Datas'!H60 -> 0.61315 | I10: ='Raw Datas'!I60 -> 3.63365 | J10: ='Raw Datas'!J60 -> 0.93755 | ... FO10: ='Raw Datas'!FO60 -> 2.86305
B11: FA 18:3;O | C11: ='Raw Datas'!C62 -> 2.0874 | D11: ='Raw Datas'!D62 -> 0.94246667 | E11: ='Raw Datas'!E62 -> 0 | F11: ='Raw Datas'!F62 -> 7.48095 | G11: ='Raw Datas'!G62 -> 2.31495 | H11: ='Raw Datas'!H62 -> 0.62655 | I11: ='Raw Datas'!I62 -> 0 | J11: ='Raw Datas'!J62 -> 0.23433333 | ... FO11: ='Raw Datas'!FO62 -> 0
B12: FA 18:1;O3 | C12: ='Raw Datas'!C64 -> 1.4444167 | D12: ='Raw Datas'!D64 -> 1.2342667 | E12: ='Raw Datas'!E64 -> 2.72865 | F12: ='Raw Datas'!F64 -> 15.297733 | G12: ='Raw Datas'!G64 -> 0.48801667 | H12: ='Raw Datas'!H64 -> 0.92513333 | I12: ='Raw Datas'!I64 -> 1.8946833 | J12: ='Raw Datas'!J64 -> 1.0618833 | ... FO12: ='Raw Datas'!FO64 -> 1.6807333
A15: Arachidonic acid C20:4ꙍ6 | B15: FA 20:4;O | C15: ='Raw Datas'!C70 -> 96.875467 | D15: ='Raw Datas'!D70 -> 118.98988 | E15: ='Raw Datas'!E70 -> 125.0451 | F15: ='Raw Datas'!F70 -> 156.1364 | G15: ='Raw Datas'!G70 -> 173.93033 | H15: ='Raw Datas'!H70 -> 193.97865 | I15: ='Raw Datas'!I70 -> 93.744783 | J15: ='Raw Datas'!J70 -> 49.4655 | ... FO15: ='Raw Datas'!FO70 -> 28.531367
B16: FA 20:4;O3 | C16: ='Raw Datas'!C80 -> 0 | D16: ='Raw Datas'!D80 -> 0 | E16: ='Raw Datas'!E80 -> 0 | F16: ='Raw Datas'!F80 -> 1.8032333 | G16: ='Raw Datas'!G80 -> 0.49661667 | H16: ='Raw Datas'!H80 -> 0.53221667 | I16: ='Raw Datas'!I80 -> 0.54988333 | J16: ='Raw Datas'!J80 -> 0.57231667 | ... FO16: ='Raw Datas'!FO80 -> 0.34343333
A18: Alpha-linolenic acid C18:3ꙍ3 | B18: FA 18:3;O | C18: ='Raw Datas'!C88 -> 0.79061667 | D18: ='Raw Datas'!D88 -> 0.85391667 | E18: ='Raw Datas'!E88 -> 0.40045 | F18: ='Raw Datas'!F88 -> 2.1096 | G18: ='Raw Datas'!G88 -> 1.3896 | H18: ='Raw Datas'!H88 -> 0.5676 | I18: ='Raw Datas'!I88 -> 1.3167167 | J18: ='Raw Datas'!J88 -> 0.56136667 | ... FO18: ='Raw Datas'!FO88 -> 0.82583333
A20: Eicosapentaenoic acid C20:5ꙍ3 | B20: FA 20:5;O | C20: ='Raw Datas'!C89 -> 0 | D20: ='Raw Datas'!D89 -> 0.11438333 | E20: ='Raw Datas'!E89 -> 0 | F20: ='Raw Datas'!F89 -> 0.26216667 | G20: ='Raw Datas'!G89 -> 0.23558333 | H20: ='Raw Datas'!H89 -> 0.14326667 | I20: ='Raw Datas'!I89 -> 1.3614167 | J20: ='Raw Datas'!J89 -> 0.30045 | ... FO20: ='Raw Datas'!FO89 -> 0
A22: Docosahexaenoic acid C22:6ꙍ3 | B22: FA 22:6;O | C22: ='Raw Datas'!C95 -> 2.5767 | D22: ='Raw Datas'!D95 -> 4.1894833 | E22: ='Raw Datas'!E95 -> 0.94011667 | F22: ='Raw Datas'!F95 -> 2.8106 | G22: ='Raw Datas'!G95 -> 3.8370833 | H22: ='Raw Datas'!H95 -> 4.9248 | I22: ='Raw Datas'!I95 -> 7.7584667 | J22: ='Raw Datas'!J95 -> 4.0750167 | ... FO22: ='Raw Datas'!FO95 -> 1.9704167
B25: =B7 -> pg/µL of fluid | C25: =C7 -> KT-312D10 | D25: =D7 -> BS-364D0 | E25: =E7 -> KT-412D60 | F25: =F7 -> KT-974D03 | G25: =G7 -> JV-138D0 | H25: =H7 -> BS-671D03 | I25: =I7 -> KT-723D10 | ... FO25: =FO7 -> KT-974D60
B26: Total oxylipins issued from LA cascade | C26: =SUM(C9:C12) -> 33.337583 | D26: =SUM(D9:D12) -> 51.68645 | E26: =SUM(E9:E12) -> 21.44525 | F26: =SUM(F9:F12) -> 150.5689 | G26: =SUM(G9:G12) -> 51.791767 | H26: =SUM(H9:H12) -> 35.689567 | I26: =SUM(I9:I12) -> 53.275783 | J26: =SUM(J9:J12) -> 21.6517 | ... FO26: =SUM(FO9:FO12) -> 33.630533
B27: Total oxylipins issued from DGLA cascade | C27: =SUM(#REF!) -> #REF! | D27: =SUM(#REF!) -> #REF! | E27: =SUM(#REF!) -> #REF! | F27: =SUM(#REF!) -> #REF! | G27: =SUM(#REF!) -> #REF! | H27: =SUM(#REF!) -> #REF! | I27: =SUM(#REF!) -> #REF! | J27: =SUM(#REF!) -> #REF! | ... FO27: =SUM(#REF!) -> #REF!
B28: Total oxylipins issued from AA cascade | C28: =SUM(C15:C16) -> 96.875467 | D28: =SUM(D15:D16) -> 118.98988 | E28: =SUM(E15:E16) -> 125.0451 | F28: =SUM(F15:F16) -> 157.93963 | G28: =SUM(G15:G16) -> 174.42695 | H28: =SUM(H15:H16) -> 194.51087 | I28: =SUM(I15:I16) -> 94.294667 | J28: =SUM(J15:J16) -> 50.037817 | ... FO28: =SUM(FO15:FO16) -> 28.8748
B29: Total oxylipins issued from alpha-LA cascade | C29: =SUM(C18:C18) -> 0.79061667 | D29: =SUM(D18:D18) -> 0.85391667 | E29: =SUM(E18:E18) -> 0.40045 | F29: =SUM(F18:F18) -> 2.1096 | G29: =SUM(G18:G18) -> 1.3896 | H29: =SUM(H18:H18) -> 0.5676 | I29: =SUM(I18:I18) -> 1.3167167 | J29: =SUM(J18:J18) -> 0.56136667 | ... FO29: =SUM(FO18:FO18) -> 0.82583333
B30: Total oxylipins issued from EPA cascade | C30: =SUM(C20:C20) -> 0 | D30: =SUM(D20:D20) -> 0.11438333 | E30: =SUM(E20:E20) -> 0 | F30: =SUM(F20:F20) -> 0.26216667 | G30: =SUM(G20:G20) -> 0.23558333 | H30: =SUM(H20:H20) -> 0.14326667 | I30: =SUM(I20:I20) -> 1.3614167 | J30: =SUM(J20:J20) -> 0.30045 | ... FO30: =SUM(FO20:FO20) -> 0
B31: Total oxylipins issued from DHA cascade | C31: =SUM(C22:C22) -> 2.5767 | D31: =SUM(D22:D22) -> 4.1894833 | E31: =SUM(E22:E22) -> 0.94011667 | F31: =SUM(F22:F22) -> 2.8106 | G31: =SUM(G22:G22) -> 3.8370833 | H31: =SUM(H22:H22) -> 4.9248 | I31: =SUM(I22:I22) -> 7.7584667 | J31: =SUM(J22:J22) -> 4.0750167 | ... FO31: =SUM(FO22:FO22) -> 1.9704167
B32: Total | C32: =SUM(C26:C31) -> #REF! | D32: =SUM(D26:D31) -> #REF! | E32: =SUM(E26:E31) -> #REF! | F32: =SUM(F26:F31) -> #REF! | G32: =SUM(G26:G31) -> #REF! | H32: =SUM(H26:H31) -> #REF! | I32: =SUM(I26:I31) -> #REF! | J32: =SUM(J26:J31) -> #REF! | ... FO32: =SUM(FO26:FO31) -> #REF!

Sheet Feuil3
B1: Absolute quantification of enzymatic oxyilipins profil with HPLC-QqQ
B4: Matrix: | E4: Fluid
B5: Normalize: | E5: Volume
B7: ='Raw Datas'!A55 -> pg/µL of fluid | E7: ='Raw Datas'!C1 -> KT-312D10 | F7: ='Raw Datas'!D1 -> BS-364D0 | G7: ='Raw Datas'!E1 -> KT-412D60 | H7: ='Raw Datas'!F1 -> KT-974D03 | I7: ='Raw Datas'!G1 -> JV-138D0 | J7: ='Raw Datas'!H1 -> BS-671D03 | K7: ='Raw Datas'!I1 -> KT-723D10 | L7: ='Raw Datas'!J1 -> KT-705D60 | ... FQ7: ='Raw Datas'!FO1 -> KT-974D60
A8: Precursor
B9: 8,9-EET | C9: FA 20:4;O(5Z,11Z,14Z) | E9: ='Raw Datas'!C67 -> 0.76226667 | F9: ='Raw Datas'!D67 -> 2.2586333 | G9: ='Raw Datas'!E67 -> 0 | H9: ='Raw Datas'!F67 -> 2.6011333 | I9: ='Raw Datas'!G67 -> 0.82863333 | J9: ='Raw Datas'!H67 -> 1.5406 | K9: ='Raw Datas'!I67 -> 2.9791 | L9: ='Raw Datas'!J67 -> 1.6943 | ... FQ9: ='Raw Datas'!FO67 -> 0
B10: 5-HETE | C10: FA 20:4;O(6E,8Z,11Z,14Z) | E10: ='Raw Datas'!C70 -> 96.875467 | F10: ='Raw Datas'!D70 -> 118.98988 | G10: ='Raw Datas'!E70 -> 125.0451 | H10: ='Raw Datas'!F70 -> 156.1364 | I10: ='Raw Datas'!G70 -> 173.93033 | J10: ='Raw Datas'!H70 -> 193.97865 | K10: ='Raw Datas'!I70 -> 93.744783 | L10: ='Raw Datas'!J70 -> 49.4655 | ... FQ10: ='Raw Datas'!FO70 -> 28.531367
B11: 8-HETE | C11: FA 20:4;O(5Z,9E,11Z,14Z) | E11: ='Raw Datas'!C71 -> 5.12275 | F11: ='Raw Datas'!D71 -> 11.544283 | G11: ='Raw Datas'!E71 -> 3.94405 | H11: ='Raw Datas'!F71 -> 11.911617 | I11: ='Raw Datas'!G71 -> 7.9660833 | J11: ='Raw Datas'!H71 -> 12.4113 | K11: ='Raw Datas'!I71 -> 13.142167 | L11: ='Raw Datas'!J71 -> 7.8844667 | ... FQ11: ='Raw Datas'!FO71 -> 2.1349833
B12: 12-HETE | C12: FA 20:4;O(5Z,8Z,10E,14Z) | E12: ='Raw Datas'!C72 -> 208.29615 | F12: ='Raw Datas'!D72 -> 954.27485 | G12: ='Raw Datas'!E72 -> 138.65638 | H12: ='Raw Datas'!F72 -> 927.74048 | I12: ='Raw Datas'!G72 -> 399.92992 | J12: ='Raw Datas'!H72 -> 444.51615 | K12: ='Raw Datas'!I72 -> 1101.6004 | L12: ='Raw Datas'!J72 -> 594.95652 | ... FQ12: ='Raw Datas'!FO72 -> 216.58352
B13: 15-HETE | C13: FA 20:4;O(5E,8Z,11Z,13Z) | E13: ='Raw Datas'!C73 -> 2.6258167 | F13: ='Raw Datas'!D73 -> 7.1347 | G13: ='Raw Datas'!E73 -> 1.6251 | H13: ='Raw Datas'!F73 -> 7.2202 | I13: ='Raw Datas'!G73 -> 4.51385 | J13: ='Raw Datas'!H73 -> 6.99615 | K13: ='Raw Datas'!I73 -> 8.9310167 | L13: ='Raw Datas'!J73 -> 5.3078 | ... FQ13: ='Raw Datas'!FO73 -> 3.4712333
B14: PGF2a | C14: FA 20:3;O3 | D14: Prostaglandin F2alpha | E14: ='Raw Datas'!C81 -> 0.81108333 | F14: ='Raw Datas'!D81 -> 3.1465167 | G14: ='Raw Datas'!E81 -> 0 | H14: ='Raw Datas'!F81 -> 11.769667 | I14: ='Raw Datas'!G81 -> 1.95355 | J14: ='Raw Datas'!H81 -> 2.0054833 | K14: ='Raw Datas'!I81 -> 5.8764333 | L14: ='Raw Datas'!J81 -> 6.9467 | ... FQ14: ='Raw Datas'!FO81 -> 2.4813667
B15: 9-HOTrE | C15: FA 18:3;O | D15: ='Raw Datas'!C87 -> 0.28581667 | E15: ='Raw Datas'!D87 -> 0.2091 | F15: ='Raw Datas'!E87 -> 0.2396 | G15: ='Raw Datas'!F87 -> 2.0031667 | H15: ='Raw Datas'!G87 -> 0.40756667 | I15: ='Raw Datas'!H87 -> 0.23085 | J15: ='Raw Datas'!I87 -> 0.10843333 | K15: ='Raw Datas'!J87 -> 0.078516667 | ... FP15: ='Raw Datas'!FO87 -> 0.7863
A16: Docosahexaenoic acid C22:6ꙍ3 | B16: 14-HDHA | C16: FA 22:6;O(4Z,7Z,10Z,12E,16Z,19Z) | E16: ='Raw Datas'!C94 -> 60.11 | F16: ='Raw Datas'!D94 -> 223.86982 | G16: ='Raw Datas'!E94 -> 28.000933 | H16: ='Raw Datas'!F94 -> 162.6376 | I16: ='Raw Datas'!G94 -> 122.10465 | J16: ='Raw Datas'!H94 -> 143.1937 | K16: ='Raw Datas'!I94 -> 551.66067 | L16: ='Raw Datas'!J94 -> 214.54028 | ... FQ16: ='Raw Datas'!FO94 -> 78.768317
B17: 17-HDHA | C17: FA 22:6;O(4Z,7Z,10Z,13Z,15E,19Z) | E17: ='Raw Datas'!C95 -> 2.5767 | F17: ='Raw Datas'!D95 -> 4.1894833 | G17: ='Raw Datas'!E95 -> 0.94011667 | H17: ='Raw Datas'!F95 -> 2.8106 | I17: ='Raw Datas'!G95 -> 3.8370833 | J17: ='Raw Datas'!H95 -> 4.9248 | K17: ='Raw Datas'!I95 -> 7.7584667 | L17: ='Raw Datas'!J95 -> 4.0750167 | ... FQ17: ='Raw Datas'!FO95 -> 1.9704167
B20: =B7 -> pg/µL of fluid | E20: =E7 -> KT-312D10 | F20: =F7 -> BS-364D0 | G20: =G7 -> KT-412D60 | H20: =H7 -> KT-974D03 | I20: =I7 -> JV-138D0 | J20: =J7 -> BS-671D03 | K20: =K7 -> KT-723D10 | L20: =L7 -> KT-705D60 | ... FQ20: =FQ7 -> KT-974D60
B21: Total oxylipins issued from LA cascade | E21: =SUM(#REF!) -> #REF! | F21: =SUM(#REF!) -> #REF! | G21: =SUM(#REF!) -> #REF! | H21: =SUM(#REF!) -> #REF! | I21: =SUM(#REF!) -> #REF! | J21: =SUM(#REF!) -> #REF! | K21: =SUM(#REF!) -> #REF! | L21: =SUM(#REF!) -> #REF! | ... FQ21: =SUM(#REF!) -> #REF!
B22: Total oxylipins issued from DGLA cascade | E22: =SUM(#REF!) -> #REF! | F22: =SUM(#REF!) -> #REF! | G22: =SUM(#REF!) -> #REF! | H22: =SUM(#REF!) -> #REF! | I22: =SUM(#REF!) -> #REF! | J22: =SUM(#REF!) -> #REF! | K22: =SUM(#REF!) -> #REF! | L22: =SUM(#REF!) -> #REF! | ... FQ22: =SUM(#REF!) -> #REF!
B23: Total oxylipins issued from AA cascade | E23: =SUM(E9:E14) -> 314.49353 | F23: =SUM(F9:F14) -> 1097.3489 | G23: =SUM(G9:G14) -> 269.27063 | H23: =SUM(H9:H14) -> 1117.3795 | I23: =SUM(I9:I14) -> 589.12237 | J23: =SUM(J9:J14) -> 661.44833 | K23: =SUM(K9:K14) -> 1226.2739 | L23: =SUM(L9:L14) -> 666.25528 | ... FQ23: =SUM(FQ9:FQ14) -> 253.20247
B24: Total oxylipins issued from alpha-LA cascade | E24: =SUM(#REF!) -> #REF! | F24: =SUM(#REF!) -> #REF! | G24: =SUM(#REF!) -> #REF! | H24: =SUM(#REF!) -> #REF! | I24: =SUM(#REF!) -> #REF! | J24: =SUM(#REF!) -> #REF! | K24: =SUM(#REF!) -> #REF! | L24: =SUM(#REF!) -> #REF! | ... FQ24: =SUM(#REF!) -> #REF!
B25: Total oxylipins issued from EPA cascade | E25: =SUM(#REF!) -> #REF! | F25: =SUM(#REF!) -> #REF! | G25: =SUM(#REF!) -> #REF! | H25: =SUM(#REF!) -> #REF! | I25: =SUM(#REF!) -> #REF! | J25: =SUM(#REF!) -> #REF! | K25: =SUM(#REF!) -> #REF! | L25: =SUM(#REF!) -> #REF! | ... FQ25: =SUM(#REF!) -> #REF!
B26: Total oxylipins issued from DHA cascade | E26: =SUM(E16:E17) -> 62.6867 | F26: =SUM(F16:F17) -> 228.0593 | G26: =SUM(G16:G17) -> 28.94105 | H26: =SUM(H16:H17) -> 165.4482 | I26: =SUM(I16:I17) -> 125.94173 | J26: =SUM(J16:J17) -> 148.1185 | K26: =SUM(K16:K17) -> 559.41913 | L26: =SUM(L16:L17) -> 218.6153 | ... FQ26: =SUM(FQ16:FQ17) -> 80.738733
B27: Total | E27: =SUM(E21:E26) -> #REF! | F27: =SUM(F21:F26) -> #REF! | G27: =SUM(G21:G26) -> #REF! | H27: =SUM(H21:H26) -> #REF! | I27: =SUM(I21:I26) -> #REF! | J27: =SUM(J21:J26) -> #REF! | K27: =SUM(K21:K26) -> #REF! | L27: =SUM(L21:L26) -> #REF! | ... FQ27: =SUM(FQ21:FQ26) -> #REF!

Sheet Raw Datas
A1: Sample name | C1: KT-312D10 | D1: BS-364D0 | E1: KT-412D60 | F1: KT-974D03 | G1: JV-138D0 | H1: BS-671D03 | I1: KT-723D10 | J1: KT-705D60 | K1: KT-434D03 | L1: BS-082D60 | M1: BS-064D0 | N1: BS-336D10 | O1: KT-723D60 | P1: KT-612D10 | Q1: KT-705D03 | R1: JV-157D0 | S1: JV-148D60 | T1: KT-663D0 | U1: BS-346D03 | V1: JV-048D10 | W1: BS-351D0 | X1: JV-148D10 | Y1: KT-929D60 | Z1: BS-336D03 | AA1: KT-771D10 | AB1: KT-695D03 | AC1: KT-612D0 | AD1: KT-312D60 | AE1: KT-927D03 | AF1: JV-071D60 | AG1: KT-193D10 | AH1: KT-247D0 | AI1: BS-064D03 | AJ1: KT-537D60 | AK1: BS-377D0 | AL1: KT-347D10 | AM1: JV-138D60 | AN1: JV-138D10 | AO1: KT-247D03 | AP1: KT-718D0 | AQ1: BS-082D10 | AR1: KT-445D0 | AS1: KT-716D60 | AT1: KT-347D03 | AU1: KT-805D0 | AV1: BS-351D03 | AW1: KT-538D10 | AX1: JV-035D60 | AY1: KT-718D03 | AZ1: KT-723D0 | BA1: KT-515D10 | BB1: KT-412D03 | BC1: KT-313D10 | BD1: BS-377D60 | BE1: KT-417D0 | BF1: KT-412D10 | BG1: KT-515D0 | BH1: JV-148D03 | BI1: KT-313D0 | BJ1: KT-445D60 | BK1: KT-434D10 | BL1: BS-082D03 | BM1: KT-880D03 | BN1: KT-247D60 | BO1: KT-705D10 | BP1: BS-082D0 | BQ1: JV-157D60 | BR1: KT-312D0 | BS1: KT-445D03 | BT1: BS-377D10 | BU1: KT-695D0 | BV1: BS-351D10 | BW1: KT-417D60 | BX1: JV-138D03 | BY1: KT-805D10 | BZ1: JV-048D03 | CA1: KT-705D0 | CB1: BS-671D60 | CC1: JV-157D03 | CD1: KT-974D0 | CE1: BS-364D60 | CF1: KT-716D10 | CG1: KT-538D0 | CH1: KT-718D10 | CI1: KT-538D03 | CJ1: KT-805D60 | CK1: KT-612D60 | CL1: KT-926D0 | CM1: KT-193D03 | CN1: KT-663D60 | CO1: KT-352D03 | CP1: KT-537D10 | CQ1: JV-035D0 | CR1: KT-522D60 | CS1: KT-352D10 | CT1: KT-716D03 | CU1: KT-716D0 | CV1: BS-346D10 | CW1: KT-347D0 | CX1: BS-336D60 | CY1: KT-515D03 | CZ1: KT-352D0 | DA1: KT-771D03 | DB1: BS-364D10 | DC1: BS-064D60 | DD1: KT-723D03 | DE1: KT-538D60 | DF1: KT-193D0 | DG1: KT-445D10 | DH1: KT-771D0 | DI1: KT-247D10 | DJ1: KT-515D60 | DK1: JV-071D03 | DL1: KT-525D10 | DM1: KT-522D03 | DN1: KT-525D0 | DO1: BS-346D60 | DP1: KT-525D03 | DQ1: KT-771D60 | DR1: KT-417D10 | DS1: JV-048D0 | DT1: KT-539D60 | DU1: KT-880D0 | DV1: KT-805D03 | DW1: KT-565D10 | DX1: BS-351D60 | DY1: KT-663D03 | DZ1: KT-695D10 | EA1: KT-539D0 | EB1: KT-539D03 | EC1: BS-671D0 | ED1: KT-313D60 | EE1: BS-064D10 | EF1: BS-346D0 | EG1: KT-522D10 | EH1: KT-565D03 | EI1: KT-695D60 | EJ1: KT-928D10 | EK1: KT-347D60 | EL1: KT-522D0 | EM1: BS-364D03 | EN1: KT-352D60 | EO1: JV-157D10 | EP1: KT-565D0 | EQ1: KT-612D03 | ER1: KT-974D10 | ES1: KT-537D03 | ET1: KT-718D60 | EU1: JV-071D0 | EV1: KT-312D03 | EW1: BS-336D0 | EX1: KT-880D10 | EY1: KT-193D60 | EZ1: JV-148D0 | FA1: KT-434D60 | FB1: KT-417D03 | FC1: KT-663D10 | FD1: KT-525D60 | FE1: KT-539D10 | FF1: KT-537D0 | FG1: KT-313D03 | FH1: JV-035D10 | FI1: BS-377D03 | FJ1: KT-880D60 | FK1: KT-434D0 | FL1: JV-035D03 | FM1: KT-412D0 | FN1: BS-671D10 | FO1: KT-974D60
C2: 241008GMI_oxy_011_29 | D2: 241008GMI_oxy_033_51 | E2: 241009GMI_oxy_136_151 | F2: 241009GMI_oxy_108_123 | G2: 241008GMI_oxy_068_84 | H2: 241008GMI_oxy_064_80 | I2: 241008GMI_oxy_041_59 | J2: 241008GMI_oxy_010_28 | K2: 241009GMI_oxy_154_169 | L2: 241008GMI_oxy_024bis_188 | M2: 241008GMI_oxy_012_30 | N2: 241009GMI_oxy_103_118 | O2: 241009GMI_oxy_137_152 | P2: 241008GMI_oxy_019_37 | Q2: 241009GMI_oxy_101_116 | R2: 241009GMI_oxy_120_135 | S2: 241008GMI_oxy_021_39 | T2: 241008GMI_oxy_046_64 | U2: 241008GMI_oxy_074_90 | V2: 241009GMI_oxy_129_144 | W2: 241008GMI_oxy_002_20 | X2: 241009GMI_oxy_144_159 | Y2: 241009GMI_oxy_107_122 | Z2: 241008GMI_oxy_083_99 | AA2: 241008GMI_oxy_035_53 | AB2: 241009GMI_oxy_166_181 | AC2: 241008GMI_oxy_072_88 | AD2: 241008GMI_oxy_055_72 | AE2: 241009GMI_oxy_134_149 | AF2: 241008GMI_oxy_006_24 | AG2: 241009GMI_oxy_171_186 | AH2: 241008GMI_oxy_080_96 | AI2: 241008GMI_oxy_096_111 | AJ2: 241009GMI_oxy_169_184 | AK2: 241009GMI_oxy_165_180 | AL2: 241008GMI_oxy_049_66 | AM2: 241009GMI_oxy_124_139 | AN2: 241008GMI_oxy_078_94 | AO2: 241008GMI_oxy_020_38 | AP2: 241009GMI_oxy_152_167 | AQ2: 241009GMI_oxy_116_131 | AR2: 241008GMI_oxy_030_48 | AS2: 241008GMI_oxy_005_23 | AT2: 241008GMI_oxy_076_92 | AU2: 241008GMI_oxy_038_56 | AV2: 241008GMI_oxy_037_55 | AW2: 241009GMI_oxy_157_172 | AX2: 241008GMI_oxy_059_76 | AY2: 241008GMI_oxy_022_40 | AZ2: 241008GMI_oxy_017_35 | BA2: 241008GMI_oxy_016_34 | BB2: 241008GMI_oxy_081_97 | BC2: 241009GMI_oxy_146_161 | BD2: 241008GMI_oxy_069_85 | BE2: 241009GMI_oxy_111_126 | BF2: 241008GMI_oxy_092_107 | BG2: 241008GMI_oxy_031_49 | BH2: 241009GMI_oxy_156_171 | BI2: 241008GMI_oxy_032 | BJ2: 241008GMI_oxy_039_57 | BK2: 241009GMI_oxy_114_129 | BL2: 241008GMI_oxy_066_82 | BM2: 241008GMI_oxy_070_86 | BN2: 241009GMI_oxy_153_168 | BO2: 241008GMI_oxy_001_19 | BP2: 241008GMI_oxy_028_46 | BQ2: 241008GMI_oxy_061_77 | BR2: 241009GMI_oxy_164_179 | BS2: 241008GMI_oxy_054_71 | BT2: 241009GMI_oxy_135_150 | BU2: 241009GMI_oxy_102_117 | BV2: 241008GMI_oxy_044_62 | BW2: 241008GMI_oxy_036_54 | BX2: 241009GMI_oxy_142_157 | BY2: 241009GMI_oxy_105_120 | BZ2: 241008GMI_oxy_094_109 | CA2: 241009GMI_oxy_098_113 | CB2: 241009GMI_oxy_145_160 | CC2: 241009GMI_oxy_170_185 | CD2: 241008GMI_oxy_053_70 | CE2: 241008GMI_oxy_057_74 | CF2: 241008GMI_oxy_003_21 | CG2: 241008GMI_oxy_056_73 | CH2: 241009GMI_oxy_159_174 | CI2: 241009GMI_oxy_123_138 | CJ2: 241008GMI_oxy_075_91 | CK2: 241009GMI_oxy_168_183 | CL2: 241008GMI_oxy_009_27 | CM2: 241008GMI_oxy_063_79 | CN2: 241009GMI_oxy_158_173 | CO2: 241008GMI_oxy_042_60 | CP2: 241008GMI_oxy_071_87 | CQ2: 241009GMI_oxy_112_127 | CR2: 241008GMI_oxy_062_78 | CS2: 241008GMI_oxy_058_75 | CT2: 241009GMI_oxy_104_119 | CU2: 241008GMI_oxy_052_69 | CV2: 241009GMI_oxy_115_130 | CW2: 241009GMI_oxy_143_158 | CX2: 241009GMI_oxy_118_133 | CY2: 241009GMI_oxy_138_153 | CZ2: 241008GMI_oxy_097_112 | DA2: 241009GMI_oxy_119_134 | DB2: 241009GMI_oxy_121_136 | DC2: 241009GMI_oxy_117_132 | DD2: 241009GMI_oxy_161_176 | DE2: 241009GMI_oxy_163_178 | DF2: 241009GMI_oxy_150_165 | DG2: 241008GMI_oxy_095_110 | DH2: 241008GMI_oxy_034_52 | DI2: 241008GMI_oxy_085_101 | DJ2: 241008GMI_oxy_087_103 | DK2: 241008GMI_oxy_047_65 | DL2: 241009GMI_oxy_110_125 | DM2: 241009GMI_oxy_132_147 | DN2: 241009GMI_oxy_133_148 | DO2: 241009GMI_oxy_162_177 | DP2: 241009GMI_oxy_125_140 | DQ2: 241009GMI_oxy_147_162 | DR2: 241009GMI_oxy_139_154 | DS2: 241009GMI_oxy_128_143 | DT2: 241008GMI_oxy_027_45 | DU2: 241009GMI_oxy_148_163 | DV2: 241008GMI_oxy_014_32 | DW2: 241008GMI_oxy_090_105 | DX2: 241008GMI_oxy_018_36 | DY2: 241009GMI_oxy_130_145 | DZ2: 241009GMI_oxy_160_175 | EA2: 241008GMI_oxy_093_108 | EB2: 241008GMI_oxy_073_89 | EC2: 241008GMI_oxy_026_44 | ED2: 241009GMI_oxy_131_146 | EE2: 241009GMI_oxy_140_155 | EF2: 241008GMI_oxy_079_95 | EG2: 241008GMI_oxy_015_33 | EH2: 241008GMI_oxy_067_83 | EI2: 241008GMI_oxy_008_26 | EJ2: 241009GMI_oxy_100_115 | EK2: 241009GMI_oxy_099_114 | EL2: 241008GMI_oxy_084_100 | EM2: 241008GMI_oxy_043_61 | EN2: 241008GMI_oxy_040_58 | EO2: 241008GMI_oxy_050_67 | EP2: 241008GMI_oxy_086_102 | EQ2: 241009GMI_oxy_151_166 | ER2: 241008GMI_oxy_051_68 | ES2: 241009GMI_oxy_109_124 | ET2: 241008GMI_oxy_007_25 | EU2: 241008GMI_oxy_013_31 | EV2: 241009GMI_oxy_113_128 | EW2: 241009GMI_oxy_106_121 | EX2: 241008GMI_oxy_025_43 | EY2: 241009GMI_oxy_122_137 | EZ2: 241008GMI_oxy_045_63 | FA2: 241009GMI_oxy_127_142 | FB2: 241008GMI_oxy_077_93 | FC2: 241008GMI_oxy_088_104 | FD2: 241009GMI_oxy_126_141 | FE2: 241008GMI_oxy_065_81 | FF2: 241009GMI_oxy_155_170 | FG2: 241009GMI_oxy_167_182 | FH2: 241008GMI_oxy_091_106 | FI2: 241008GMI_oxy_029_47 | FJ2: 241009GMI_oxy_141_156 | FK2: 241008GMI_oxy_023_41 | FL2: 241008GMI_oxy_082_98 | FM2: 241008GMI_oxy_004_22 | FN2: 241009GMI_oxy_149_164 | FO2: 241009GMI_oxy_172_187
A3: 9-HODE | C3: 89.1917 | D3: 128.9854 | E3: 65.0814 | F3: 537.351 | G3: 215.1459 | H3: 164.8993 | I3: 84.7739 | J3: 44.5104 | K3: 172.0578 | L3: 421.1112 | M3: 68.9659 | N3: 204.206 | O3: 137.4288 | P3: 271.7701 | Q3: 484.7874 | R3: 2378.7011 | S3: 207.3824 | T3: 110.6282 | U3: 160.9335 | V3: 127.6316 | W3: 196.4404 | X3: 117.1816 | Y3: 153.6918 | Z3: 1979.7331 | AA3: 128.1907 | AB3: 151.4351 | AC3: 105.8734 | AD3: 114.8253 | AE3: 67.7669 | AF3: 182.92 | AG3: 624.1813 | AH3: 134.025 | AI3: 536.3877 | AJ3: 229.1465 | AK3: 97.8534 | AL3: 256.2922 | AM3: 700.7812 | AN3: 162.0704 | AO3: 50.7274 | AP3: 193.8357 | AQ3: 472.8055 | AR3: 73.2979 | AS3: 741.0535 | AT3: 503.6817 | AU3: 22.6445 | AV3: 24.8632 | AW3: 68.7651 | AX3: 100.7081 | AY3: 130.0608 | AZ3: 39.0718 | BA3: 140.5757 | BB3: 84.6964 | BC3: 70.3095 | BD3: 108.1353 | BE3: 147.7683 | BF3: 687.3891 | BG3: 38.1479 | BH3: 577.6908 | BI3: 1375.1399 | BJ3: 1828.3126 | BK3: 355.4328 | BL3: 8921.0722 | BM3: 3963.4912 | BN3: 6845.8945 | BO3: 9760.0952 | BP3: 5180.9059 | BQ3: 507.0801 | BR3: 101.8388 | BS3: 5462.2745 | BT3: 1822.6614 | BU3: 905.6078 | BV3: 777.4113 | BW3: 429.635 | BX3: 94.8168 | BY3: 819.0917 | BZ3: 488.8834 | CA3: 562.0182 | CB3: 167.0952 | CC3: 150.3503 | CD3: 155.4842 | CE3: 1180.6699 | CF3: 94.5886 | CG3: 208.5813 | CH3: 155.545 | CI3: 445.3258 | CJ3: 74.8337 | CK3: 129.7043 | CL3: 253.3493 | CM3: 120.4687 | CN3: 97.3703 | CO3: 66.5979 | CP3: 247.9415 | CQ3: 251.9559 | CR3: 376.2054 | CS3: 67.8315 | CT3: 284.1973 | CU3: 159.972 | CV3: 67.4066 | CW3: 198.8502 | CX3: 131.3243 | CY3: 82.2239 | CZ3: 38.1526 | DA3: 60.0175 | DB3: 227.4722 | DC3: 185.4338 | DD3: 127.9991 | DE3: 129.4753 | DF3: 246.1429 | DG3: 337.337 | DH3: 36.6114 | DI3: 159.433 | DJ3: 722.8819 | DK3: 789.7284 | DL3: 71.8114 | DM3: 168.8149 | DN3: 427.2177 | DO3: 197.9233 | DP3: 125.4175 | DQ3: 224.8991 | DR3: 101.4976 | DS3: 88.5629 | DT3: 57.5061 | DU3: 698.996 | DV3: 102.1659 | DW3: 202.1081 | DX3: 64.7279 | DY3: 132.2161 | DZ3: 201.9643 | EA3: 107.8334 | EB3: 198.6994 | EC3: 139.1768 | ED3: 126.1189 | EE3: 52.1968 | EF3: 243.1417 | EG3: 205.7021 | EH3: 152.744 | EI3: 42.4093 | EJ3: 207.4159 | EK3: 185.0866 | EL3: 164.1111 | EM3: 415.6494 | EN3: 337.9671 | EO3: 259.2417 | EP3: 298.9935 | EQ3: 71.8344 | ER3: 66.6856 | ES3: 113.7729 | ET3: 142.157 | EU3: 147.9041 | EV3: 167.0961 | EW3: 153.223 | EX3: 115.8508 | EY3: 352.7245 | EZ3: 244.4528 | FA3: 69.424 | FB3: 88.039 | FC3: 221.2469 | FD3: 78.7688 | FE3: 95.5945 | FF3: 132.9813 | FG3: 65.2637 | FH3: 142.2039 | FI3: 239.8661 | FJ3: 182.4669 | FK3: 79.2657 | FL3: 123.3699 | FM3: 81.9231 | FN3: 83.6865 | FO3: 107.3845
A4: 10-HODE | C4: 0 | D4: 0 | E4: 0 | F4: 0 | G4: 0 | H4: 0 | I4: 0 | J4: 0 | K4: 0 | L4: 0 | M4: 0 | N4: 0 | O4: 0 | P4: 0 | Q4: 0 | R4: 0 | S4: 0 | T4: 0 | U4: 0 | V4: 0 | W4: 0 | X4: 0 | Y4: 0 | Z4: 0 | AA4: 0 | AB4: 0 | AC4: 0 | AD4: 0 | AE4: 0 | AF4: 0 | AG4: 0 | AH4: 0 | AI4: 0 | AJ4: 0 | AK4: 0 | AL4: 0 | AM4: 0 | AN4: 0 | AO4: 0 | AP4: 0 | AQ4: 0 | AR4: 0 | AS4: 0 | AT4: 0 | AU4: 0 | AV4: 0 | AW4: 0 | AX4: 0 | AY4: 0 | AZ4: 0 | BA4: 0 | BB4: 0 | BC4: 0 | BD4: 0 | BE4: 0 | BF4: 0 | BG4: 0 | BH4: 0 | BI4: 0 | BJ4: 0 | BK4: 0 | BL4: 0 | BM4: 0 | BN4: 0 | BO4: 0 | BP4: 0 | BQ4: 0 | BR4: 0 | BS4: 0 | BT4: 0 | BU4: 0 | BV4: 0 | BW4: 0 | BX4: 0 | BY4: 0 | BZ4: 0 | CA4: 0 | CB4: 0 | CC4: 0 | CD4: 0 | CE4: 0 | CF4: 0 | CG4: 0 | CH4: 0 | CI4: 0 | CJ4: 0 | CK4: 0 | CL4: 0 | CM4: 0 | CN4: 0 | CO4: 0 | CP4: 0 | CQ4: 0 | CR4: 0 | CS4: 0 | CT4: 0 | CU4: 0 | CV4: 0 | CW4: 0 | CX4: 0 | CY4: 0 | CZ4: 0 | DA4: 0 | DB4: 0 | DC4: 0 | DD4: 0 | DE4: 0 | DF4: 0 | DG4: 0 | DH4: 0 | DI4: 0 | DJ4: 0 | DK4: 0 | DL4: 0 | DM4: 0 | DN4: 0 | DO4: 0 | DP4: 0 | DQ4: 0 | DR4: 0 | DS4: 0 | DT4: 0 | DU4: 0 | DV4: 0 | DW4: 0 | DX4: 0 | DY4: 0 | DZ4: 0 | EA4: 0 | EB4: 0 | EC4: 0 | ED4: 0 | EE4: 0 | EF4: 0 | EG4: 0 | EH4: 0 | EI4: 0 | EJ4: 0 | EK4: 0 | EL4: 0 | EM4: 0 | EN4: 0 | EO4: 0 | EP4: 0 | EQ4: 0 | ER4: 0 | ES4: 0 | ET4: 0 | EU4: 0 | EV4: 0 | EW4: 0 | EX4: 0 | EY4: 0 | EZ4: 0 | FA4: 0 | FB4: 0 | FC4: 0 | FD4: 0 | FE4: 0 | FF4: 0 | FG4: 0 | FH4: 0 | FI4: 0 | FJ4: 0 | FK4: 0 | FL4: 0 | FM4: 0 | FN4: 0 | FO4: 0
A5: 13-HODE | C5: 163.94 | D5: 283.5172 | E5: 82.4391 | F5: 648.0069 | G5: 280.8184 | H5: 201.1484 | I5: 286.4847 | J5: 116.5076 | K5: 522.9376 | L5: 403.1277 | M5: 211.8748 | N5: 250.3494 | O5: 245.3249 | P5: 427.5278 | Q5: 759.0148 | R5: 2848.8486 | S5: 601.1357 | T5: 138.6104 | U5: 229.5864 | V5: 372.8816 | W5: 334.7468 | X5: 139.2297 | Y5: 553.7716 | Z5: 2165.6591 | AA5: 263.2015 | AB5: 366.7788 | AC5: 154.7825 | AD5: 196.5932 | AE5: 138.7683 | AF5: 158.3846 | AG5: 630.6031 | AH5: 259.6205 | AI5: 539.7634 | AJ5: 528.1038 | AK5: 168.4484 | AL5: 320.9353 | AM5: 930.6487 | AN5: 306.3394 | AO5: 171.3399 | AP5: 214.6075 | AQ5: 1638.2603 | AR5: 127.2822 | AS5: 786.8425 | AT5: 461.3157 | AU5: 38.3473 | AV5: 58.9913 | AW5: 105.8143 | AX5: 153.8522 | AY5: 192.669 | AZ5: 72.7437 | BA5: 192.0079 | BB5: 141.3323 | BC5: 172.3913 | BD5: 142.6289 | BE5: 302.3007 | BF5: 928.2137 | BG5: 96.7499 | BH5: 793.984 | BI5: 1766.582 | BJ5: 2731.7505 | BK5: 685.1311 | BL5: 8917.6133 | BM5: 3729.8526 | BN5: 7706.5734 | BO5: 12136.489 | BP5: 5415.7138 | BQ5: 681.4105 | BR5: 127.7087 | BS5: 6148.9087 | BT5: 1905.9586 | BU5: 1082.7887 | BV5: 851.0798 | BW5: 622.249 | BX5: 176.1838 | BY5: 940.5887 | BZ5: 585.5219 | CA5: 732.4642 | CB5: 161.8287 | CC5: 290.428 | CD5: 253.0676 | CE5: 1510.8676 | CF5: 192.0368 | CG5: 375.2751 | CH5: 273.746 | CI5: 457.9438 | CJ5: 105.9204 | CK5: 147.909 | CL5: 277.8046 | CM5: 196.614 | CN5: 236.3143 | CO5: 153.9046 | CP5: 382.9845 | CQ5: 372.7332 | CR5: 427.4227 | CS5: 155.0962 | CT5: 475.2068 | CU5: 210.7923 | CV5: 199.5108 | CW5: 551.4888 | CX5: 268.1773 | CY5: 118.6448 | CZ5: 84.9895 | DA5: 170.8423 | DB5: 329.0451 | DC5: 295.5804 | DD5: 293.0441 | DE5: 183.4172 | DF5: 324.9747 | DG5: 337.3315 | DH5: 73.105 | DI5: 334.3666 | DJ5: 905.2216 | DK5: 590.1559 | DL5: 89.1145 | DM5: 488.5388 | DN5: 542.0589 | DO5: 369.2984 | DP5: 249.3275 | DQ5: 363.0902 | DR5: 365.0614 | DS5: 155.0415 | DT5: 131.5369 | DU5: 802.1192 | DV5: 210.437 | DW5: 278.9902 | DX5: 125.555 | DY5: 382.5559 | DZ5: 336.9306 | EA5: 253.8527 | EB5: 324.7041 | EC5: 168.3796 | ED5: 257.0702 | EE5: 88.7612 | EF5: 318.5322 | EG5: 311.5517 | EH5: 160.8274 | EI5: 93.5541 | EJ5: 411.6148 | EK5: 195.6145 | EL5: 232.3181 | EM5: 360.0047 | EN5: 439.8856 | EO5: 298.4762 | EP5: 338.706 | EQ5: 143.1952 | ER5: 164.051 | ES5: 171.8006 | ET5: 146.4118 | EU5: 258.2147 | EV5: 222.4248 | EW5: 212.5493 | EX5: 391.5945 | EY5: 855.7102 | EZ5: 494.7787 | FA5: 140.8689 | FB5: 125.2588 | FC5: 266.4387 | FD5: 120.0809 | FE5: 161.002 | FF5: 201.6432 | FG5: 120.9406 | FH5: 286.9066 | FI5: 236.1216 | FJ5: 380.333 | FK5: 403.0753 | FL5: 496.2049 | FM5: 399.7365 | FN5: 539.3918 | FO5: 174.5205
A6: 9,10-DiHOME | C6: 11.8221 | D6: 16.9206 | E6: 27.7274 | F6: 83.1897 | G6: 15.061 | H6: 3.5924 | I6: 16.4996 | J6: 7.2062 | K6: 14.3992 | L6: 25.0433 | M6: 17.8322 | N6: 3.7681 | O6: 13.519 | P6: 18.8426 | Q6: 139.2968 | R6: 70.4528 | S6: 31.4347 | T6: 16.1211 | U6: 21.9398 | V6: 61.0374 | W6: 11.6429 | X6: 2.1828 | Y6: 21.231 | Z6: 28.3054 | AA6: 13.364 | AB6: 12.838 | AC6: 11.0682 | AD6: 19.174 | AE6: 10.4122 | AF6: 5.743 | AG6: 22.3008 | AH6: 52.487 | AI6: 10.0369 | AJ6: 29.6838 | AK6: 17.6016 | AL6: 29.0662 | AM6: 16.6449 | AN6: 16.0963 | AO6: 39.9643 | AP6: 15.8636 | AQ6: 240.4567 | AR6: 6.8263 | AS6: 7.6211 | AT6: 6.3454 | AU6: 4.4819 | AV6: 10.8881 | AW6: 7.0283 | AX6: 8.0481 | AY6: 20.4101 | AZ6: 13.6637 | BA6: 12.404 | BB6: 20.5283 | BC6: 41.8607 | BD6: 10.1099 | BE6: 7.7632 | BF6: 27.847 | BG6: 32.5863 | BH6: 18.298 | BI6: 12.716 | BJ6: 26.143 | BK6: 71.5545 | BL6: 16.0828 | BM6: 3.5221 | BN6: 9.0528 | BO6: 127.2653 | BP6: 17.8149 | BQ6: 18.9761 | BR6: 14.9496 | BS6: 5.211 | BT6: 14.8885 | BU6: 17.1747 | BV6: 9.0585 | BW6: 101.0248 | BX6: 53.3036 | BY6: 9.1342 | BZ6: 9.3717 | CA6: 12.2702 | CB6: 9.2518 | CC6: 19.4374 | CD6: 13.122 | CE6: 45.7542 | CF6: 10.7605 | CG6: 33.7053 | CH6: 56.8452 | CI6: 26.9644 | CJ6: 12.935 | CK6: 7.2122 | CL6: 19.1222 | CM6: 32.2059 | CN6: 32.657 | CO6: 8.5905 | CP6: 23.5837 | CQ6: 50.9064 | CR6: 35.7846 | CS6: 15.1547 | CT6: 15.6194 | CU6: 16.9344 | CV6: 20.8091 | CW6: 17.5068 | CX6: 46.9297 | CY6: 15.4323 | CZ6: 8.2826 | DA6: 16.814 | DB6: 7.4721 | DC6: 14.5501 | DD6: 7.4825 | DE6: 59.5845 | DF6: 3.4818 | DG6: 26.6281 | DH6: 6.4905 | DI6: 30.6426 | DJ6: 36.1632 | DK6: 76.9445 | DL6: 8.9912 | DM6: 20.4472 | DN6: 14.3907 | DO6: 9.5153 | DP6: 38.0002 | DQ6: 11.2613 | DR6: 9.4237 | DS6: 40.808 | DT6: 20.3804 | DU6: 5.1031 | DV6: 22.0765 | DW6: 26.4008 | DX6: 35.4121 | DY6: 37.9166 | DZ6: 13.713 | EA6: 16.4472 | EB6: 15.2187 | EC6: 8.9078 | ED6: 35.7177 | EE6: 9.5105 | EF6: 13.0969 | EG6: 32.8585 | EH6: 8.5185 | EI6: 17.2411 | EJ6: 53.1111 | EK6: 7.1275 | EL6: 25.4072 | EM6: 69.897 | EN6: 7.9252 | EO6: 6.0175 | EP6: 78.2865 | EQ6: 13.1086 | ER6: 12.5778 | ES6: 9.1733 | ET6: 13.8198 | EU6: 20.0894 | EV6: 13.8587 | EW6: 30.0704 | EX6: 18.1308 | EY6: 200.4673 | EZ6: 16.1609 | FA6: 4.194 | FB6: 14.8115 | FC6: 20.1295 | FD6: 11.7961 | FE6: 9.7638 | FF6: 31.6362 | FG6: 9.1905 | FH6: 19.2873 | FI6: 4.2365 | FJ6: 24.8803 | FK6: 71.2848 | FL6: 26.4231 | FM6: 47.642 | FN6: 42.0368 | FO6: 10.0147
A7: 12,13-DiHOME | C7: 14.8946 | D7: 13.5411 | E7: 29.8605 | F7: 118.7344 | G7: 13.1144 | H7: 3.6789 | I7: 21.8019 | J7: 5.6253 | K7: 15.2867 | L7: 50.196 | M7: 20.4415 | N7: 2.2231 | O7: 12.1336 | P7: 20.6469 | Q7: 120.0088 | R7: 89.056 | S7: 43.315 | T7: 14.2594 | U7: 28.7474 | V7: 101.4849 | W7: 20.0547 | X7: 3.6686 | Y7: 21.4371 | Z7: 50.666 | AA7: 16.7095 | AB7: 11.7348 | AC7: 13.8591 | AD7: 14.1667 | AE7: 13.2502 | AF7: 11.0269 | AG7: 19.2005 | AH7: 39.0226 | AI7: 9.2685 | AJ7: 9.6124 | AK7: 7.419 | AL7: 50.2109 | AM7: 15.8624 | AN7: 11.7291 | AO7: 31.9105 | AP7: 12.4481 | AQ7: 172.5211 | AR7: 5.6707 | AS7: 9.1172 | AT7: 7.8877 | AU7: 2.5236 | AV7: 6.272 | AW7: 5.4281 | AX7: 6.3742 | AY7: 48.9165 | AZ7: 13.6449 | BA7: 16.1802 | BB7: 24.0439 | BC7: 37.7922 | BD7: 8.591 | BE7: 10.2636 | BF7: 28.603 | BG7: 19.6371 | BH7: 13.6291 | BI7: 9.8161 | BJ7: 23.6492 | BK7: 35.7264 | BL7: 12.3043 | BM7: 3.3135 | BN7: 7.1305 | BO7: 109.9608 | BP7: 13.6428 | BQ7: 19.4538 | BR7: 12.1165 | BS7: 4.8702 | BT7: 8.0301 | BU7: 12.5534 | BV7: 6.1891 | BW7: 82.568 | BX7: 35.2217 | BY7: 11.9364 | BZ7: 7.614 | CA7: 11.403 | CB7: 3.8306 | CC7: 23.6203 | CD7: 13.0119 | CE7: 31.5014 | CF7: 14.7591 | CG7: 27.9917 | CH7: 76.3062 | CI7: 62.2841 | CJ7: 13.8893 | CK7: 6.5847 | CL7: 13.3607 | CM7: 24.2716 | CN7: 16.9238 | CO7: 12.8972 | CP7: 19.3205 | CQ7: 74.6444 | CR7: 51.7079 | CS7: 15.4201 | CT7: 27.5371 | CU7: 11.9287 | CV7: 10.9061 | CW7: 19.6026 | CX7: 31.3132 | CY7: 12.9035 | CZ7: 6.5014 | DA7: 18.2378 | DB7: 4.1276 | DC7: 11.2253 | DD7: 7.4948 | DE7: 40.7493 | DF7: 2.7056 | DG7: 16.2006 | DH7: 4.104 | DI7: 35.4094 | DJ7: 27.3124 | DK7: 157.7774 | DL7: 6.9293 | DM7: 25.3413 | DN7: 12.3011 | DO7: 9.1526 | DP7: 61.7735 | DQ7: 14.5157 | DR7: 8.2408 | DS7: 27.6499 | DT7: 48.0234 | DU7: 3.3333 | DV7: 15.7867 | DW7: 36.8449 | DX7: 32.4309 | DY7: 19.9764 | DZ7: 10.4451 | EA7: 10.7378 | EB7: 15.5349 | EC7: 8.0894 | ED7: 31.7089 | EE7: 6.6436 | EF7: 15.2059 | EG7: 27.7892 | EH7: 5.3994 | EI7: 9.1012 | EJ7: 63.4419 | EK7: 6.2981 | EL7: 26.6534 | EM7: 161.8765 | EN7: 6.7846 | EO7: 5.1303 | EP7: 108.8583 | EQ7: 9.9514 | ER7: 10.6842 | ES7: 8.5375 | ET7: 25.296 | EU7: 18.8234 | EV7: 11.4353 | EW7: 24.1674 | EX7: 17.0883 | EY7: 95.5033 | EZ7: 18.0127 | FA7: 2.6185 | FB7: 10.1386 | FC7: 46.3092 | FD7: 8.971 | FE7: 17.4539 | FF7: 57.9072 | FG7: 8.4929 | FH7: 22.2288 | FI7: 4.6405 | FJ7: 29.3263 | FK7: 89.6576 | FL7: 25.2384 | FM7: 23.3844 | FN7: 39.1683 | FO7: 17.1783
A8: 9-oxo-ODE | C8: 10.4197 | D8: 4.3102 | E8: 0 | F8: 38.1543 | G8: 3.3783 | H8: 1.0934 | I8: 0.8059 | J8: 0.8163 | K8: 3.2723 | L8: 10.8624 | M8: 2.1266 | N8: 0.9763 | O8: 0.7723 | P8: 12.6328 | Q8: 12.979 | R8: 134.2607 | S8: 7.5411 | T8: 2.3375 | U8: 11.5652 | V8: 1.6504 | W8: 0.5112 | X8: 0 | Y8: 2.0721 | Z8: 2.786 | AA8: 5.8197 | AB8: 1.3526 | AC8: 6.1394 | AD8: 2.2708 | AE8: 1.4963 | AF8: 1.1905 | AG8: 4.782 | AH8: 0.5087 | AI8: 9.695 | AJ8: 2.6221 | AK8: 0.9677 | AL8: 3.8784 | AM8: 3.6817 | AN8: 3.552 | AO8: 1.5594 | AP8: 1.5027 | AQ8: 20.7772 | AR8: 1.5647 | AS8: 9.5178 | AT8: 7.9919 | AU8: 0 | AV8: 0.9623 | AW8: 1.4489 | AX8: 3.2392 | AY8: 4.6077 | AZ8: 3.2968 | BA8: 2.0467 | BB8: 1.9569 | BC8: 0.6385 | BD8: 2.7567 | BE8: 4.482 | BF8: 13.6572 | BG8: 0.6986 | BH8: 1.8187 | BI8: 5.4787 | BJ8: 69.2721 | BK8: 3.9961 | BL8: 39.047 | BM8: 27.8306 | BN8: 72.2277 | BO8: 32.9492 | BP8: 26.0249 | BQ8: 7.8591 | BR8: 0.4865 | BS8: 14.5563 | BT8: 6.0774 | BU8: 10.4313 | BV8: 7.3492 | BW8: 8.1983 | BX8: 2.3382 | BY8: 5.7242 | BZ8: 5.8719 | CA8: 3.7009 | CB8: 4.474 | CC8: 2.0444 | CD8: 3.2074 | CE8: 2.562 | CF8: 3.0638 | CG8: 5.3248 | CH8: 2.987 | CI8: 11.7058 | CJ8: 1.2695 | CK8: 0.4661 | CL8: 0.9956 | CM8: 3.7086 | CN8: 2.0803 | CO8: 0.9378 | CP8: 5.066 | CQ8: 1.6095 | CR8: 29.7755 | CS8: 0.6481 | CT8: 5.8111 | CU8: 2.3532 | CV8: 0 | CW8: 6.9488 | CX8: 4.6188 | CY8: 0.3734 | CZ8: 0 | DA8: 0 | DB8: 0.4418 | DC8: 5.2747 | DD8: 0 | DE8: 0 | DF8: 1.4136 | DG8: 8.8337 | DH8: 1.1106 | DI8: 2.8582 | DJ8: 5.0297 | DK8: 13.5957 | DL8: 0.7648 | DM8: 2.4964 | DN8: 0.6908 | DO8: 0.7231 | DP8: 2.3041 | DQ8: 7.0273 | DR8: 2.0477 | DS8: 0 | DT8: 0.5995 | DU8: 3.1345 | DV8: 1.9013 | DW8: 2.221 | DX8: 0 | DY8: 0 | DZ8: 0.3404 | EA8: 3.0325 | EB8: 4.2429 | EC8: 6.1893 | ED8: 1.4419 | EE8: 0 | EF8: 11.8925 | EG8: 11.4926 | EH8: 2.3537 | EI8: 1.0416 | EJ8: 4.2761 | EK8: 0 | EL8: 1.5939 | EM8: 13.1287 | EN8: 14.9707 | EO8: 4.0469 | EP8: 3.3234 | EQ8: 1.204 | ER8: 2.0147 | ES8: 1.695 | ET8: 4.384 | EU8: 3.4084 | EV8: 5.7804 | EW8: 4.0188 | EX8: 1.8804 | EY8: 5.5595 | EZ8: 18.7648 | FA8: 0 | FB8: 1.1059 | FC8: 3.4521 | FD8: 1.8639 | FE8: 4.4147 | FF8: 1.8564 | FG8: 2.7412 | FH8: 1.9104 | FI8: 5.1784 | FJ8: 4.3092 | FK8: 0 | FL8: 4.5911 | FM8: 4.9541 | FN8: 0.8141 | FO8: 1.114
A9: 13-oxo-ODE | C9: 12.5244 | D9: 5.6548 | E9: 0 | F9: 44.8857 | G9: 13.8897 | H9: 3.7593 | I9: 0 | J9: 1.406 | K9: 4.1765 | L9: 10.4672 | M9: 5.8073 | N9: 2.2096 | O9: 0 | P9: 15.4823 | Q9: 14.2336 | R9: 172.6133 | S9: 10.684 | T9: 3.2035 | U9: 9.4437 | V9: 4.8004 | W9: 2.4521 | X9: 0 | Y9: 0 | Z9: 8.2574 | AA9: 6.7461 | AB9: 0 | AC9: 5.092 | AD9: 7.7069 | AE9: 0 | AF9: 17.1997 | AG9: 17.831 | AH9: 3.1555 | AI9: 24.5789 | AJ9: 0 | AK9: 1.4501 | AL9: 19.0261 | AM9: 0 | AN9: 6.3241 | AO9: 2.169 | AP9: 0 | AQ9: 23.6993 | AR9: 3.6842 | AS9: 112.9377 | AT9: 75.0202 | AU9: 0 | AV9: 0 | AW9: 3.26 | AX9: 11.7524 | AY9: 5.1069 | AZ9: 1.2476 | BA9: 22.7184 | BB9: 3.463 | BC9: 0 | BD9: 3.8573 | BE9: 3.3163 | BF9: 40.1491 | BG9: 2.9708 | BH9: 0 | BI9: 8.4555 | BJ9: 58.5864 | BK9: 10.8552 | BL9: 107.977 | BM9: 79.1697 | BN9: 147.107 | BO9: 127.1887 | BP9: 116.4897 | BQ9: 9.0948 | BR9: 1.0872 | BS9: 47.6094 | BT9: 23.314 | BU9: 22.7433 | BV9: 11.0619 | BW9: 39.751 | BX9: 2.5298 | BY9: 12.9278 | BZ9: 9.4868 | CA9: 9.7247 | CB9: 9.7341 | CC9: 4.8151 | CD9: 8.916 | CE9: 19.8704 | CF9: 9.769 | CG9: 5.4312 | CH9: 4.7068 | CI9: 12.4612 | CJ9: 3.8816 | CK9: 0 | CL9: 3.6876 | CM9: 5.7022 | CN9: 0 | CO9: 2.8198 | CP9: 9.8533 | CQ9: 7.6403 | CR9: 37.3503 | CS9: 2.7142 | CT9: 3.4957 | CU9: 6.4304 | CV9: 0 | CW9: 6.7262 | CX9: 3.8252 | CY9: 2.7134 | CZ9: 0 | DA9: 0 | DB9: 2.7287 | DC9: 6.5576 | DD9: 0 | DE9: 1.6966 | DF9: 2.4179 | DG9: 21.3855 | DH9: 0 | DI9: 3.4949 | DJ9: 13.9134 | DK9: 18.6034 | DL9: 3.3978 | DM9: 6.4999 | DN9: 8.091 | DO9: 7.2661 | DP9: 4.8997 | DQ9: 10.6407 | DR9: 1.8807 | DS9: 0 | DT9: 0 | DU9: 16.3422 | DV9: 4.6316 | DW9: 0 | DX9: 3.9498 | DY9: 0.2233 | DZ9: 0 | EA9: 2.46 | EB9: 5.7738 | EC9: 10.4048 | ED9: 2.848 | EE9: 0 | EF9: 12.4679 | EG9: 12.8565 | EH9: 8.6857 | EI9: 2.0157 | EJ9: 4.727 | EK9: 2.8006 | EL9: 8.2396 | EM9: 6.372 | EN9: 17.0999 | EO9: 4.0362 | EP9: 15.0007 | EQ9: 3.5432 | ER9: 2.0154 | ES9: 2.9106 | ET9: 6.3334 | EU9: 5.915 | EV9: 9.4227 | EW9: 4.3974 | EX9: 2.4244 | EY9: 8.5409 | EZ9: 14.8458 | FA9: 0 | FB9: 5.9012 | FC9: 0 | FD9: 2.6625 | FE9: 7.1952 | FF9: 0 | FG9: 0 | FH9: 6.2267 | FI9: 34.0273 | FJ9: 8.4835 | FK9: 1.4719 | FL9: 4.1231 | FM9: 6.7885 | FN9: 2.6225 | FO9: 0
A10: 9,10,13-TriHOME | C10: 2.1946 | D10: 1.8521 | E10: 2.8259 | F10: 32.8013 | G10: 0 | H10: 1.1922 | I10: 0.8776 | J10: 1.4718 | K10: 5.5785 | L10: 4.0278 | M10: 0.8021 | N10: 1.0496 | O10: 1.4295 | P10: 4.7006 | Q10: 5.4086 | R10: 173.6363 | S10: 3.1845 | T10: 1.2003 | U10: 4.5712 | V10: 1.4127 | W10: 1.6408 | X10: 2.4627 | Y10: 3.0426 | Z10: 1.6438 | AA10: 1.4457 | AB10: 2.5051 | AC10: 5.631 | AD10: 6.5833 | AE10: 0.7603 | AF10: 0 | AG10: 1.4959 | AH10: 3.5963 | AI10: 6.2564 | AJ10: 2.5268 | AK10: 0 | AL10: 2.2823 | AM10: 2.0513 | AN10: 2.1691 | AO10: 1.3215 | AP10: 0 | AQ10: 40.811 | AR10: 1.0043 | AS10: 0 | AT10: 2.9265 | AU10: 0 | AV10: 0 | AW10: 3.0901 | AX10: 3.4487 | AY10: 2.5781 | AZ10: 0 | BA10: 0 | BB10: 0.9621 | BC10: 0 | BD10: 1.1408 | BE10: 1.5208 | BF10: 5.8244 | BG10: 0.9527 | BH10: 0 | BI10: 8.0135 | BJ10: 43.6891 | BK10: 2.9359 | BL10: 15.6963 | BM10: 7.4092 | BN10: 43.8217 | BO10: 7.5429 | BP10: 3.8591 | BQ10: 1.6942 | BR10: 0.9615 | BS10: 3.3241 | BT10: 1.8191 | BU10: 7.175 | BV10: 3.7932 | BW10: 5.6742 | BX10: 2.4093 | BY10: 2.7986 | BZ10: 2.8306 | CA10: 1.5918 | CB10: 1.2441 | CC10: 1.9334 | CD10: 0 | CE10: 3.4227 | CF10: 0 | CG10: 2.8848 | CH10: 4.0512 | CI10: 7.8277 | CJ10: 0 | CK10: 1.9873 | CL10: 5.8853 | CM10: 4.7958 | CN10: 1.1109 | CO10: 0.9137 | CP10: 1.3746 | CQ10: 3.1964 | CR10: 31.7666 | CS10: 1.2054 | CT10: 1.4688 | CU10: 1.9921 | CV10: 0 | CW10: 2.8344 | CX10: 1.927 | CY10: 0.8387 | CZ10: 0 | DA10: 0 | DB10: 0.9785 | DC10: 3.7538 | DD10: 0 | DE10: 4.9619 | DF10: 1.5119 | DG10: 4.5279 | DH10: 0 | DI10: 6.9551 | DJ10: 4.087 | DK10: 6.4435 | DL10: 0 | DM10: 1.0224 | DN10: 1.4999 | DO10: 0.8744 | DP10: 2.4167 | DQ10: 2.0408 | DR10: 0.7749 | DS10: 0 | DT10: 1.5491 | DU10: 3.9122 | DV10: 1.5948 | DW10: 0 | DX10: 2.2698 | DY10: 2.8157 | DZ10: 0 | EA10: 1.3383 | EB10: 1.7464 | EC10: 2.1973 | ED10: 1.3679 | EE10: 0 | EF10: 2.7991 | EG10: 2.8659 | EH10: 0 | EI10: 0 | EJ10: 0 | EK10: 2.2343 | EL10: 1.4139 | EM10: 1.7522 | EN10: 3.6978 | EO10: 0 | EP10: 6.581 | EQ10: 0 | ER10: 3.7671 | ES10: 0 | ET10: 0 | EU10: 0.8876 | EV10: 1.0804 | EW10: 1.7404 | EX10: 1.4119 | EY10: 3.6021 | EZ10: 4.2928 | FA10: 0 | FB10: 0 | FC10: 0 | FD10: 2.3325 | FE10: 5.7225 | FF10: 9.7428 | FG10: 3.9212 | FH10: 2.6729 | FI10: 0 | FJ10: 5.1393 | FK10: 13.2788 | FL10: 1.5144 | FM10: 1.3447 | FN10: 2.1324 | FO10: 0
A11: 9,12,13-TriHOME | C11: 8.6665 | D11: 7.4056 | E11: 16.3719 | F11: 91.7864 | G11: 2.9281 | H11: 5.5508 | I11: 11.3681 | J11: 6.3713 | K11: 16.9576 | L11: 32.3458 | M11: 4.9424 | N11: 4.4975 | O11: 7.627 | P11: 18.4647 | Q11: 32.8495 | R11: 494.3566 | S11: 10.7715 | T11: 4.9276 | U11: 17.1383 | V11: 7.809 | W11: 9.0833 | X11: 12.8477 | Y11: 17.4645 | Z11: 8.2174 | AA11: 6.022 | AB11: 13.8504 | AC11: 16.5464 | AD11: 11.3007 | AE11: 4.51 | AF11: 14.6164 | AG11: 11.1298 | AH11: 16.6023 | AI11: 18.3401 | AJ11: 14.928 | AK11: 4.224 | AL11: 25.6139 | AM11: 7.2868 | AN11: 10.2648 | AO11: 10.3701 | AP11: 3.5898 | AQ11: 202.119 | AR11: 5.7843 | AS11: 5.2062 | AT11: 7.4574 | AU11: 3.1253 | AV11: 4.1424 | AW11: 12.4911 | AX11: 14.5107 | AY11: 35.8091 | AZ11: 4.9032 | BA11: 2.4093 | BB11: 4.4617 | BC11: 6.205 | BD11: 4.3486 | BE11: 5.1344 | BF11: 26.2724 | BG11: 6.2125 | BH11: 4.9486 | BI11: 20.2808 | BJ11: 131.5985 | BK11: 17.4491 | BL11: 43.0091 | BM11: 19.2921 | BN11: 138.5567 | BO11: 29.8184 | BP11: 14.9339 | BQ11: 5.8159 | BR11: 6.2976 | BS11: 13.0358 | BT11: 6.6959 | BU11: 23.7096 | BV11: 15.0381 | BW11: 31.969 | BX11: 9.8013 | BY11: 12.5473 | BZ11: 12.3682 | CA11: 7.9377 | CB11: 6.6232 | CC11: 8.144 | CD11: 3.4343 | CE11: 12.6421 | CF11: 4.3645 | CG11: 11.302 | CH11: 20.0083 | CI11: 38.5607 | CJ11: 4.5383 | CK11: 11.5387 | CL11: 24.5691 | CM11: 18.056 | CN11: 9.1892 | CO11: 5.2559 | CP11: 5.4227 | CQ11: 21.2481 | CR11: 130.7306 | CS11: 6.2986 | CT11: 6.7872 | CU11: 7.5367 | CV11: 6.1828 | CW11: 12.2363 | CX11: 8.7313 | CY11: 6.452 | CZ11: 4.0701 | DA11: 0 | DB11: 6.4814 | DC11: 14.3421 | DD11: 7.4408 | DE11: 20.2327 | DF11: 4.8882 | DG11: 15.5412 | DH11: 3.5704 | DI11: 36.286 | DJ11: 8.9853 | DK11: 64.6589 | DL11: 4.7503 | DM11: 7.6678 | DN11: 5.1691 | DO11: 8.6032 | DP11: 28.935 | DQ11: 8.0821 | DR11: 7.994 | DS11: 4.4099 | DT11: 33.8253 | DU11: 10.947 | DV11: 9.8588 | DW11: 7.3922 | DX11: 11.6618 | DY11: 11.8635 | DZ11: 3.5459 | EA11: 9.3112 | EB11: 8.3158 | EC11: 8.4981 | ED11: 7.8081 | EE11: 3.7665 | EF11: 9.7143 | EG11: 11.1351 | EH11: 3.4714 | EI11: 3.9627 | EJ11: 5.7576 | EK11: 7.732 | EL11: 18.3128 | EM11: 20.413 | EN11: 12.6299 | EO11: 6.5759 | EP11: 73.3792 | EQ11: 4.8142 | ER11: 16.9813 | ES11: 3.4826 | ET11: 4.4912 | EU11: 5.7554 | EV11: 6.3223 | EW11: 6.962 | EX11: 12.0178 | EY11: 20.2347 | EZ11: 16.1619 | FA11: 0 | FB11: 2.6824 | FC11: 7.2321 | FD11: 11.8115 | FE11: 16.3022 | FF11: 45.5479 | FG11: 13.4137 | FH11: 10.862 | FI11: 2.3944 | FJ11: 23.5958 | FK11: 42.5151 | FL11: 10.6658 | FM11: 8.0597 | FN11: 33.8072 | FO11: 10.0844
A12: PGA1 | C12: 0 | D12: 0 | E12: 0 | F12: 0 | G12: 0 | H12: 0 | I12: 0 | J12: 0 | K12: 0 | L12: 0 | M12: 0 | N12: 0 | O12: 0 | P12: 0 | Q12: 0 | R12: 0 | S12: 0 | T12: 0 | U12: 0 | V12: 0 | W12: 0 | X12: 0 | Y12: 0 | Z12: 0 | AA12: 0 | AB12: 0 | AC12: 0 | AD12: 0 | AE12: 0 | AF12: 0 | AG12: 0 | AH12: 0 | AI12: 0 | AJ12: 0 | AK12: 0 | AL12: 0 | AM12: 0 | AN12: 0 | AO12: 0 | AP12: 0 | AQ12: 0 | AR12: 0 | AS12: 0 | AT12: 0 | AU12: 0 | AV12: 0 | AW12: 0 | AX12: 0 | AY12: 0 | AZ12: 0 | BA12: 0 | BB12: 0 | BC12: 0 | BD12: 0 | BE12: 0 | BF12: 0 | BG12: 0 | BH12: 0 | BI12: 0 | BJ12: 0 | BK12: 0 | BL12: 0 | BM12: 0 | BN12: 0 | BO12: 0 | BP12: 0 | BQ12: 0 | BR12: 0 | BS12: 0 | BT12: 0 | BU12: 0 | BV12: 0 | BW12: 0 | BX12: 0 | BY12: 0 | BZ12: 0 | CA12: 0 | CB12: 0 | CC12: 0 | CD12: 0 | CE12: 0 | CF12: 0 | CG12: 0 | CH12: 0 | CI12: 0 | CJ12: 0 | CK12: 0 | CL12: 0 | CM12: 0 | CN12: 0 | CO12: 0 | CP12: 0 | CQ12: 0 | CR12: 0 | CS12: 0 | CT12: 0 | CU12: 0 | CV12: 0 | CW12: 0 | CX12: 0 | CY12: 0 | CZ12: 0 | DA12: 0 | DB12: 0 | DC12: 0 | DD12: 0 | DE12: 0 | DF12: 0 | DG12: 0 | DH12: 0 | DI12: 0 | DJ12: 0 | DK12: 0 | DL12: 0 | DM12: 0 | DN12: 0 | DO12: 0 | DP12: 0 | DQ12: 0 | DR12: 0 | DS12: 0 | DT12: 0 | DU12: 0 | DV12: 0 | DW12: 0 | DX12: 0 | DY12: 0 | DZ12: 0 | EA12: 0 | EB12: 0 | EC12: 0 | ED12: 0 | EE12: 0 | EF12: 0 | EG12: 0 | EH12: 0 | EI12: 0 | EJ12: 0 | EK12: 0 | EL12: 0 | EM12: 0 | EN12: 0 | EO12: 0 | EP12: 0 | EQ12: 0 | ER12: 0 | ES12: 0 | ET12: 0 | EU12: 0 | EV12: 0 | EW12: 0 | EX12: 0 | EY12: 0 | EZ12: 0 | FA12: 0 | FB12: 0 | FC12: 0 | FD12: 0 | FE12: 0 | FF12: 0 | FG12: 0 | FH12: 0 | FI12: 0 | FJ12: 0 | FK12: 0 | FL12: 0 | FM12: 0 | FN12: 0 | FO12: 0
A13: 5,6-EET | C13: 0 | D13: 0 | E13: 0 | F13: 0 | G13: 0 | H13: 0 | I13: 0 | J13: 0 | K13: 0 | L13: 0 | M13: 0 | N13: 0 | O13: 0 | P13: 0 | Q13: 0 | R13: 0 | S13: 0 | T13: 0 | U13: 0 | V13: 0 | W13: 0 | X13: 0 | Y13: 0 | Z13: 0 | AA13: 0 | AB13: 0 | AC13: 0 | AD13: 0 | AE13: 0 | AF13: 0 | AG13: 0 | AH13: 0 | AI13: 0 | AJ13: 0 | AK13: 0 | AL13: 0 | AM13: 0 | AN13: 0 | AO13: 0 | AP13: 0 | AQ13: 0 | AR13: 0 | AS13: 0 | AT13: 0 | AU13: 0 | AV13: 0 | AW13: 0 | AX13: 0 | AY13: 0 | AZ13: 0 | BA13: 0 | BB13: 0 | BC13: 0 | BD13: 0 | BE13: 0 | BF13: 0 | BG13: 0 | BH13: 0 | BI13: 0 | BJ13: 0 | BK13: 0 | BL13: 0 | BM13: 0 | BN13: 0 | BO13: 0 | BP13: 0 | BQ13: 0 | BR13: 0 | BS13: 0 | BT13: 0 | BU13: 0 | BV13: 0 | BW13: 0 | BX13: 0 | BY13: 0 | BZ13: 0 | CA13: 0 | CB13: 0 | CC13: 0 | CD13: 0 | CE13: 0 | CF13: 0 | CG13: 0 | CH13: 0 | CI13: 0 | CJ13: 0 | CK13: 0 | CL13: 0 | CM13: 0 | CN13: 0 | CO13: 0 | CP13: 0 | CQ13: 0 | CR13: 0 | CS13: 0 | CT13: 0 | CU13: 0 | CV13: 0 | CW13: 0 | CX13: 0 | CY13: 0 | CZ13: 0 | DA13: 0 | DB13: 0 | DC13: 0 | DD13: 0 | DE13: 0 | DF13: 0 | DG13: 0 | DH13: 0 | DI13: 0 | DJ13: 0 | DK13: 0 | DL13: 0 | DM13: 0 | DN13: 0 | DO13: 0 | DP13: 0 | DQ13: 0 | DR13: 0 | DS13: 0 | DT13: 0 | DU13: 0 | DV13: 0 | DW13: 0 | DX13: 0 | DY13: 0 | DZ13: 0 | EA13: 0 | EB13: 0 | EC13: 0 | ED13: 0 | EE13: 0 | EF13: 0 | EG13: 0 | EH13: 0 | EI13: 0 | EJ13: 0 | EK13: 0 | EL13: 0 | EM13: 0 | EN13: 0 | EO13: 0 | EP13: 0 | EQ13: 0 | ER13: 0 | ES13: 0 | ET13: 0 | EU13: 0 | EV13: 0 | EW13: 0 | EX13: 0 | EY13: 0 | EZ13: 0 | FA13: 0 | FB13: 0 | FC13: 0 | FD13: 0 | FE13: 0 | FF13: 0 | FG13: 0 | FH13: 0 | FI13: 0 | FJ13: 0 | FK13: 0 | FL13: 0 | FM13: 0 | FN13: 0 | FO13: 0
A14: 8,9-EET | C14: 4.5736 | D14: 13.5518 | E14: 0 | F14: 15.6068 | G14: 4.9718 | H14: 9.2436 | I14: 17.8746 | J14: 10.1658 | K14: 12.6402 | L14: 18.0626 | M14: 10.6123 | N14: 0 | O14: 12.0404 | P14: 11.5099 | Q14: 9.3245 | R14: 28.0508 | S14: 19.4191 | T14: 3.4031 | U14: 7.594 | V14: 0 | W14: 0 | X14: 0 | Y14: 11.8231 | Z14: 0 | AA14: 6.7572 | AB14: 10.7814 | AC14: 14.0241 | AD14: 6.2235 | AE14: 7.502 | AF14: 1.464 | AG14: 6.4725 | AH14: 5.0852 | AI14: 4.4355 | AJ14: 0 | AK14: 8.9739 | AL14: 0 | AM14: 0 | AN14: 10.5083 | AO14: 7.2944 | AP14: 0 | AQ14: 6.6529 | AR14: 0 | AS14: 10.7561 | AT14: 3.4818 | AU14: 0 | AV14: 3.0559 | AW14: 0 | AX14: 3.3941 | AY14: 14.7684 | AZ14: 0 | BA14: 4.0063 | BB14: 3.2474 | BC14: 7.5441 | BD14: 3.9855 | BE14: 0 | BF14: 2.1019 | BG14: 0 | BH14: 0 | BI14: 2.3593 | BJ14: 18.5534 | BK14: 31.2559 | BL14: 16.3779 | BM14: 12.257 | BN14: 37.8785 | BO14: 12.1782 | BP14: 9.6933 | BQ14: 3.219 | BR14: 0 | BS14: 11.8909 | BT14: 9.6649 | BU14: 0 | BV14: 7.8585 | BW14: 12.3756 | BX14: 2.51 | BY14: 18.3594 | BZ14: 7.5462 | CA14: 9.733 | CB14: 2.6229 | CC14: 3.7254 | CD14: 0 | CE14: 8.4498 | CF14: 0 | CG14: 0 | CH14: 30.7712 | CI14: 0 | CJ14: 2.5419 | CK14: 0 | CL14: 0 | CM14: 10.4541 | CN14: 5.9239 | CO14: 106.2683 | CP14: 15.6083 | CQ14: 27.1697 | CR14: 18.9398 | CS14: 12.0455 | CT14: 0 | CU14: 8.3197 | CV14: 25.5715 | CW14: 6.0978 | CX14: 6.4892 | CY14: 2.3163 | CZ14: 0 | DA14: 2.4219 | DB14: 3.5844 | DC14: 16.6557 | DD14: 26.7969 | DE14: 5.8748 | DF14: 0 | DG14: 11.6418 | DH14: 0 | DI14: 9.6474 | DJ14: 6.197 | DK14: 9.0046 | DL14: 0 | DM14: 20.2635 | DN14: 12.0691 | DO14: 31.6137 | DP14: 0 | DQ14: 0 | DR14: 9.1889 | DS14: 0 | DT14: 6.9592 | DU14: 23.0278 | DV14: 6.4062 | DW14: 5.994 | DX14: 0 | DY14: 6.2934 | DZ14: 3.6041 | EA14: 7.168 | EB14: 28.5317 | EC14: 2.1711 | ED14: 0 | EE14: 0 | EF14: 1.8216 | EG14: 2.7658 | EH14: 3.6257 | EI14: 2.0139 | EJ14: 4.983 | EK14: 0 | EL14: 2.6706 | EM14: 4.953 | EN14: 3.3568 | EO14: 0 | EP14: 2.6324 | EQ14: 0 | ER14: 13.3017 | ES14: 0 | ET14: 3.7056 | EU14: 10.815 | EV14: 7.7992 | EW14: 0 | EX14: 20.6092 | EY14: 9.4909 | EZ14: 23.0485 | FA14: 0 | FB14: 0 | FC14: 9.8602 | FD14: 0 | FE14: 4.9309 | FF14: 13.0997 | FG14: 2.4715 | FH14: 2.5311 | FI14: 9.6968 | FJ14: 26.7339 | FK14: 61.3512 | FL14: 2.6461 | FM14: 8.9226 | FN14: 2.5372 | FO14: 0
... A49: RvD5 | C49: 0 | D49: 0 | E49: 0 | F49: 0 | G49: 0 | H49: 0 | I49: 0 | J49: 0 | K49: 0 | L49: 0 | M49: 0 | N49: 0 | O49: 0 | P49: 0 | Q49: 0 | R49: 0 | S49: 0 | T49: 0 | U49: 0 | V49: 0 | W49: 0 | X49: 0 | Y49: 0 | Z49: 0 | AA49: 0 | AB49: 0 | AC49: 0 | AD49: 0 | AE49: 0 | AF49: 0 | AG49: 0 | AH49: 0 | AI49: 0 | AJ49: 0 | AK49: 0 | AL49: 0 | AM49: 0 | AN49: 0 | AO49: 0 | AP49: 0 | AQ49: 0 | AR49: 0 | AS49: 0 | AT49: 0 | AU49: 0 | AV49: 0 | AW49: 0 | AX49: 0 | AY49: 0 | AZ49: 0 | BA49: 0 | BB49: 0 | BC49: 0 | BD49: 0 | BE49: 0 | BF49: 0 | BG49: 0 | BH49: 0 | BI49: 0 | BJ49: 0 | BK49: 0 | BL49: 0 | BM49: 0 | BN49: 0 | BO49: 0 | BP49: 0 | BQ49: 0 | BR49: 0 | BS49: 0 | BT49: 0 | BU49: 0 | BV49: 0 | BW49: 0 | BX49: 0 | BY49: 0 | BZ49: 0 | CA49: 0 | CB49: 0 | CC49: 0 | CD49: 0 | CE49: 0 | CF49: 0 | CG49: 0 | CH49: 0 | CI49: 0 | CJ49: 0 | CK49: 0 | CL49: 0 | CM49: 0 | CN49: 0 | CO49: 0 | CP49: 0 | CQ49: 0 | CR49: 0 | CS49: 0 | CT49: 0 | CU49: 0 | CV49: 0 | CW49: 0 | CX49: 0 | CY49: 0 | CZ49: 0 | DA49: 0 | DB49: 0 | DC49: 0 | DD49: 0 | DE49: 0 | DF49: 0 | DG49: 0 | DH49: 0 | DI49: 0 | DJ49: 0 | DK49: 0 | DL49: 0 | DM49: 0 | DN49: 0 | DO49: 0 | DP49: 0 | DQ49: 0 | DR49: 0 | DS49: 0 | DT49: 0 | DU49: 0 | DV49: 0 | DW49: 0 | DX49: 0 | DY49: 0 | DZ49: 0 | EA49: 0 | EB49: 0 | EC49: 0 | ED49: 0 | EE49: 0 | EF49: 0 | EG49: 0 | EH49: 0 | EI49: 0 | EJ49: 0 | EK49: 0 | EL49: 0 | EM49: 0 | EN49: 0 | EO49: 0 | EP49: 0 | EQ49: 0 | ER49: 0 | ES49: 0 | ET49: 0 | EU49: 0 | EV49: 0 | EW49: 0 | EX49: 0 | EY49: 0 | EZ49: 0 | FA49: 0 | FB49: 0 | FC49: 0 | FD49: 0 | FE49: 0 | FF49: 0 | FG49: 0 | FH49: 0 | FI49: 0 | FJ49: 0 | FK49: 0 | FL49: 0 | FM49: 0 | FN49: 0 | FO49: 0
A51: Vial volume | B51: µL | C51: 20 | D51: 20 | E51: 20 | F51: 20 | G51: 20 | H51: 20 | I51: 20 | J51: 20 | K51: 20 | L51: 20 | M51: 20 | N51: 20 | O51: 20 | P51: 20 | Q51: 20 | R51: 20 | S51: 20 | T51: 20 | U51: 20 | V51: 20 | W51: 20 | X51: 20 | Y51: 20 | Z51: 20 | AA51: 20 | AB51: 20 | AC51: 20 | AD51: 20 | AE51: 20 | AF51: 20 | AG51: 20 | AH51: 20 | AI51: 20 | AJ51: 20 | AK51: 20 | AL51: 20 | AM51: 20 | AN51: 20 | AO51: 20 | AP51: 20 | AQ51: 20 | AR51: 20 | AS51: 20 | AT51: 20 | AU51: 20 | AV51: 20 | AW51: 20 | AX51: 20 | AY51: 20 | AZ51: 20 | BA51: 20 | BB51: 20 | BC51: 20 | BD51: 20 | BE51: 20 | BF51: 20 | BG51: 20 | BH51: 20 | BI51: 20 | BJ51: 20 | BK51: 20 | BL51: 20 | BM51: 20 | BN51: 20 | BO51: 20 | BP51: 20 | BQ51: 20 | BR51: 20 | BS51: 20 | BT51: 20 | BU51: 20 | BV51: 20 | BW51: 20 | BX51: 20 | BY51: 20 | BZ51: 20 | CA51: 20 | CB51: 20 | CC51: 20 | CD51: 20 | CE51: 20 | CF51: 20 | CG51: 20 | CH51: 20 | CI51: 20 | CJ51: 20 | CK51: 20 | CL51: 20 | CM51: 20 | CN51: 20 | CO51: 20 | CP51: 20 | CQ51: 20 | CR51: 20 | CS51: 20 | CT51: 20 | CU51: 20 | CV51: 20 | CW51: 20 | CX51: 20 | CY51: 20 | CZ51: 20 | DA51: 20 | DB51: 20 | DC51: 20 | DD51: 20 | DE51: 20 | DF51: 20 | DG51: 20 | DH51: 20 | DI51: 20 | DJ51: 20 | DK51: 20 | DL51: 20 | DM51: 20 | DN51: 20 | DO51: 20 | DP51: 20 | DQ51: 20 | DR51: 20 | DS51: 20 | DT51: 20 | DU51: 20 | DV51: 20 | DW51: 20 | DX51: 20 | DY51: 20 | DZ51: 20 | EA51: 20 | EB51: 20 | EC51: 20 | ED51: 20 | EE51: 20 | EF51: 20 | EG51: 20 | EH51: 20 | EI51: 20 | EJ51: 20 | EK51: 20 | EL51: 20 | EM51: 20 | EN51: 20 | EO51: 20 | EP51: 20 | EQ51: 20 | ER51: 20 | ES51: 20 | ET51: 20 | EU51: 20 | EV51: 20 | EW51: 20 | EX51: 20 | EY51: 20 | EZ51: 20 | FA51: 20 | FB51: 20 | FC51: 20 | FD51: 20 | FE51: 20 | FF51: 20 | FG51: 20 | FH51: 20 | FI51: 20 | FJ51: 20 | FK51: 20 | FL51: 20 | FM51: 20 | FN51: 20 | FO51: 20
A52: Tissue weight / Cells number | B52: mg
A53: Protein weight | B53: mg
A54: Fluid volume | B54: µl | C54: 120 | D54: 120 | E54: 120 | F54: 120 | G54: 120 | H54: 120 | I54: 120 | J54: 120 | K54: 120 | L54: 120 | M54: 120 | N54: 120 | O54: 120 | P54: 120 | Q54: 120 | R54: 120 | S54: 120 | T54: 120 | U54: 120 | V54: 120 | W54: 70 | X54: 50 | Y54: 120 | Z54: 100 | AA54: 120 | AB54: 120 | AC54: 120 | AD54: 120 | AE54: 120 | AF54: 120 | AG54: 120 | AH54: 120 | AI54: 120 | AJ54: 120 | AK54: 120 | AL54: 120 | AM54: 120 | AN54: 120 | AO54: 120 | AP54: 120 | AQ54: 120 | AR54: 120 | AS54: 120 | AT54: 120 | AU54: 50 | AV54: 50 | AW54: 120 | AX54: 120 | AY54: 120 | AZ54: 120 | BA54: 120 | BB54: 120 | BC54: 120 | BD54: 120 | BE54: 120 | BF54: 120 | BG54: 120 | BH54: 120 | BI54: 120 | BJ54: 120 | BK54: 120 | BL54: 120 | BM54: 70 | BN54: 120 | BO54: 120 | BP54: 120 | BQ54: 120 | BR54: 70 | BS54: 120 | BT54: 120 | BU54: 120 | BV54: 120 | BW54: 120 | BX54: 120 | BY54: 120 | BZ54: 120 | CA54: 120 | CB54: 120 | CC54: 120 | CD54: 120 | CE54: 120 | CF54: 120 | CG54: 120 | CH54: 120 | CI54: 120 | CJ54: 90 | CK54: 120 | CL54: 120 | CM54: 120 | CN54: 120 | CO54: 120 | CP54: 120 | CQ54: 120 | CR54: 120 | CS54: 120 | CT54: 120 | CU54: 120 | CV54: 120 | CW54: 120 | CX54: 120 | CY54: 120 | CZ54: 120 | DA54: 120 | DB54: 120 | DC54: 120 | DD54: 120 | DE54: 120 | DF54: 120 | DG54: 120 | DH54: 120 | DI54: 120 | DJ54: 120 | DK54: 120 | DL54: 120 | DM54: 120 | DN54: 120 | DO54: 120 | DP54: 120 | DQ54: 120 | DR54: 120 | DS54: 120 | DT54: 120 | DU54: 120 | DV54: 120 | DW54: 120 | DX54: 120 | DY54: 120 | DZ54: 120 | EA54: 120 | EB54: 120 | EC54: 120 | ED54: 120 | EE54: 120 | EF54: 120 | EG54: 120 | EH54: 120 | EI54: 120 | EJ54: 120 | EK54: 120 | EL54: 120 | EM54: 120 | EN54: 120 | EO54: 120 | EP54: 120 | EQ54: 120 | ER54: 120 | ES54: 120 | ET54: 120 | EU54: 120 | EV54: 120 | EW54: 120 | EX54: 120 | EY54: 120 | EZ54: 120 | FA54: 120 | FB54: 120 | FC54: 120 | FD54: 120 | FE54: 120 | FF54: 120 | FG54: 120 | FH54: 120 | FI54: 120 | FJ54: 120 | FK54: 120 | FL54: 120 | FM54: 120 | FN54: 120 | FO54: 120
A55: =IF(AND(Results!E4="Tissue",Results!E5="Weight",C52>0,B52="mg",B51="ml"),"ng/mg of tissue",IF(AND(Results!E4="Tissue",Results!E5="Protein",C53>0,B53="mg",B51="ml"),"ng/mg of protein",IF(AND(Results!E4="Fluid",Results!E5="Volume",C54>0,B54="µl"),"pg/µL of fluid",IF(AND(Results!E4="Fluid",Results!E5="Volume",C54>0,B54="ml"),"pg/mL of fluid",IF(AND(Results!E4="Cells",Results!E5="Million",C52>0,B52="million"),"pg/million of cells","-"))))) -> pg/µL of fluid
A56: =A3 -> 9-HODE | C56: =IF(C3=0,"0",IF(AND(Results!$E$5="Protein",$C$53>0,OR(Results!$E$4="Tissue",Results!$E$4="Cells")),((C3*C$51)/(C$53)),IF(AND(Results!$E$5="Weight",$C$52>0, Results!$E$4="Tissue",OR($B$52="g",$B$52="mg")),((C3*C$51)/(C$52)),IF(AND(Results!$E$5="Volume",$C$54>0,Results!$E$4="Fluid"),((C3*C$51)/(C$54)),IF(AND(Results!$E$4="Cells",Results!$E$5="Million",$B$52="million"),((C3*C$51)/(C$52)),"0"))))) -> 14.865283 | D56: =IF(D3=0,"0",IF(AND(Results!$E$5="Protein",$C$53>0,OR(Results!$E$4="Tissue",Results!$E$4="Cells")),((D3*D$51)/(D$53)),IF(AND(Results!$E$5="Weight",$C$52>0, Results!$E$4="Tissue",OR($B$52="g",$B$52="mg")),((D3*D$51)/(D$52)),IF(AND(Results!$E$5="Volume",$C$54>0,Results!$E$4="Fluid"),((D3*D$51)/(D$54)),IF(AND(Results!$E$4="Cells",Results!$E$5="Million",$B$52="million"),((D3*D$51)/(D$52)),"0"))))) -> 21.497567 | E56: =IF(E3=0,"0",IF(AND(Results!$E$5="Protein",$C$53>0,OR(Results!$E$4="Tissue",Results!$E$4="Cells")),((E3*E$51)/(E$53)),IF(AND(Results!$E$5="Weight",$C$52>0, Results!$E$4="Tissue",OR($B$52="g",$B$52="mg")),((E3*E$51)/(E$52)),IF(AND(Results!$E$5="Volume",$C$54>0,Results!$E$4="Fluid"),((E3*E$51)/(E$54)),IF(AND(Results!$E$4="Cells",Results!$E$5="Million",$B$52="million"),((E3*E$51)/(E$52)),"0"))))) -> 10.8469 | F56: =IF(F3=0,"0",IF(AND(Results!$E$5="Protein",$C$53>0,OR(Results!$E$4="Tissue",Results!$E$4="Cells")),((F3*F$51)/(F$53)),IF(AND(Results!$E$5="Weight",$C$52>0, Results!$E$4="Tissue",OR($B$52="g",$B$52="mg")),((F3*F$51)/(F$52)),IF(AND(Results!$E$5="Volume",$C$54>0,Results!$E$4="Fluid"),((F3*F$51)/(F$54)),IF(AND(Results!$E$4="Cells",Results!$E$5="Million",$B$52="million"),((F3*F$51)/(F$52)),"0"))))) -> 89.5585 | G56: =IF(G3=0,"0",IF(AND(Results!$E$5="Protein",$C$53>0,OR(Results!$E$4="Tissue",Results!$E$4="Cells")),((G3*G$51)/(G$53)),IF(AND(Results!$E$5="Weight",$C$52>0, Results!$E$4="Tissue",OR($B$52="g",$B$52="mg")),((G3*G$51)/(G$52)),IF(AND(Results!$E$5="Volume",$C$54>0,Results!$E$4="Fluid"),((G3*G$51)/(G$54)),IF(AND(Results!$E$4="Cells",Results!$E$5="Million",$B$52="million"),((G3*G$51)/(G$52)),"0"))))) -> 35.85765 | H56: =IF(H3=0,"0",IF(AND(Results!$E$5="Protein",$C$53>0,OR(Results!$E$4="Tissue",Results!$E$4="Cells")),((H3*H$51)/(H$53)),IF(AND(Results!$E$5="Weight",$C$52>0, Results!$E$4="Tissue",OR($B$52="g",$B$52="mg")),((H3*H$51)/(H$52)),IF(AND(Results!$E$5="Volume",$C$54>0,Results!$E$4="Fluid"),((H3*H$51)/(H$54)),IF(AND(Results!$E$4="Cells",Results!$E$5="Million",$B$52="million"),((H3*H$51)/(H$52)),"0"))))) -> 27.483217 | I56: =IF(I3=0,"0",IF(AND(Results!$E$5="Protein",$C$53>0,OR(Results!$E$4="Tissue",Results!$E$4="Cells")),((I3*I$51)/(I$53)),IF(AND(Results!$E$5="Weight",$C$52>0, Results!$E$4="Tissue",OR($B$52="g",$B$52="mg")),((I3*I$51)/(I$52)),IF(AND(Results!$E$5="Volume",$C$54>0,Results!$E$4="Fluid"),((I3*I$51)/(I$54)),IF(AND(Results!$E$4="Cells",Results!$E$5="Million",$B$52="million"),((I3*I$51)/(I$52)),"0"))))) -> 14.128983 | J56: =IF(J3=0,"0",IF(AND(Results!$E$5="Protein",$C$53>0,OR(Results!$E$4="Tissue",Results!$E$4="Cells")),((J3*J$51)/(J$53)),IF(AND(Results!$E$5="Weight",$C$52>0, Results!$E$4="Tissue",OR($B$52="g",$B$52="mg")),((J3*J$51)/(J$52)),IF(AND(Results!$E$5="Volume",$C$54>0,Results!$E$4="Fluid"),((J3*J$51)/(J$54)),IF(AND(Results!$E$4="Cells",Results!$E$5="Million",$B$52="million"),((J3*J$51)/(J$52)),"0"))))) -> 7.4184 | ... FO56: =IF(FO3=0,"0",IF(AND(Results!$E$5="Protein",$C$53>0,OR(Results!$E$4="Tissue",Results!$E$4="Cells")),((FO3*FO$51)/(FO$53)),IF(AND(Results!$E$5="Weight",$C$52>0, Results!$E$4="Tissue",OR($B$52="g",$B$52="mg")),((FO3*FO$51)/(FO$52)),IF(AND(Results!$E$5="Volume",$C$54>0,Results!$E$4="Fluid"),((FO3*FO$51)/(FO$54)),IF(AND(Results!$E$4="Cells",Results!$E$5="Million",$B$52="million"),((FO3*FO$51)/(FO$52)),"0"))))) -> 17.897417
A57: =A4 -> 10-HODE | C57: =IF(C4=0,"0",IF(AND(Results!$E$5="Protein",$C$53>0,OR(Results!$E$4="Tissue",Results!$E$4="Cells")),((C4*C$51)/(C$53)),IF(AND(Results!$E$5="Weight",$C$52>0, Results!$E$4="Tissue",OR($B$52="g",$B$52="mg")),((C4*C$51)/(C$52)),IF(AND(Results!$E$5="Volume",$C$54>0,Results!$E$4="Fluid"),((C4*C$51)/(C$54)),IF(AND(Results!$E$4="Cells",Results!$E$5="Million",$B$52="million"),((C4*C$51)/(C$52)),"0"))))) -> 0 | D57: =IF(D4=0,"0",IF(AND(Results!$E$5="Protein",$C$53>0,OR(Results!$E$4="Tissue",Results!$E$4="Cells")),((D4*D$51)/(D$53)),IF(AND(Results!$E$5="Weight",$C$52>0, Results!$E$4="Tissue",OR($B$52="g",$B$52="mg")),((D4*D$51)/(D$52)),IF(AND(Results!$E$5="Volume",$C$54>0,Results!$E$4="Fluid"),((D4*D$51)/(D$54)),IF(AND(Results!$E$4="Cells",Results!$E$5="Million",$B$52="million"),((D4*D$51)/(D$52)),"0"))))) -> 0 | E57: =IF(E4=0,"0",IF(AND(Results!$E$5="Protein",$C$53>0,OR(Results!$E$4="Tissue",Results!$E$4="Cells")),((E4*E$51)/(E$53)),IF(AND(Results!$E$5="Weight",$C$52>0, Results!$E$4="Tissue",OR($B$52="g",$B$52="mg")),((E4*E$51)/(E$52)),IF(AND(Results!$E$5="Volume",$C$54>0,Results!$E$4="Fluid"),((E4*E$51)/(E$54)),IF(AND(Results!$E$4="Cells",Results!$E$5="Million",$B$52="million"),((E4*E$51)/(E$52)),"0"))))) -> 0 | F57: =IF(F4=0,"0",IF(AND(Results!$E$5="Protein",$C$53>0,OR(Results!$E$4="Tissue",Results!$E$4="Cells")),((F4*F$51)/(F$53)),IF(AND(Results!$E$5="Weight",$C$52>0, Results!$E$4="Tissue",OR($B$52="g",$B$52="mg")),((F4*F$51)/(F$52)),IF(AND(Results!$E$5="Volume",$C$54>0,Results!$E$4="Fluid"),((F4*F$51)/(F$54)),IF(AND(Results!$E$4="Cells",Results!$E$5="Million",$B$52="million"),((F4*F$51)/(F$52)),"0"))))) -> 0 | G57: =IF(G4=0,"0",IF(AND(Results!$E$5="Protein",$C$53>0,OR(Results!$E$4="Tissue",Results!$E$4="Cells")),((G4*G$51)/(G$53)),IF(AND(Results!$E$5="Weight",$C$52>0, Results!$E$4="Tissue",OR($B$52="g",$B$52="mg")),((G4*G$51)/(G$52)),IF(AND(Results!$E$5="Volume",$C$54>0,Results!$E$4="Fluid"),((G4*G$51)/(G$54)),IF(AND(Results!$E$4="Cells",Results!$E$5="Million",$B$52="million"),((G4*G$51)/(G$52)),"0"))))) -> 0 | H57: =IF(H4=0,"0",IF(AND(Results!$E$5="Protein",$C$53>0,OR(Results!$E$4="Tissue",Results!$E$4="Cells")),((H4*H$51)/(H$53)),IF(AND(Results!$E$5="Weight",$C$52>0, Results!$E$4="Tissue",OR($B$52="g",$B$52="mg")),((H4*H$51)/(H$52)),IF(AND(Results!$E$5="Volume",$C$54>0,Results!$E$4="Fluid"),((H4*H$51)/(H$54)),IF(AND(Results!$E$4="Cells",Results!$E$5="Million",$B$52="million"),((H4*H$51)/(H$52)),"0"))))) -> 0 | I57: =IF(I4=0,"0",IF(AND(Results!$E$5="Protein",$C$53>0,OR(Results!$E$4="Tissue",Results!$E$4="Cells")),((I4*I$51)/(I$53)),IF(AND(Results!$E$5="Weight",$C$52>0, Results!$E$4="Tissue",OR($B$52="g",$B$52="mg")),((I4*I$51)/(I$52)),IF(AND(Results!$E$5="Volume",$C$54>0,Results!$E$4="Fluid"),((I4*I$51)/(I$54)),IF(AND(Results!$E$4="Cells",Results!$E$5="Million",$B$52="million"),((I4*I$51)/(I$52)),"0"))))) -> 0 | J57: =IF(J4=0,"0",IF(AND(Results!$E$5="Protein",$C$53>0,OR(Results!$E$4="Tissue",Results!$E$4="Cells")),((J4*J$51)/(J$53)),IF(AND(Results!$E$5="Weight",$C$52>0, Results!$E$4="Tissue",OR($B$52="g",$B$52="mg")),((J4*J$51)/(J$52)),IF(AND(Results!$E$5="Volume",$C$54>0,Results!$E$4="Fluid"),((J4*J$51)/(J$54)),IF(AND(Results!$E$4="Cells",Results!$E$5="Million",$B$52="million"),((J4*J$51)/(J$52)),"0"))))) -> 0 | ... FO57: =IF(FO4=0,"0",IF(AND(Results!$E$5="Protein",$C$53>0,OR(Results!$E$4="Tissue",Results!$E$4="Cells")),((FO4*FO$51)/(FO$53)),IF(AND(Results!$E$5="Weight",$C$52>0, Results!$E$4="Tissue",OR($B$52="g",$B$52="mg")),((FO4*FO$51)/(FO$52)),IF(AND(Results!$E$5="Volume",$C$54>0,Results!$E$4="Fluid"),((FO4*FO$51)/(FO$54)),IF(AND(Results!$E$4="Cells",Results!$E$5="Million",$B$52="million"),((FO4*FO$51)/(FO$52)),"0"))))) -> 0
A58: =A5 -> 13-HODE | C58: =IF(C5=0,"0",IF(AND(Results!$E$5="Protein",$C$53>0,OR(Results!$E$4="Tissue",Results!$E$4="Cells")),((C5*C$51)/(C$53)),IF(AND(Results!$E$5="Weight",$C$52>0, Results!$E$4="Tissue",OR($B$52="g",$B$52="mg")),((C5*C$51)/(C$52)),IF(AND(Results!$E$5="Volume",$C$54>0,Results!$E$4="Fluid"),((C5*C$51)/(C$54)),IF(AND(Results!$E$4="Cells",Results!$E$5="Million",$B$52="million"),((C5*C$51)/(C$52)),"0"))))) -> 27.323333 | D58: =IF(D5=0,"0",IF(AND(Results!$E$5="Protein",$C$53>0,OR(Results!$E$4="Tissue",Results!$E$4="Cells")),((D5*D$51)/(D$53)),IF(AND(Results!$E$5="Weight",$C$52>0, Results!$E$4="Tissue",OR($B$52="g",$B$52="mg")),((D5*D$51)/(D$52)),IF(AND(Results!$E$5="Volume",$C$54>0,Results!$E$4="Fluid"),((D5*D$51)/(D$54)),IF(AND(Results!$E$4="Cells",Results!$E$5="Million",$B$52="million"),((D5*D$51)/(D$52)),"0"))))) -> 47.252867 | E58: =IF(E5=0,"0",IF(AND(Results!$E$5="Protein",$C$53>0,OR(Results!$E$4="Tissue",Results!$E$4="Cells")),((E5*E$51)/(E$53)),IF(AND(Results!$E$5="Weight",$C$52>0, Results!$E$4="Tissue",OR($B$52="g",$B$52="mg")),((E5*E$51)/(E$52)),IF(AND(Results!$E$5="Volume",$C$54>0,Results!$E$4="Fluid"),((E5*E$51)/(E$54)),IF(AND(Results!$E$4="Cells",Results!$E$5="Million",$B$52="million"),((E5*E$51)/(E$52)),"0"))))) -> 13.73985 | F58: =IF(F5=0,"0",IF(AND(Results!$E$5="Protein",$C$53>0,OR(Results!$E$4="Tissue",Results!$E$4="Cells")),((F5*F$51)/(F$53)),IF(AND(Results!$E$5="Weight",$C$52>0, Results!$E$4="Tissue",OR($B$52="g",$B$52="mg")),((F5*F$51)/(F$52)),IF(AND(Results!$E$5="Volume",$C$54>0,Results!$E$4="Fluid"),((F5*F$51)/(F$54)),IF(AND(Results!$E$4="Cells",Results!$E$5="Million",$B$52="million"),((F5*F$51)/(F$52)),"0"))))) -> 108.00115 | G58: =IF(G5=0,"0",IF(AND(Results!$E$5="Protein",$C$53>0,OR(Results!$E$4="Tissue",Results!$E$4="Cells")),((G5*G$51)/(G$53)),IF(AND(Results!$E$5="Weight",$C$52>0, Results!$E$4="Tissue",OR($B$52="g",$B$52="mg")),((G5*G$51)/(G$52)),IF(AND(Results!$E$5="Volume",$C$54>0,Results!$E$4="Fluid"),((G5*G$51)/(G$54)),IF(AND(Results!$E$4="Cells",Results!$E$5="Million",$B$52="million"),((G5*G$51)/(G$52)),"0"))))) -> 46.803067 | H58: =IF(H5=0,"0",IF(AND(Results!$E$5="Protein",$C$53>0,OR(Results!$E$4="Tissue",Results!$E$4="Cells")),((H5*H$51)/(H$53)),IF(AND(Results!$E$5="Weight",$C$52>0, Results!$E$4="Tissue",OR($B$52="g",$B$52="mg")),((H5*H$51)/(H$52)),IF(AND(Results!$E$5="Volume",$C$54>0,Results!$E$4="Fluid"),((H5*H$51)/(H$54)),IF(AND(Results!$E$4="Cells",Results!$E$5="Million",$B$52="million"),((H5*H$51)/(H$52)),"0"))))) -> 33.524733 | I58: =IF(I5=0,"0",IF(AND(Results!$E$5="Protein",$C$53>0,OR(Results!$E$4="Tissue",Results!$E$4="Cells")),((I5*I$51)/(I$53)),IF(AND(Results!$E$5="Weight",$C$52>0, Results!$E$4="Tissue",OR($B$52="g",$B$52="mg")),((I5*I$51)/(I$52)),IF(AND(Results!$E$5="Volume",$C$54>0,Results!$E$4="Fluid"),((I5*I$51)/(I$54)),IF(AND(Results!$E$4="Cells",Results!$E$5="Million",$B$52="million"),((I5*I$51)/(I$52)),"0"))))) -> 47.74745 | J58: =IF(J5=0,"0",IF(AND(Results!$E$5="Protein",$C$53>0,OR(Results!$E$4="Tissue",Results!$E$4="Cells")),((J5*J$51)/(J$53)),IF(AND(Results!$E$5="Weight",$C$52>0, Results!$E$4="Tissue",OR($B$52="g",$B$52="mg")),((J5*J$51)/(J$52)),IF(AND(Results!$E$5="Volume",$C$54>0,Results!$E$4="Fluid"),((J5*J$51)/(J$54)),IF(AND(Results!$E$4="Cells",Results!$E$5="Million",$B$52="million"),((J5*J$51)/(J$52)),"0"))))) -> 19.417933 | ... FO58: =IF(FO5=0,"0",IF(AND(Results!$E$5="Protein",$C$53>0,OR(Results!$E$4="Tissue",Results!$E$4="Cells")),((FO5*FO$51)/(FO$53)),IF(AND(Results!$E$5="Weight",$C$52>0, Results!$E$4="Tissue",OR($B$52="g",$B$52="mg")),((FO5*FO$51)/(FO$52)),IF(AND(Results!$E$5="Volume",$C$54>0,Results!$E$4="Fluid"),((FO5*FO$51)/(FO$54)),IF(AND(Results!$E$4="Cells",Results!$E$5="Million",$B$52="million"),((FO5*FO$51)/(FO$52)),"0"))))) -> 29.08675
A59: =A6 -> 9,10-DiHOME | C59: =IF(C6=0,"0",IF(AND(Results!$E$5="Protein",$C$53>0,OR(Results!$E$4="Tissue",Results!$E$4="Cells")),((C6*C$51)/(C$53)),IF(AND(Results!$E$5="Weight",$C$52>0, Results!$E$4="Tissue",OR($B$52="g",$B$52="mg")),((C6*C$51)/(C$52)),IF(AND(Results!$E$5="Volume",$C$54>0,Results!$E$4="Fluid"),((C6*C$51)/(C$54)),IF(AND(Results!$E$4="Cells",Results!$E$5="Million",$B$52="million"),((C6*C$51)/(C$52)),"0"))))) -> 1.97035 | D59: =IF(D6=0,"0",IF(AND(Results!$E$5="Protein",$C$53>0,OR(Results!$E$4="Tissue",Results!$E$4="Cells")),((D6*D$51)/(D$53)),IF(AND(Results!$E$5="Weight",$C$52>0, Results!$E$4="Tissue",OR($B$52="g",$B$52="mg")),((D6*D$51)/(D$52)),IF(AND(Results!$E$5="Volume",$C$54>0,Results!$E$4="Fluid"),((D6*D$51)/(D$54)),IF(AND(Results!$E$4="Cells",Results!$E$5="Million",$B$52="million"),((D6*D$51)/(D$52)),"0"))))) -> 2.8201 | E59: =IF(E6=0,"0",IF(AND(Results!$E$5="Protein",$C$53>0,OR(Results!$E$4="Tissue",Results!$E$4="Cells")),((E6*E$51)/(E$53)),IF(AND(Results!$E$5="Weight",$C$52>0, Results!$E$4="Tissue",OR($B$52="g",$B$52="mg")),((E6*E$51)/(E$52)),IF(AND(Results!$E$5="Volume",$C$54>0,Results!$E$4="Fluid"),((E6*E$51)/(E$54)),IF(AND(Results!$E$4="Cells",Results!$E$5="Million",$B$52="million"),((E6*E$51)/(E$52)),"0"))))) -> 4.6212333 | F59: =IF(F6=0,"0",IF(AND(Results!$E$5="Protein",$C$53>0,OR(Results!$E$4="Tissue",Results!$E$4="Cells")),((F6*F$51)/(F$53)),IF(AND(Results!$E$5="Weight",$C$52>0, Results!$E$4="Tissue",OR($B$52="g",$B$52="mg")),((F6*F$51)/(F$52)),IF(AND(Results!$E$5="Volume",$C$54>0,Results!$E$4="Fluid"),((F6*F$51)/(F$54)),IF(AND(Results!$E$4="Cells",Results!$E$5="Million",$B$52="million"),((F6*F$51)/(F$52)),"0"))))) -> 13.86495 | G59: =IF(G6=0,"0",IF(AND(Results!$E$5="Protein",$C$53>0,OR(Results!$E$4="Tissue",Results!$E$4="Cells")),((G6*G$51)/(G$53)),IF(AND(Results!$E$5="Weight",$C$52>0, Results!$E$4="Tissue",OR($B$52="g",$B$52="mg")),((G6*G$51)/(G$52)),IF(AND(Results!$E$5="Volume",$C$54>0,Results!$E$4="Fluid"),((G6*G$51)/(G$54)),IF(AND(Results!$E$4="Cells",Results!$E$5="Million",$B$52="million"),((G6*G$51)/(G$52)),"0"))))) -> 2.5101667 | H59: =IF(H6=0,"0",IF(AND(Results!$E$5="Protein",$C$53>0,OR(Results!$E$4="Tissue",Results!$E$4="Cells")),((H6*H$51)/(H$53)),IF(AND(Results!$E$5="Weight",$C$52>0, Results!$E$4="Tissue",OR($B$52="g",$B$52="mg")),((H6*H$51)/(H$52)),IF(AND(Results!$E$5="Volume",$C$54>0,Results!$E$4="Fluid"),((H6*H$51)/(H$54)),IF(AND(Results!$E$4="Cells",Results!$E$5="Million",$B$52="million"),((H6*H$51)/(H$52)),"0"))))) -> 0.59873333 | I59: =IF(I6=0,"0",IF(AND(Results!$E$5="Protein",$C$53>0,OR(Results!$E$4="Tissue",Results!$E$4="Cells")),((I6*I$51)/(I$53)),IF(AND(Results!$E$5="Weight",$C$52>0, Results!$E$4="Tissue",OR($B$52="g",$B$52="mg")),((I6*I$51)/(I$52)),IF(AND(Results!$E$5="Volume",$C$54>0,Results!$E$4="Fluid"),((I6*I$51)/(I$54)),IF(AND(Results!$E$4="Cells",Results!$E$5="Million",$B$52="million"),((I6*I$51)/(I$52)),"0"))))) -> 2.7499333 | J59: =IF(J6=0,"0",IF(AND(Results!$E$5="Protein",$C$53>0,OR(Results!$E$4="Tissue",Results!$E$4="Cells")),((J6*J$51)/(J$53)),IF(AND(Results!$E$5="Weight",$C$52>0, Results!$E$4="Tissue",OR($B$52="g",$B$52="mg")),((J6*J$51)/(J$52)),IF(AND(Results!$E$5="Volume",$C$54>0,Results!$E$4="Fluid"),((J6*J$51)/(J$54)),IF(AND(Results!$E$4="Cells",Results!$E$5="Million",$B$52="million"),((J6*J$51)/(J$52)),"0"))))) -> 1.2010333 | ... FO59: =IF(FO6=0,"0",IF(AND(Results!$E$5="Protein",$C$53>0,OR(Results!$E$4="Tissue",Results!$E$4="Cells")),((FO6*FO$51)/(FO$53)),IF(AND(Results!$E$5="Weight",$C$52>0, Results!$E$4="Tissue",OR($B$52="g",$B$52="mg")),((FO6*FO$51)/(FO$52)),IF(AND(Results!$E$5="Volume",$C$54>0,Results!$E$4="Fluid"),((FO6*FO$51)/(FO$54)),IF(AND(Results!$E$4="Cells",Results!$E$5="Million",$B$52="million"),((FO6*FO$51)/(FO$52)),"0"))))) -> 1.6691167
A60: =A7 -> 12,13-DiHOME | C60: =IF(C7=0,"0",IF(AND(Results!$E$5="Protein",$C$53>0,OR(Results!$E$4="Tissue",Results!$E$4="Cells")),((C7*C$51)/(C$53)),IF(AND(Results!$E$5="Weight",$C$52>0, Results!$E$4="Tissue",OR($B$52="g",$B$52="mg")),((C7*C$51)/(C$52)),IF(AND(Results!$E$5="Volume",$C$54>0,Results!$E$4="Fluid"),((C7*C$51)/(C$54)),IF(AND(Results!$E$4="Cells",Results!$E$5="Million",$B$52="million"),((C7*C$51)/(C$52)),"0"))))) -> 2.4824333 | D60: =IF(D7=0,"0",IF(AND(Results!$E$5="Protein",$C$53>0,OR(Results!$E$4="Tissue",Results!$E$4="Cells")),((D7*D$51)/(D$53)),IF(AND(Results!$E$5="Weight",$C$52>0, Results!$E$4="Tissue",OR($B$52="g",$B$52="mg")),((D7*D$51)/(D$52)),IF(AND(Results!$E$5="Volume",$C$54>0,Results!$E$4="Fluid"),((D7*D$51)/(D$54)),IF(AND(Results!$E$4="Cells",Results!$E$5="Million",$B$52="million"),((D7*D$51)/(D$52)),"0"))))) -> 2.25685 | E60: =IF(E7=0,"0",IF(AND(Results!$E$5="Protein",$C$53>0,OR(Results!$E$4="Tissue",Results!$E$4="Cells")),((E7*E$51)/(E$53)),IF(AND(Results!$E$5="Weight",$C$52>0, Results!$E$4="Tissue",OR($B$52="g",$B$52="mg")),((E7*E$51)/(E$52)),IF(AND(Results!$E$5="Volume",$C$54>0,Results!$E$4="Fluid"),((E7*E$51)/(E$54)),IF(AND(Results!$E$4="Cells",Results!$E$5="Million",$B$52="million"),((E7*E$51)/(E$52)),"0"))))) -> 4.97675 | F60: =IF(F7=0,"0",IF(AND(Results!$E$5="Protein",$C$53>0,OR(Results!$E$4="Tissue",Results!$E$4="Cells")),((F7*F$51)/(F$53)),IF(AND(Results!$E$5="Weight",$C$52>0, Results!$E$4="Tissue",OR($B$52="g",$B$52="mg")),((F7*F$51)/(F$52)),IF(AND(Results!$E$5="Volume",$C$54>0,Results!$E$4="Fluid"),((F7*F$51)/(F$54)),IF(AND(Results!$E$4="Cells",Results!$E$5="Million",$B$52="million"),((F7*F$51)/(F$52)),"0"))))) -> 19.789067 | G60: =IF(G7=0,"0",IF(AND(Results!$E$5="Protein",$C$53>0,OR(Results!$E$4="Tissue",Results!$E$4="Cells")),((G7*G$51)/(G$53)),IF(AND(Results!$E$5="Weight",$C$52>0, Results!$E$4="Tissue",OR($B$52="g",$B$52="mg")),((G7*G$51)/(G$52)),IF(AND(Results!$E$5="Volume",$C$54>0,Results!$E$4="Fluid"),((G7*G$51)/(G$54)),IF(AND(Results!$E$4="Cells",Results!$E$5="Million",$B$52="million"),((G7*G$51)/(G$52)),"0"))))) -> 2.1857333 | H60: =IF(H7=0,"0",IF(AND(Results!$E$5="Protein",$C$53>0,OR(Results!$E$4="Tissue",Results!$E$4="Cells")),((H7*H$51)/(H$53)),IF(AND(Results!$E$5="Weight",$C$52>0, Results!$E$4="Tissue",OR($B$52="g",$B$52="mg")),((H7*H$51)/(H$52)),IF(AND(Results!$E$5="Volume",$C$54>0,Results!$E$4="Fluid"),((H7*H$51)/(H$54)),IF(AND(Results!$E$4="Cells",Results!$E$5="Million",$B$52="million"),((H7*H$51)/(H$52)),"0"))))) -> 0.61315 | I60: =IF(I7=0,"0",IF(AND(Results!$E$5="Protein",$C$53>0,OR(Results!$E$4="Tissue",Results!$E$4="Cells")),((I7*I$51)/(I$53)),IF(AND(Results!$E$5="Weight",$C$52>0, Results!$E$4="Tissue",OR($B$52="g",$B$52="mg")),((I7*I$51)/(I$52)),IF(AND(Results!$E$5="Volume",$C$54>0,Results!$E$4="Fluid"),((I7*I$51)/(I$54)),IF(AND(Results!$E$4="Cells",Results!$E$5="Million",$B$52="million"),((I7*I$51)/(I$52)),"0"))))) -> 3.63365 | J60: =IF(J7=0,"0",IF(AND(Results!$E$5="Protein",$C$53>0,OR(Results!$E$4="Tissue",Results!$E$4="Cells")),((J7*J$51)/(J$53)),IF(AND(Results!$E$5="Weight",$C$52>0, Results!$E$4="Tissue",OR($B$52="g",$B$52="mg")),((J7*J$51)/(J$52)),IF(AND(Results!$E$5="Volume",$C$54>0,Results!$E$4="Fluid"),((J7*J$51)/(J$54)),IF(AND(Results!$E$4="Cells",Results!$E$5="Million",$B$52="million"),((J7*J$51)/(J$52)),"0"))))) -> 0.93755 | ... FO60: =IF(FO7=0,"0",IF(AND(Results!$E$5="Protein",$C$53>0,OR(Results!$E$4="Tissue",Results!$E$4="Cells")),((FO7*FO$51)/(FO$53)),IF(AND(Results!$E$5="Weight",$C$52>0, Results!$E$4="Tissue",OR($B$52="g",$B$52="mg")),((FO7*FO$51)/(FO$52)),IF(AND(Results!$E$5="Volume",$C$54>0,Results!$E$4="Fluid"),((FO7*FO$51)/(FO$54)),IF(AND(Results!$E$4="Cells",Results!$E$5="Million",$B$52="million"),((FO7*FO$51)/(FO$52)),"0"))))) -> 2.86305
A61: =A8 -> 9-oxo-ODE | C61: =IF(C8=0,"0",IF(AND(Results!$E$5="Protein",$C$53>0,OR(Results!$E$4="Tissue",Results!$E$4="Cells")),((C8*C$51)/(C$53)),IF(AND(Results!$E$5="Weight",$C$52>0, Results!$E$4="Tissue",OR($B$52="g",$B$52="mg")),((C8*C$51)/(C$52)),IF(AND(Results!$E$5="Volume",$C$54>0,Results!$E$4="Fluid"),((C8*C$51)/(C$54)),IF(AND(Results!$E$4="Cells",Results!$E$5="Million",$B$52="million"),((C8*C$51)/(C$52)),"0"))))) -> 1.7366167 | D61: =IF(D8=0,"0",IF(AND(Results!$E$5="Protein",$C$53>0,OR(Results!$E$4="Tissue",Results!$E$4="Cells")),((D8*D$51)/(D$53)),IF(AND(Results!$E$5="Weight",$C$52>0, Results!$E$4="Tissue",OR($B$52="g",$B$52="mg")),((D8*D$51)/(D$52)),IF(AND(Results!$E$5="Volume",$C$54>0,Results!$E$4="Fluid"),((D8*D$51)/(D$54)),IF(AND(Results!$E$4="Cells",Results!$E$5="Million",$B$52="million"),((D8*D$51)/(D$52)),"0"))))) -> 0.71836667 | E61: =IF(E8=0,"0",IF(AND(Results!$E$5="Protein",$C$53>0,OR(Results!$E$4="Tissue",Results!$E$4="Cells")),((E8*E$51)/(E$53)),IF(AND(Results!$E$5="Weight",$C$52>0, Results!$E$4="Tissue",OR($B$52="g",$B$52="mg")),((E8*E$51)/(E$52)),IF(AND(Results!$E$5="Volume",$C$54>0,Results!$E$4="Fluid"),((E8*E$51)/(E$54)),IF(AND(Results!$E$4="Cells",Results!$E$5="Million",$B$52="million"),((E8*E$51)/(E$52)),"0"))))) -> 0 | F61: =IF(F8=0,"0",IF(AND(Results!$E$5="Protein",$C$53>0,OR(Results!$E$4="Tissue",Results!$E$4="Cells")),((F8*F$51)/(F$53)),IF(AND(Results!$E$5="Weight",$C$52>0, Results!$E$4="Tissue",OR($B$52="g",$B$52="mg")),((F8*F$51)/(F$52)),IF(AND(Results!$E$5="Volume",$C$54>0,Results!$E$4="Fluid"),((F8*F$51)/(F$54)),IF(AND(Results!$E$4="Cells",Results!$E$5="Million",$B$52="million"),((F8*F$51)/(F$52)),"0"))))) -> 6.35905 | G61: =IF(G8=0,"0",IF(AND(Results!$E$5="Protein",$C$53>0,OR(Results!$E$4="Tissue",Results!$E$4="Cells")),((G8*G$51)/(G$53)),IF(AND(Results!$E$5="Weight",$C$52>0, Results!$E$4="Tissue",OR($B$52="g",$B$52="mg")),((G8*G$51)/(G$52)),IF(AND(Results!$E$5="Volume",$C$54>0,Results!$E$4="Fluid"),((G8*G$51)/(G$54)),IF(AND(Results!$E$4="Cells",Results!$E$5="Million",$B$52="million"),((G8*G$51)/(G$52)),"0"))))) -> 0.56305 | H61: =IF(H8=0,"0",IF(AND(Results!$E$5="Protein",$C$53>0,OR(Results!$E$4="Tissue",Results!$E$4="Cells")),((H8*H$51)/(H$53)),IF(AND(Results!$E$5="Weight",$C$52>0, Results!$E$4="Tissue",OR($B$52="g",$B$52="mg")),((H8*H$51)/(H$52)),IF(AND(Results!$E$5="Volume",$C$54>0,Results!$E$4="Fluid"),((H8*H$51)/(H$54)),IF(AND(Results!$E$4="Cells",Results!$E$5="Million",$B$52="million"),((H8*H$51)/(H$52)),"0"))))) -> 0.18223333 | I61: =IF(I8=0,"0",IF(AND(Results!$E$5="Protein",$C$53>0,OR(Results!$E$4="Tissue",Results!$E$4="Cells")),((I8*I$51)/(I$53)),IF(AND(Results!$E$5="Weight",$C$52>0, Results!$E$4="Tissue",OR($B$52="g",$B$52="mg")),((I8*I$51)/(I$52)),IF(AND(Results!$E$5="Volume",$C$54>0,Results!$E$4="Fluid"),((I8*I$51)/(I$54)),IF(AND(Results!$E$4="Cells",Results!$E$5="Million",$B$52="million"),((I8*I$51)/(I$52)),"0"))))) -> 0.13431667 | J61: =IF(J8=0,"0",IF(AND(Results!$E$5="Protein",$C$53>0,OR(Results!$E$4="Tissue",Results!$E$4="Cells")),((J8*J$51)/(J$53)),IF(AND(Results!$E$5="Weight",$C$52>0, Results!$E$4="Tissue",OR($B$52="g",$B$52="mg")),((J8*J$51)/(J$52)),IF(AND(Results!$E$5="Volume",$C$54>0,Results!$E$4="Fluid"),((J8*J$51)/(J$54)),IF(AND(Results!$E$4="Cells",Results!$E$5="Million",$B$52="million"),((J8*J$51)/(J$52)),"0"))))) -> 0.13605 | ... FO61: =IF(FO8=0,"0",IF(AND(Results!$E$5="Protein",$C$53>0,OR(Results!$E$4="Tissue",Results!$E$4="Cells")),((FO8*FO$51)/(FO$53)),IF(AND(Results!$E$5="Weight",$C$52>0, Results!$E$4="Tissue",OR($B$52="g",$B$52="mg")),((FO8*FO$51)/(FO$52)),IF(AND(Results!$E$5="Volume",$C$54>0,Results!$E$4="Fluid"),((FO8*FO$51)/(FO$54)),IF(AND(Results!$E$4="Cells",Results!$E$5="Million",$B$52="million"),((FO8*FO$51)/(FO$52)),"0"))))) -> 0.18566667
A62: =A9 -> 13-oxo-ODE | C62: =IF(C9=0,"0",IF(AND(Results!$E$5="Protein",$C$53>0,OR(Results!$E$4="Tissue",Results!$E$4="Cells")),((C9*C$51)/(C$53)),IF(AND(Results!$E$5="Weight",$C$52>0, Results!$E$4="Tissue",OR($B$52="g",$B$52="mg")),((C9*C$51)/(C$52)),IF(AND(Results!$E$5="Volume",$C$54>0,Results!$E$4="Fluid"),((C9*C$51)/(C$54)),IF(AND(Results!$E$4="Cells",Results!$E$5="Million",$B$52="million"),((C9*C$51)/(C$52)),"0"))))) -> 2.0874 | D62: =IF(D9=0,"0",IF(AND(Results!$E$5="Protein",$C$53>0,OR(Results!$E$4="Tissue",Results!$E$4="Cells")),((D9*D$51)/(D$53)),IF(AND(Results!$E$5="Weight",$C$52>0, Results!$E$4="Tissue",OR($B$52="g",$B$52="mg")),((D9*D$51)/(D$52)),IF(AND(Results!$E$5="Volume",$C$54>0,Results!$E$4="Fluid"),((D9*D$51)/(D$54)),IF(AND(Results!$E$4="Cells",Results!$E$5="Million",$B$52="million"),((D9*D$51)/(D$52)),"0"))))) -> 0.94246667 | E62: =IF(E9=0,"0",IF(AND(Results!$E$5="Protein",$C$53>0,OR(Results!$E$4="Tissue",Results!$E$4="Cells")),((E9*E$51)/(E$53)),IF(AND(Results!$E$5="Weight",$C$52>0, Results!$E$4="Tissue",OR($B$52="g",$B$52="mg")),((E9*E$51)/(E$52)),IF(AND(Results!$E$5="Volume",$C$54>0,Results!$E$4="Fluid"),((E9*E$51)/(E$54)),IF(AND(Results!$E$4="Cells",Results!$E$5="Million",$B$52="million"),((E9*E$51)/(E$52)),"0"))))) -> 0 | F62: =IF(F9=0,"0",IF(AND(Results!$E$5="Protein",$C$53>0,OR(Results!$E$4="Tissue",Results!$E$4="Cells")),((F9*F$51)/(F$53)),IF(AND(Results!$E$5="Weight",$C$52>0, Results!$E$4="Tissue",OR($B$52="g",$B$52="mg")),((F9*F$51)/(F$52)),IF(AND(Results!$E$5="Volume",$C$54>0,Results!$E$4="Fluid"),((F9*F$51)/(F$54)),IF(AND(Results!$E$4="Cells",Results!$E$5="Million",$B$52="million"),((F9*F$51)/(F$52)),"0"))))) -> 7.48095 | G62: =IF(G9=0,"0",IF(AND(Results!$E$5="Protein",$C$53>0,OR(Results!$E$4="Tissue",Results!$E$4="Cells")),((G9*G$51)/(G$53)),IF(AND(Results!$E$5="Weight",$C$52>0, Results!$E$4="Tissue",OR($B$52="g",$B$52="mg")),((G9*G$51)/(G$52)),IF(AND(Results!$E$5="Volume",$C$54>0,Results!$E$4="Fluid"),((G9*G$51)/(G$54)),IF(AND(Results!$E$4="Cells",Results!$E$5="Million",$B$52="million"),((G9*G$51)/(G$52)),"0"))))) -> 2.31495 | H62: =IF(H9=0,"0",IF(AND(Results!$E$5="Protein",$C$53>0,OR(Results!$E$4="Tissue",Results!$E$4="Cells")),((H9*H$51)/(H$53)),IF(AND(Results!$E$5="Weight",$C$52>0, Results!$E$4="Tissue",OR($B$52="g",$B$52="mg")),((H9*H$51)/(H$52)),IF(AND(Results!$E$5="Volume",$C$54>0,Results!$E$4="Fluid"),((H9*H$51)/(H$54)),IF(AND(Results!$E$4="Cells",Results!$E$5="Million",$B$52="million"),((H9*H$51)/(H$52)),"0"))))) -> 0.62655 | I62: =IF(I9=0,"0",IF(AND(Results!$E$5="Protein",$C$53>0,OR(Results!$E$4="Tissue",Results!$E$4="Cells")),((I9*I$51)/(I$53)),IF(AND(Results!$E$5="Weight",$C$52>0, Results!$E$4="Tissue",OR($B$52="g",$B$52="mg")),((I9*I$51)/(I$52)),IF(AND(Results!$E$5="Volume",$C$54>0,Results!$E$4="Fluid"),((I9*I$51)/(I$54)),IF(AND(Results!$E$4="Cells",Results!$E$5="Million",$B$52="million"),((I9*I$51)/(I$52)),"0"))))) -> 0 | J62: =IF(J9=0,"0",IF(AND(Results!$E$5="Protein",$C$53>0,OR(Results!$E$4="Tissue",Results!$E$4="Cells")),((J9*J$51)/(J$53)),IF(AND(Results!$E$5="Weight",$C$52>0, Results!$E$4="Tissue",OR($B$52="g",$B$52="mg")),((J9*J$51)/(J$52)),IF(AND(Results!$E$5="Volume",$C$54>0,Results!$E$4="Fluid"),((J9*J$51)/(J$54)),IF(AND(Results!$E$4="Cells",Results!$E$5="Million",$B$52="million"),((J9*J$51)/(J$52)),"0"))))) -> 0.23433333 | ... FO62: =IF(FO9=0,"0",IF(AND(Results!$E$5="Protein",$C$53>0,OR(Results!$E$4="Tissue",Results!$E$4="Cells")),((FO9*FO$51)/(FO$53)),IF(AND(Results!$E$5="Weight",$C$52>0, Results!$E$4="Tissue",OR($B$52="g",$B$52="mg")),((FO9*FO$51)/(FO$52)),IF(AND(Results!$E$5="Volume",$C$54>0,Results!$E$4="Fluid"),((FO9*FO$51)/(FO$54)),IF(AND(Results!$E$4="Cells",Results!$E$5="Million",$B$52="million"),((FO9*FO$51)/(FO$52)),"0"))))) -> 0
A63: =A10 -> 9,10,13-TriHOME | C63: =IF(C10=0,"0",IF(AND(Results!$E$5="Protein",$C$53>0,OR(Results!$E$4="Tissue",Results!$E$4="Cells")),((C10*C$51)/(C$53)),IF(AND(Results!$E$5="Weight",$C$52>0, Results!$E$4="Tissue",OR($B$52="g",$B$52="mg")),((C10*C$51)/(C$52)),IF(AND(Results!$E$5="Volume",$C$54>0,Results!$E$4="Fluid"),((C10*C$51)/(C$54)),IF(AND(Results!$E$4="Cells",Results!$E$5="Million",$B$52="million"),((C10*C$51)/(C$52)),"0"))))) -> 0.36576667 | D63: =IF(D10=0,"0",IF(AND(Results!$E$5="Protein",$C$53>0,OR(Results!$E$4="Tissue",Results!$E$4="Cells")),((D10*D$51)/(D$53)),IF(AND(Results!$E$5="Weight",$C$52>0, Results!$E$4="Tissue",OR($B$52="g",$B$52="mg")),((D10*D$51)/(D$52)),IF(AND(Results!$E$5="Volume",$C$54>0,Results!$E$4="Fluid"),((D10*D$51)/(D$54)),IF(AND(Results!$E$4="Cells",Results!$E$5="Million",$B$52="million"),((D10*D$51)/(D$52)),"0"))))) -> 0.30868333 | E63: =IF(E10=0,"0",IF(AND(Results!$E$5="Protein",$C$53>0,OR(Results!$E$4="Tissue",Results!$E$4="Cells")),((E10*E$51)/(E$53)),IF(AND(Results!$E$5="Weight",$C$52>0, Results!$E$4="Tissue",OR($B$52="g",$B$52="mg")),((E10*E$51)/(E$52)),IF(AND(Results!$E$5="Volume",$C$54>0,Results!$E$4="Fluid"),((E10*E$51)/(E$54)),IF(AND(Results!$E$4="Cells",Results!$E$5="Million",$B$52="million"),((E10*E$51)/(E$52)),"0"))))) -> 0.47098333 | F63: =IF(F10=0,"0",IF(AND(Results!$E$5="Protein",$C$53>0,OR(Results!$E$4="Tissue",Results!$E$4="Cells")),((F10*F$51)/(F$53)),IF(AND(Results!$E$5="Weight",$C$52>0, Results!$E$4="Tissue",OR($B$52="g",$B$52="mg")),((F10*F$51)/(F$52)),IF(AND(Results!$E$5="Volume",$C$54>0,Results!$E$4="Fluid"),((F10*F$51)/(F$54)),IF(AND(Results!$E$4="Cells",Results!$E$5="Million",$B$52="million"),((F10*F$51)/(F$52)),"0"))))) -> 5.4668833 | G63: =IF(G10=0,"0",IF(AND(Results!$E$5="Protein",$C$53>0,OR(Results!$E$4="Tissue",Results!$E$4="Cells")),((G10*G$51)/(G$53)),IF(AND(Results!$E$5="Weight",$C$52>0, Results!$E$4="Tissue",OR($B$52="g",$B$52="mg")),((G10*G$51)/(G$52)),IF(AND(Results!$E$5="Volume",$C$54>0,Results!$E$4="Fluid"),((G10*G$51)/(G$54)),IF(AND(Results!$E$4="Cells",Results!$E$5="Million",$B$52="million"),((G10*G$51)/(G$52)),"0"))))) -> 0 | H63: =IF(H10=0,"0",IF(AND(Results!$E$5="Protein",$C$53>0,OR(Results!$E$4="Tissue",Results!$E$4="Cells")),((H10*H$51)/(H$53)),IF(AND(Results!$E$5="Weight",$C$52>0, Results!$E$4="Tissue",OR($B$52="g",$B$52="mg")),((H10*H$51)/(H$52)),IF(AND(Results!$E$5="Volume",$C$54>0,Results!$E$4="Fluid"),((H10*H$51)/(H$54)),IF(AND(Results!$E$4="Cells",Results!$E$5="Million",$B$52="million"),((H10*H$51)/(H$52)),"0"))))) -> 0.1987 | I63: =IF(I10=0,"0",IF(AND(Results!$E$5="Protein",$C$53>0,OR(Results!$E$4="Tissue",Results!$E$4="Cells")),((I10*I$51)/(I$53)),IF(AND(Results!$E$5="Weight",$C$52>0, Results!$E$4="Tissue",OR($B$52="g",$B$52="mg")),((I10*I$51)/(I$52)),IF(AND(Results!$E$5="Volume",$C$54>0,Results!$E$4="Fluid"),((I10*I$51)/(I$54)),IF(AND(Results!$E$4="Cells",Results!$E$5="Million",$B$52="million"),((I10*I$51)/(I$52)),"0"))))) -> 0.14626667 | J63: =IF(J10=0,"0",IF(AND(Results!$E$5="Protein",$C$53>0,OR(Results!$E$4="Tissue",Results!$E$4="Cells")),((J10*J$51)/(J$53)),IF(AND(Results!$E$5="Weight",$C$52>0, Results!$E$4="Tissue",OR($B$52="g",$B$52="mg")),((J10*J$51)/(J$52)),IF(AND(Results!$E$5="Volume",$C$54>0,Results!$E$4="Fluid"),((J10*J$51)/(J$54)),IF(AND(Results!$E$4="Cells",Results!$E$5="Million",$B$52="million"),((J10*J$51)/(J$52)),"0"))))) -> 0.2453 | ... FO63: =IF(FO10=0,"0",IF(AND(Results!$E$5="Protein",$C$53>0,OR(Results!$E$4="Tissue",Results!$E$4="Cells")),((FO10*FO$51)/(FO$53)),IF(AND(Results!$E$5="Weight",$C$52>0, Results!$E$4="Tissue",OR($B$52="g",$B$52="mg")),((FO10*FO$51)/(FO$52)),IF(AND(Results!$E$5="Volume",$C$54>0,Results!$E$4="Fluid"),((FO10*FO$51)/(FO$54)),IF(AND(Results!$E$4="Cells",Results!$E$5="Million",$B$52="million"),((FO10*FO$51)/(FO$52)),"0"))))) -> 0
A64: =A11 -> 9,12,13-TriHOME | C64: =IF(C11=0,"0",IF(AND(Results!$E$5="Protein",$C$53>0,OR(Results!$E$4="Tissue",Results!$E$4="Cells")),((C11*C$51)/(C$53)),IF(AND(Results!$E$5="Weight",$C$52>0, Results!$E$4="Tissue",OR($B$52="g",$B$52="mg")),((C11*C$51)/(C$52)),IF(AND(Results!$E$5="Volume",$C$54>0,Results!$E$4="Fluid"),((C11*C$51)/(C$54)),IF(AND(Results!$E$4="Cells",Results!$E$5="Million",$B$52="million"),((C11*C$51)/(C$52)),"0"))))) -> 1.4444167 | D64: =IF(D11=0,"0",IF(AND(Results!$E$5="Protein",$C$53>0,OR(Results!$E$4="Tissue",Results!$E$4="Cells")),((D11*D$51)/(D$53)),IF(AND(Results!$E$5="Weight",$C$52>0, Results!$E$4="Tissue",OR($B$52="g",$B$52="mg")),((D11*D$51)/(D$52)),IF(AND(Results!$E$5="Volume",$C$54>0,Results!$E$4="Fluid"),((D11*D$51)/(D$54)),IF(AND(Results!$E$4="Cells",Results!$E$5="Million",$B$52="million"),((D11*D$51)/(D$52)),"0"))))) -> 1.2342667 | E64: =IF(E11=0,"0",IF(AND(Results!$E$5="Protein",$C$53>0,OR(Results!$E$4="Tissue",Results!$E$4="Cells")),((E11*E$51)/(E$53)),IF(AND(Results!$E$5="Weight",$C$52>0, Results!$E$4="Tissue",OR($B$52="g",$B$52="mg")),((E11*E$51)/(E$52)),IF(AND(Results!$E$5="Volume",$C$54>0,Results!$E$4="Fluid"),((E11*E$51)/(E$54)),IF(AND(Results!$E$4="Cells",Results!$E$5="Million",$B$52="million"),((E11*E$51)/(E$52)),"0"))))) -> 2.72865 | F64: =IF(F11=0,"0",IF(AND(Results!$E$5="Protein",$C$53>0,OR(Results!$E$4="Tissue",Results!$E$4="Cells")),((F11*F$51)/(F$53)),IF(AND(Results!$E$5="Weight",$C$52>0, Results!$E$4="Tissue",OR($B$52="g",$B$52="mg")),((F11*F$51)/(F$52)),IF(AND(Results!$E$5="Volume",$C$54>0,Results!$E$4="Fluid"),((F11*F$51)/(F$54)),IF(AND(Results!$E$4="Cells",Results!$E$5="Million",$B$52="million"),((F11*F$51)/(F$52)),"0"))))) -> 15.297733 | G64: =IF(G11=0,"0",IF(AND(Results!$E$5="Protein",$C$53>0,OR(Results!$E$4="Tissue",Results!$E$4="Cells")),((G11*G$51)/(G$53)),IF(AND(Results!$E$5="Weight",$C$52>0, Results!$E$4="Tissue",OR($B$52="g",$B$52="mg")),((G11*G$51)/(G$52)),IF(AND(Results!$E$5="Volume",$C$54>0,Results!$E$4="Fluid"),((G11*G$51)/(G$54)),IF(AND(Results!$E$4="Cells",Results!$E$5="Million",$B$52="million"),((G11*G$51)/(G$52)),"0"))))) -> 0.48801667 | H64: =IF(H11=0,"0",IF(AND(Results!$E$5="Protein",$C$53>0,OR(Results!$E$4="Tissue",Results!$E$4="Cells")),((H11*H$51)/(H$53)),IF(AND(Results!$E$5="Weight",$C$52>0, Results!$E$4="Tissue",OR($B$52="g",$B$52="mg")),((H11*H$51)/(H$52)),IF(AND(Results!$E$5="Volume",$C$54>0,Results!$E$4="Fluid"),((H11*H$51)/(H$54)),IF(AND(Results!$E$4="Cells",Results!$E$5="Million",$B$52="million"),((H11*H$51)/(H$52)),"0"))))) -> 0.92513333 | I64: =IF(I11=0,"0",IF(AND(Results!$E$5="Protein",$C$53>0,OR(Results!$E$4="Tissue",Results!$E$4="Cells")),((I11*I$51)/(I$53)),IF(AND(Results!$E$5="Weight",$C$52>0, Results!$E$4="Tissue",OR($B$52="g",$B$52="mg")),((I11*I$51)/(I$52)),IF(AND(Results!$E$5="Volume",$C$54>0,Results!$E$4="Fluid"),((I11*I$51)/(I$54)),IF(AND(Results!$E$4="Cells",Results!$E$5="Million",$B$52="million"),((I11*I$51)/(I$52)),"0"))))) -> 1.8946833 | J64: =IF(J11=0,"0",IF(AND(Results!$E$5="Protein",$C$53>0,OR(Results!$E$4="Tissue",Results!$E$4="Cells")),((J11*J$51)/(J$53)),IF(AND(Results!$E$5="Weight",$C$52>0, Results!$E$4="Tissue",OR($B$52="g",$B$52="mg")),((J11*J$51)/(J$52)),IF(AND(Results!$E$5="Volume",$C$54>0,Results!$E$4="Fluid"),((J11*J$51)/(J$54)),IF(AND(Results!$E$4="Cells",Results!$E$5="Million",$B$52="million"),((J11*J$51)/(J$52)),"0"))))) -> 1.0618833 | ... FO64: =IF(FO11=0,"0",IF(AND(Results!$E$5="Protein",$C$53>0,OR(Results!$E$4="Tissue",Results!$E$4="Cells")),((FO11*FO$51)/(FO$53)),IF(AND(Results!$E$5="Weight",$C$52>0, Results!$E$4="Tissue",OR($B$52="g",$B$52="mg")),((FO11*FO$51)/(FO$52)),IF(AND(Results!$E$5="Volume",$C$54>0,Results!$E$4="Fluid"),((FO11*FO$51)/(FO$54)),IF(AND(Results!$E$4="Cells",Results!$E$5="Million",$B$52="million"),((FO11*FO$51)/(FO$52)),"0"))))) -> 1.6807333
A65: =A12 -> PGA1 | C65: =IF(C12=0,"0",IF(AND(Results!$E$5="Protein",$C$53>0,OR(Results!$E$4="Tissue",Results!$E$4="Cells")),((C12*C$51)/(C$53)),IF(AND(Results!$E$5="Weight",$C$52>0, Results!$E$4="Tissue",OR($B$52="g",$B$52="mg")),((C12*C$51)/(C$52)),IF(AND(Results!$E$5="Volume",$C$54>0,Results!$E$4="Fluid"),((C12*C$51)/(C$54)),IF(AND(Results!$E$4="Cells",Results!$E$5="Million",$B$52="million"),((C12*C$51)/(C$52)),"0"))))) -> 0 | D65: =IF(D12=0,"0",IF(AND(Results!$E$5="Protein",$C$53>0,OR(Results!$E$4="Tissue",Results!$E$4="Cells")),((D12*D$51)/(D$53)),IF(AND(Results!$E$5="Weight",$C$52>0, Results!$E$4="Tissue",OR($B$52="g",$B$52="mg")),((D12*D$51)/(D$52)),IF(AND(Results!$E$5="Volume",$C$54>0,Results!$E$4="Fluid"),((D12*D$51)/(D$54)),IF(AND(Results!$E$4="Cells",Results!$E$5="Million",$B$52="million"),((D12*D$51)/(D$52)),"0"))))) -> 0 | E65: =IF(E12=0,"0",IF(AND(Results!$E$5="Protein",$C$53>0,OR(Results!$E$4="Tissue",Results!$E$4="Cells")),((E12*E$51)/(E$53)),IF(AND(Results!$E$5="Weight",$C$52>0, Results!$E$4="Tissue",OR($B$52="g",$B$52="mg")),((E12*E$51)/(E$52)),IF(AND(Results!$E$5="Volume",$C$54>0,Results!$E$4="Fluid"),((E12*E$51)/(E$54)),IF(AND(Results!$E$4="Cells",Results!$E$5="Million",$B$52="million"),((E12*E$51)/(E$52)),"0"))))) -> 0 | F65: =IF(F12=0,"0",IF(AND(Results!$E$5="Protein",$C$53>0,OR(Results!$E$4="Tissue",Results!$E$4="Cells")),((F12*F$51)/(F$53)),IF(AND(Results!$E$5="Weight",$C$52>0, Results!$E$4="Tissue",OR($B$52="g",$B$52="mg")),((F12*F$51)/(F$52)),IF(AND(Results!$E$5="Volume",$C$54>0,Results!$E$4="Fluid"),((F12*F$51)/(F$54)),IF(AND(Results!$E$4="Cells",Results!$E$5="Million",$B$52="million"),((F12*F$51)/(F$52)),"0"))))) -> 0 | G65: =IF(G12=0,"0",IF(AND(Results!$E$5="Protein",$C$53>0,OR(Results!$E$4="Tissue",Results!$E$4="Cells")),((G12*G$51)/(G$53)),IF(AND(Results!$E$5="Weight",$C$52>0, Results!$E$4="Tissue",OR($B$52="g",$B$52="mg")),((G12*G$51)/(G$52)),IF(AND(Results!$E$5="Volume",$C$54>0,Results!$E$4="Fluid"),((G12*G$51)/(G$54)),IF(AND(Results!$E$4="Cells",Results!$E$5="Million",$B$52="million"),((G12*G$51)/(G$52)),"0"))))) -> 0 | H65: =IF(H12=0,"0",IF(AND(Results!$E$5="Protein",$C$53>0,OR(Results!$E$4="Tissue",Results!$E$4="Cells")),((H12*H$51)/(H$53)),IF(AND(Results!$E$5="Weight",$C$52>0, Results!$E$4="Tissue",OR($B$52="g",$B$52="mg")),((H12*H$51)/(H$52)),IF(AND(Results!$E$5="Volume",$C$54>0,Results!$E$4="Fluid"),((H12*H$51)/(H$54)),IF(AND(Results!$E$4="Cells",Results!$E$5="Million",$B$52="million"),((H12*H$51)/(H$52)),"0"))))) -> 0 | I65: =IF(I12=0,"0",IF(AND(Results!$E$5="Protein",$C$53>0,OR(Results!$E$4="Tissue",Results!$E$4="Cells")),((I12*I$51)/(I$53)),IF(AND(Results!$E$5="Weight",$C$52>0, Results!$E$4="Tissue",OR($B$52="g",$B$52="mg")),((I12*I$51)/(I$52)),IF(AND(Results!$E$5="Volume",$C$54>0,Results!$E$4="Fluid"),((I12*I$51)/(I$54)),IF(AND(Results!$E$4="Cells",Results!$E$5="Million",$B$52="million"),((I12*I$51)/(I$52)),"0"))))) -> 0 | J65: =IF(J12=0,"0",IF(AND(Results!$E$5="Protein",$C$53>0,OR(Results!$E$4="Tissue",Results!$E$4="Cells")),((J12*J$51)/(J$53)),IF(AND(Results!$E$5="Weight",$C$52>0, Results!$E$4="Tissue",OR($B$52="g",$B$52="mg")),((J12*J$51)/(J$52)),IF(AND(Results!$E$5="Volume",$C$54>0,Results!$E$4="Fluid"),((J12*J$51)/(J$54)),IF(AND(Results!$E$4="Cells",Results!$E$5="Million",$B$52="million"),((J12*J$51)/(J$52)),"0"))))) -> 0 | ... FO65: =IF(FO12=0,"0",IF(AND(Results!$E$5="Protein",$C$53>0,OR(Results!$E$4="Tissue",Results!$E$4="Cells")),((FO12*FO$51)/(FO$53)),IF(AND(Results!$E$5="Weight",$C$52>0, Results!$E$4="Tissue",OR($B$52="g",$B$52="mg")),((FO12*FO$51)/(FO$52)),IF(AND(Results!$E$5="Volume",$C$54>0,Results!$E$4="Fluid"),((FO12*FO$51)/(FO$54)),IF(AND(Results!$E$4="Cells",Results!$E$5="Million",$B$52="million"),((FO12*FO$51)/(FO$52)),"0"))))) -> 0
A66: =A13 -> 5,6-EET | C66: =IF(C13=0,"0",IF(AND(Results!$E$5="Protein",$C$53>0,OR(Results!$E$4="Tissue",Results!$E$4="Cells")),((C13*C$51)/(C$53)),IF(AND(Results!$E$5="Weight",$C$52>0, Results!$E$4="Tissue",OR($B$52="g",$B$52="mg")),((C13*C$51)/(C$52)),IF(AND(Results!$E$5="Volume",$C$54>0,Results!$E$4="Fluid"),((C13*C$51)/(C$54)),IF(AND(Results!$E$4="Cells",Results!$E$5="Million",$B$52="million"),((C13*C$51)/(C$52)),"0"))))) -> 0 | D66: =IF(D13=0,"0",IF(AND(Results!$E$5="Protein",$C$53>0,OR(Results!$E$4="Tissue",Results!$E$4="Cells")),((D13*D$51)/(D$53)),IF(AND(Results!$E$5="Weight",$C$52>0, Results!$E$4="Tissue",OR($B$52="g",$B$52="mg")),((D13*D$51)/(D$52)),IF(AND(Results!$E$5="Volume",$C$54>0,Results!$E$4="Fluid"),((D13*D$51)/(D$54)),IF(AND(Results!$E$4="Cells",Results!$E$5="Million",$B$52="million"),((D13*D$51)/(D$52)),"0"))))) -> 0 | E66: =IF(E13=0,"0",IF(AND(Results!$E$5="Protein",$C$53>0,OR(Results!$E$4="Tissue",Results!$E$4="Cells")),((E13*E$51)/(E$53)),IF(AND(Results!$E$5="Weight",$C$52>0, Results!$E$4="Tissue",OR($B$52="g",$B$52="mg")),((E13*E$51)/(E$52)),IF(AND(Results!$E$5="Volume",$C$54>0,Results!$E$4="Fluid"),((E13*E$51)/(E$54)),IF(AND(Results!$E$4="Cells",Results!$E$5="Million",$B$52="million"),((E13*E$51)/(E$52)),"0"))))) -> 0 | F66: =IF(F13=0,"0",IF(AND(Results!$E$5="Protein",$C$53>0,OR(Results!$E$4="Tissue",Results!$E$4="Cells")),((F13*F$51)/(F$53)),IF(AND(Results!$E$5="Weight",$C$52>0, Results!$E$4="Tissue",OR($B$52="g",$B$52="mg")),((F13*F$51)/(F$52)),IF(AND(Results!$E$5="Volume",$C$54>0,Results!$E$4="Fluid"),((F13*F$51)/(F$54)),IF(AND(Results!$E$4="Cells",Results!$E$5="Million",$B$52="million"),((F13*F$51)/(F$52)),"0"))))) -> 0 | G66: =IF(G13=0,"0",IF(AND(Results!$E$5="Protein",$C$53>0,OR(Results!$E$4="Tissue",Results!$E$4="Cells")),((G13*G$51)/(G$53)),IF(AND(Results!$E$5="Weight",$C$52>0, Results!$E$4="Tissue",OR($B$52="g",$B$52="mg")),((G13*G$51)/(G$52)),IF(AND(Results!$E$5="Volume",$C$54>0,Results!$E$4="Fluid"),((G13*G$51)/(G$54)),IF(AND(Results!$E$4="Cells",Results!$E$5="Million",$B$52="million"),((G13*G$51)/(G$52)),"0"))))) -> 0 | H66: =IF(H13=0,"0",IF(AND(Results!$E$5="Protein",$C$53>0,OR(Results!$E$4="Tissue",Results!$E$4="Cells")),((H13*H$51)/(H$53)),IF(AND(Results!$E$5="Weight",$C$52>0, Results!$E$4="Tissue",OR($B$52="g",$B$52="mg")),((H13*H$51)/(H$52)),IF(AND(Results!$E$5="Volume",$C$54>0,Results!$E$4="Fluid"),((H13*H$51)/(H$54)),IF(AND(Results!$E$4="Cells",Results!$E$5="Million",$B$52="million"),((H13*H$51)/(H$52)),"0"))))) -> 0 | I66: =IF(I13=0,"0",IF(AND(Results!$E$5="Protein",$C$53>0,OR(Results!$E$4="Tissue",Results!$E$4="Cells")),((I13*I$51)/(I$53)),IF(AND(Results!$E$5="Weight",$C$52>0, Results!$E$4="Tissue",OR($B$52="g",$B$52="mg")),((I13*I$51)/(I$52)),IF(AND(Results!$E$5="Volume",$C$54>0,Results!$E$4="Fluid"),((I13*I$51)/(I$54)),IF(AND(Results!$E$4="Cells",Results!$E$5="Million",$B$52="million"),((I13*I$51)/(I$52)),"0"))))) -> 0 | J66: =IF(J13=0,"0",IF(AND(Results!$E$5="Protein",$C$53>0,OR(Results!$E$4="Tissue",Results!$E$4="Cells")),((J13*J$51)/(J$53)),IF(AND(Results!$E$5="Weight",$C$52>0, Results!$E$4="Tissue",OR($B$52="g",$B$52="mg")),((J13*J$51)/(J$52)),IF(AND(Results!$E$5="Volume",$C$54>0,Results!$E$4="Fluid"),((J13*J$51)/(J$54)),IF(AND(Results!$E$4="Cells",Results!$E$5="Million",$B$52="million"),((J13*J$51)/(J$52)),"0"))))) -> 0 | ... FO66: =IF(FO13=0,"0",IF(AND(Results!$E$5="Protein",$C$53>0,OR(Results!$E$4="Tissue",Results!$E$4="Cells")),((FO13*FO$51)/(FO$53)),IF(AND(Results!$E$5="Weight",$C$52>0, Results!$E$4="Tissue",OR($B$52="g",$B$52="mg")),((FO13*FO$51)/(FO$52)),IF(AND(Results!$E$5="Volume",$C$54>0,Results!$E$4="Fluid"),((FO13*FO$51)/(FO$54)),IF(AND(Results!$E$4="Cells",Results!$E$5="Million",$B$52="million"),((FO13*FO$51)/(FO$52)),"0"))))) -> 0
A67: =A14 -> 8,9-EET | C67: =IF(C14=0,"0",IF(AND(Results!$E$5="Protein",$C$53>0,OR(Results!$E$4="Tissue",Results!$E$4="Cells")),((C14*C$51)/(C$53)),IF(AND(Results!$E$5="Weight",$C$52>0, Results!$E$4="Tissue",OR($B$52="g",$B$52="mg")),((C14*C$51)/(C$52)),IF(AND(Results!$E$5="Volume",$C$54>0,Results!$E$4="Fluid"),((C14*C$51)/(C$54)),IF(AND(Results!$E$4="Cells",Results!$E$5="Million",$B$52="million"),((C14*C$51)/(C$52)),"0"))))) -> 0.76226667 | D67: =IF(D14=0,"0",IF(AND(Results!$E$5="Protein",$C$53>0,OR(Results!$E$4="Tissue",Results!$E$4="Cells")),((D14*D$51)/(D$53)),IF(AND(Results!$E$5="Weight",$C$52>0, Results!$E$4="Tissue",OR($B$52="g",$B$52="mg")),((D14*D$51)/(D$52)),IF(AND(Results!$E$5="Volume",$C$54>0,Results!$E$4="Fluid"),((D14*D$51)/(D$54)),IF(AND(Results!$E$4="Cells",Results!$E$5="Million",$B$52="million"),((D14*D$51)/(D$52)),"0"))))) -> 2.2586333 | E67: =IF(E14=0,"0",IF(AND(Results!$E$5="Protein",$C$53>0,OR(Results!$E$4="Tissue",Results!$E$4="Cells")),((E14*E$51)/(E$53)),IF(AND(Results!$E$5="Weight",$C$52>0, Results!$E$4="Tissue",OR($B$52="g",$B$52="mg")),((E14*E$51)/(E$52)),IF(AND(Results!$E$5="Volume",$C$54>0,Results!$E$4="Fluid"),((E14*E$51)/(E$54)),IF(AND(Results!$E$4="Cells",Results!$E$5="Million",$B$52="million"),((E14*E$51)/(E$52)),"0"))))) -> 0 | F67: =IF(F14=0,"0",IF(AND(Results!$E$5="Protein",$C$53>0,OR(Results!$E$4="Tissue",Results!$E$4="Cells")),((F14*F$51)/(F$53)),IF(AND(Results!$E$5="Weight",$C$52>0, Results!$E$4="Tissue",OR($B$52="g",$B$52="mg")),((F14*F$51)/(F$52)),IF(AND(Results!$E$5="Volume",$C$54>0,Results!$E$4="Fluid"),((F14*F$51)/(F$54)),IF(AND(Results!$E$4="Cells",Results!$E$5="Million",$B$52="million"),((F14*F$51)/(F$52)),"0"))))) -> 2.6011333 | G67: =IF(G14=0,"0",IF(AND(Results!$E$5="Protein",$C$53>0,OR(Results!$E$4="Tissue",Results!$E$4="Cells")),((G14*G$51)/(G$53)),IF(AND(Results!$E$5="Weight",$C$52>0, Results!$E$4="Tissue",OR($B$52="g",$B$52="mg")),((G14*G$51)/(G$52)),IF(AND(Results!$E$5="Volume",$C$54>0,Results!$E$4="Fluid"),((G14*G$51)/(G$54)),IF(AND(Results!$E$4="Cells",Results!$E$5="Million",$B$52="million"),((G14*G$51)/(G$52)),"0"))))) -> 0.82863333 | H67: =IF(H14=0,"0",IF(AND(Results!$E$5="Protein",$C$53>0,OR(Results!$E$4="Tissue",Results!$E$4="Cells")),((H14*H$51)/(H$53)),IF(AND(Results!$E$5="Weight",$C$52>0, Results!$E$4="Tissue",OR($B$52="g",$B$52="mg")),((H14*H$51)/(H$52)),IF(AND(Results!$E$5="Volume",$C$54>0,Results!$E$4="Fluid"),((H14*H$51)/(H$54)),IF(AND(Results!$E$4="Cells",Results!$E$5="Million",$B$52="million"),((H14*H$51)/(H$52)),"0"))))) -> 1.5406 | I67: =IF(I14=0,"0",IF(AND(Results!$E$5="Protein",$C$53>0,OR(Results!$E$4="Tissue",Results!$E$4="Cells")),((I14*I$51)/(I$53)),IF(AND(Results!$E$5="Weight",$C$52>0, Results!$E$4="Tissue",OR($B$52="g",$B$52="mg")),((I14*I$51)/(I$52)),IF(AND(Results!$E$5="Volume",$C$54>0,Results!$E$4="Fluid"),((I14*I$51)/(I$54)),IF(AND(Results!$E$4="Cells",Results!$E$5="Million",$B$52="million"),((I14*I$51)/(I$52)),"0"))))) -> 2.9791 | J67: =IF(J14=0,"0",IF(AND(Results!$E$5="Protein",$C$53>0,OR(Results!$E$4="Tissue",Results!$E$4="Cells")),((J14*J$51)/(J$53)),IF(AND(Results!$E$5="Weight",$C$52>0, Results!$E$4="Tissue",OR($B$52="g",$B$52="mg")),((J14*J$51)/(J$52)),IF(AND(Results!$E$5="Volume",$C$54>0,Results!$E$4="Fluid"),((J14*J$51)/(J$54)),IF(AND(Results!$E$4="Cells",Results!$E$5="Million",$B$52="million"),((J14*J$51)/(J$52)),"0"))))) -> 1.6943 | ... FO67: =IF(FO14=0,"0",IF(AND(Results!$E$5="Protein",$C$53>0,OR(Results!$E$4="Tissue",Results!$E$4="Cells")),((FO14*FO$51)/(FO$53)),IF(AND(Results!$E$5="Weight",$C$52>0, Results!$E$4="Tissue",OR($B$52="g",$B$52="mg")),((FO14*FO$51)/(FO$52)),IF(AND(Results!$E$5="Volume",$C$54>0,Results!$E$4="Fluid"),((FO14*FO$51)/(FO$54)),IF(AND(Results!$E$4="Cells",Results!$E$5="Million",$B$52="million"),((FO14*FO$51)/(FO$52)),"0"))))) -> 0
... A97: =A44 -> PDx | C97: =IF(C44=0,"0",IF(AND(Results!$E$5="Protein",$C$53>0,OR(Results!$E$4="Tissue",Results!$E$4="Cells")),((C44*C$51)/(C$53)),IF(AND(Results!$E$5="Weight",$C$52>0, Results!$E$4="Tissue",OR($B$52="g",$B$52="mg")),((C44*C$51)/(C$52)),IF(AND(Results!$E$5="Volume",$C$54>0,Results!$E$4="Fluid"),((C44*C$51)/(C$54)),IF(AND(Results!$E$4="Cells",Results!$E$5="Million",$B$52="million"),((C44*C$51)/(C$52)),"0"))))) -> 0 | D97: =IF(D44=0,"0",IF(AND(Results!$E$5="Protein",$C$53>0,OR(Results!$E$4="Tissue",Results!$E$4="Cells")),((D44*D$51)/(D$53)),IF(AND(Results!$E$5="Weight",$C$52>0, Results!$E$4="Tissue",OR($B$52="g",$B$52="mg")),((D44*D$51)/(D$52)),IF(AND(Results!$E$5="Volume",$C$54>0,Results!$E$4="Fluid"),((D44*D$51)/(D$54)),IF(AND(Results!$E$4="Cells",Results!$E$5="Million",$B$52="million"),((D44*D$51)/(D$52)),"0"))))) -> 0 | E97: =IF(E44=0,"0",IF(AND(Results!$E$5="Protein",$C$53>0,OR(Results!$E$4="Tissue",Results!$E$4="Cells")),((E44*E$51)/(E$53)),IF(AND(Results!$E$5="Weight",$C$52>0, Results!$E$4="Tissue",OR($B$52="g",$B$52="mg")),((E44*E$51)/(E$52)),IF(AND(Results!$E$5="Volume",$C$54>0,Results!$E$4="Fluid"),((E44*E$51)/(E$54)),IF(AND(Results!$E$4="Cells",Results!$E$5="Million",$B$52="million"),((E44*E$51)/(E$52)),"0"))))) -> 0 | F97: =IF(F44=0,"0",IF(AND(Results!$E$5="Protein",$C$53>0,OR(Results!$E$4="Tissue",Results!$E$4="Cells")),((F44*F$51)/(F$53)),IF(AND(Results!$E$5="Weight",$C$52>0, Results!$E$4="Tissue",OR($B$52="g",$B$52="mg")),((F44*F$51)/(F$52)),IF(AND(Results!$E$5="Volume",$C$54>0,Results!$E$4="Fluid"),((F44*F$51)/(F$54)),IF(AND(Results!$E$4="Cells",Results!$E$5="Million",$B$52="million"),((F44*F$51)/(F$52)),"0"))))) -> 0 | G97: =IF(G44=0,"0",IF(AND(Results!$E$5="Protein",$C$53>0,OR(Results!$E$4="Tissue",Results!$E$4="Cells")),((G44*G$51)/(G$53)),IF(AND(Results!$E$5="Weight",$C$52>0, Results!$E$4="Tissue",OR($B$52="g",$B$52="mg")),((G44*G$51)/(G$52)),IF(AND(Results!$E$5="Volume",$C$54>0,Results!$E$4="Fluid"),((G44*G$51)/(G$54)),IF(AND(Results!$E$4="Cells",Results!$E$5="Million",$B$52="million"),((G44*G$51)/(G$52)),"0"))))) -> 0 | H97: =IF(H44=0,"0",IF(AND(Results!$E$5="Protein",$C$53>0,OR(Results!$E$4="Tissue",Results!$E$4="Cells")),((H44*H$51)/(H$53)),IF(AND(Results!$E$5="Weight",$C$52>0, Results!$E$4="Tissue",OR($B$52="g",$B$52="mg")),((H44*H$51)/(H$52)),IF(AND(Results!$E$5="Volume",$C$54>0,Results!$E$4="Fluid"),((H44*H$51)/(H$54)),IF(AND(Results!$E$4="Cells",Results!$E$5="Million",$B$52="million"),((H44*H$51)/(H$52)),"0"))))) -> 0 | I97: =IF(I44=0,"0",IF(AND(Results!$E$5="Protein",$C$53>0,OR(Results!$E$4="Tissue",Results!$E$4="Cells")),((I44*I$51)/(I$53)),IF(AND(Results!$E$5="Weight",$C$52>0, Results!$E$4="Tissue",OR($B$52="g",$B$52="mg")),((I44*I$51)/(I$52)),IF(AND(Results!$E$5="Volume",$C$54>0,Results!$E$4="Fluid"),((I44*I$51)/(I$54)),IF(AND(Results!$E$4="Cells",Results!$E$5="Million",$B$52="million"),((I44*I$51)/(I$52)),"0"))))) -> 0 | J97: =IF(J44=0,"0",IF(AND(Results!$E$5="Protein",$C$53>0,OR(Results!$E$4="Tissue",Results!$E$4="Cells")),((J44*J$51)/(J$53)),IF(AND(Results!$E$5="Weight",$C$52>0, Results!$E$4="Tissue",OR($B$52="g",$B$52="mg")),((J44*J$51)/(J$52)),IF(AND(Results!$E$5="Volume",$C$54>0,Results!$E$4="Fluid"),((J44*J$51)/(J$54)),IF(AND(Results!$E$4="Cells",Results!$E$5="Million",$B$52="million"),((J44*J$51)/(J$52)),"0"))))) -> 0 | ... FO97: =IF(FO44=0,"0",IF(AND(Results!$E$5="Protein",$C$53>0,OR(Results!$E$4="Tissue",Results!$E$4="Cells")),((FO44*FO$51)/(FO$53)),IF(AND(Results!$E$5="Weight",$C$52>0, Results!$E$4="Tissue",OR($B$52="g",$B$52="mg")),((FO44*FO$51)/(FO$52)),IF(AND(Results!$E$5="Volume",$C$54>0,Results!$E$4="Fluid"),((FO44*FO$51)/(FO$54)),IF(AND(Results!$E$4="Cells",Results!$E$5="Million",$B$52="million"),((FO44*FO$51)/(FO$52)),"0"))))) -> 0
A98: PD1 | C98: =IF(C45=0,"0",IF(AND(Results!$E$5="Protein",$C$53>0,OR(Results!$E$4="Tissue",Results!$E$4="Cells")),((C45*C$51)/(C$53)),IF(AND(Results!$E$5="Weight",$C$52>0, Results!$E$4="Tissue",OR($B$52="g",$B$52="mg")),((C45*C$51)/(C$52)),IF(AND(Results!$E$5="Volume",$C$54>0,Results!$E$4="Fluid"),((C45*C$51)/(C$54)),IF(AND(Results!$E$4="Cells",Results!$E$5="Million",$B$52="million"),((C45*C$51)/(C$52)),"0"))))) -> 0 | D98: =IF(D45=0,"0",IF(AND(Results!$E$5="Protein",$C$53>0,OR(Results!$E$4="Tissue",Results!$E$4="Cells")),((D45*D$51)/(D$53)),IF(AND(Results!$E$5="Weight",$C$52>0, Results!$E$4="Tissue",OR($B$52="g",$B$52="mg")),((D45*D$51)/(D$52)),IF(AND(Results!$E$5="Volume",$C$54>0,Results!$E$4="Fluid"),((D45*D$51)/(D$54)),IF(AND(Results!$E$4="Cells",Results!$E$5="Million",$B$52="million"),((D45*D$51)/(D$52)),"0"))))) -> 0 | E98: =IF(E45=0,"0",IF(AND(Results!$E$5="Protein",$C$53>0,OR(Results!$E$4="Tissue",Results!$E$4="Cells")),((E45*E$51)/(E$53)),IF(AND(Results!$E$5="Weight",$C$52>0, Results!$E$4="Tissue",OR($B$52="g",$B$52="mg")),((E45*E$51)/(E$52)),IF(AND(Results!$E$5="Volume",$C$54>0,Results!$E$4="Fluid"),((E45*E$51)/(E$54)),IF(AND(Results!$E$4="Cells",Results!$E$5="Million",$B$52="million"),((E45*E$51)/(E$52)),"0"))))) -> 0 | F98: =IF(F45=0,"0",IF(AND(Results!$E$5="Protein",$C$53>0,OR(Results!$E$4="Tissue",Results!$E$4="Cells")),((F45*F$51)/(F$53)),IF(AND(Results!$E$5="Weight",$C$52>0, Results!$E$4="Tissue",OR($B$52="g",$B$52="mg")),((F45*F$51)/(F$52)),IF(AND(Results!$E$5="Volume",$C$54>0,Results!$E$4="Fluid"),((F45*F$51)/(F$54)),IF(AND(Results!$E$4="Cells",Results!$E$5="Million",$B$52="million"),((F45*F$51)/(F$52)),"0"))))) -> 0 | G98: =IF(G45=0,"0",IF(AND(Results!$E$5="Protein",$C$53>0,OR(Results!$E$4="Tissue",Results!$E$4="Cells")),((G45*G$51)/(G$53)),IF(AND(Results!$E$5="Weight",$C$52>0, Results!$E$4="Tissue",OR($B$52="g",$B$52="mg")),((G45*G$51)/(G$52)),IF(AND(Results!$E$5="Volume",$C$54>0,Results!$E$4="Fluid"),((G45*G$51)/(G$54)),IF(AND(Results!$E$4="Cells",Results!$E$5="Million",$B$52="million"),((G45*G$51)/(G$52)),"0"))))) -> 0 | H98: =IF(H45=0,"0",IF(AND(Results!$E$5="Protein",$C$53>0,OR(Results!$E$4="Tissue",Results!$E$4="Cells")),((H45*H$51)/(H$53)),IF(AND(Results!$E$5="Weight",$C$52>0, Results!$E$4="Tissue",OR($B$52="g",$B$52="mg")),((H45*H$51)/(H$52)),IF(AND(Results!$E$5="Volume",$C$54>0,Results!$E$4="Fluid"),((H45*H$51)/(H$54)),IF(AND(Results!$E$4="Cells",Results!$E$5="Million",$B$52="million"),((H45*H$51)/(H$52)),"0"))))) -> 0 | I98: =IF(I45=0,"0",IF(AND(Results!$E$5="Protein",$C$53>0,OR(Results!$E$4="Tissue",Results!$E$4="Cells")),((I45*I$51)/(I$53)),IF(AND(Results!$E$5="Weight",$C$52>0, Results!$E$4="Tissue",OR($B$52="g",$B$52="mg")),((I45*I$51)/(I$52)),IF(AND(Results!$E$5="Volume",$C$54>0,Results!$E$4="Fluid"),((I45*I$51)/(I$54)),IF(AND(Results!$E$4="Cells",Results!$E$5="Million",$B$52="million"),((I45*I$51)/(I$52)),"0"))))) -> 0 | J98: =IF(J45=0,"0",IF(AND(Results!$E$5="Protein",$C$53>0,OR(Results!$E$4="Tissue",Results!$E$4="Cells")),((J45*J$51)/(J$53)),IF(AND(Results!$E$5="Weight",$C$52>0, Results!$E$4="Tissue",OR($B$52="g",$B$52="mg")),((J45*J$51)/(J$52)),IF(AND(Results!$E$5="Volume",$C$54>0,Results!$E$4="Fluid"),((J45*J$51)/(J$54)),IF(AND(Results!$E$4="Cells",Results!$E$5="Million",$B$52="million"),((J45*J$51)/(J$52)),"0"))))) -> 0 | ... FO98: =IF(FO45=0,"0",IF(AND(Results!$E$5="Protein",$C$53>0,OR(Results!$E$4="Tissue",Results!$E$4="Cells")),((FO45*FO$51)/(FO$53)),IF(AND(Results!$E$5="Weight",$C$52>0, Results!$E$4="Tissue",OR($B$52="g",$B$52="mg")),((FO45*FO$51)/(FO$52)),IF(AND(Results!$E$5="Volume",$C$54>0,Results!$E$4="Fluid"),((FO45*FO$51)/(FO$54)),IF(AND(Results!$E$4="Cells",Results!$E$5="Million",$B$52="million"),((FO45*FO$51)/(FO$52)),"0"))))) -> 0
A99: =A46 -> RVD1 | C99: =IF(C46=0,"0",IF(AND(Results!$E$5="Protein",$C$53>0,OR(Results!$E$4="Tissue",Results!$E$4="Cells")),((C46*C$51)/(C$53)),IF(AND(Results!$E$5="Weight",$C$52>0, Results!$E$4="Tissue",OR($B$52="g",$B$52="mg")),((C46*C$51)/(C$52)),IF(AND(Results!$E$5="Volume",$C$54>0,Results!$E$4="Fluid"),((C46*C$51)/(C$54)),IF(AND(Results!$E$4="Cells",Results!$E$5="Million",$B$52="million"),((C46*C$51)/(C$52)),"0"))))) -> 0 | D99: =IF(D46=0,"0",IF(AND(Results!$E$5="Protein",$C$53>0,OR(Results!$E$4="Tissue",Results!$E$4="Cells")),((D46*D$51)/(D$53)),IF(AND(Results!$E$5="Weight",$C$52>0, Results!$E$4="Tissue",OR($B$52="g",$B$52="mg")),((D46*D$51)/(D$52)),IF(AND(Results!$E$5="Volume",$C$54>0,Results!$E$4="Fluid"),((D46*D$51)/(D$54)),IF(AND(Results!$E$4="Cells",Results!$E$5="Million",$B$52="million"),((D46*D$51)/(D$52)),"0"))))) -> 0 | E99: =IF(E46=0,"0",IF(AND(Results!$E$5="Protein",$C$53>0,OR(Results!$E$4="Tissue",Results!$E$4="Cells")),((E46*E$51)/(E$53)),IF(AND(Results!$E$5="Weight",$C$52>0, Results!$E$4="Tissue",OR($B$52="g",$B$52="mg")),((E46*E$51)/(E$52)),IF(AND(Results!$E$5="Volume",$C$54>0,Results!$E$4="Fluid"),((E46*E$51)/(E$54)),IF(AND(Results!$E$4="Cells",Results!$E$5="Million",$B$52="million"),((E46*E$51)/(E$52)),"0"))))) -> 0 | F99: =IF(F46=0,"0",IF(AND(Results!$E$5="Protein",$C$53>0,OR(Results!$E$4="Tissue",Results!$E$4="Cells")),((F46*F$51)/(F$53)),IF(AND(Results!$E$5="Weight",$C$52>0, Results!$E$4="Tissue",OR($B$52="g",$B$52="mg")),((F46*F$51)/(F$52)),IF(AND(Results!$E$5="Volume",$C$54>0,Results!$E$4="Fluid"),((F46*F$51)/(F$54)),IF(AND(Results!$E$4="Cells",Results!$E$5="Million",$B$52="million"),((F46*F$51)/(F$52)),"0"))))) -> 0 | G99: =IF(G46=0,"0",IF(AND(Results!$E$5="Protein",$C$53>0,OR(Results!$E$4="Tissue",Results!$E$4="Cells")),((G46*G$51)/(G$53)),IF(AND(Results!$E$5="Weight",$C$52>0, Results!$E$4="Tissue",OR($B$52="g",$B$52="mg")),((G46*G$51)/(G$52)),IF(AND(Results!$E$5="Volume",$C$54>0,Results!$E$4="Fluid"),((G46*G$51)/(G$54)),IF(AND(Results!$E$4="Cells",Results!$E$5="Million",$B$52="million"),((G46*G$51)/(G$52)),"0"))))) -> 0 | H99: =IF(H46=0,"0",IF(AND(Results!$E$5="Protein",$C$53>0,OR(Results!$E$4="Tissue",Results!$E$4="Cells")),((H46*H$51)/(H$53)),IF(AND(Results!$E$5="Weight",$C$52>0, Results!$E$4="Tissue",OR($B$52="g",$B$52="mg")),((H46*H$51)/(H$52)),IF(AND(Results!$E$5="Volume",$C$54>0,Results!$E$4="Fluid"),((H46*H$51)/(H$54)),IF(AND(Results!$E$4="Cells",Results!$E$5="Million",$B$52="million"),((H46*H$51)/(H$52)),"0"))))) -> 0 | I99: =IF(I46=0,"0",IF(AND(Results!$E$5="Protein",$C$53>0,OR(Results!$E$4="Tissue",Results!$E$4="Cells")),((I46*I$51)/(I$53)),IF(AND(Results!$E$5="Weight",$C$52>0, Results!$E$4="Tissue",OR($B$52="g",$B$52="mg")),((I46*I$51)/(I$52)),IF(AND(Results!$E$5="Volume",$C$54>0,Results!$E$4="Fluid"),((I46*I$51)/(I$54)),IF(AND(Results!$E$4="Cells",Results!$E$5="Million",$B$52="million"),((I46*I$51)/(I$52)),"0"))))) -> 0 | J99: =IF(J46=0,"0",IF(AND(Results!$E$5="Protein",$C$53>0,OR(Results!$E$4="Tissue",Results!$E$4="Cells")),((J46*J$51)/(J$53)),IF(AND(Results!$E$5="Weight",$C$52>0, Results!$E$4="Tissue",OR($B$52="g",$B$52="mg")),((J46*J$51)/(J$52)),IF(AND(Results!$E$5="Volume",$C$54>0,Results!$E$4="Fluid"),((J46*J$51)/(J$54)),IF(AND(Results!$E$4="Cells",Results!$E$5="Million",$B$52="million"),((J46*J$51)/(J$52)),"0"))))) -> 0 | ... FO99: =IF(FO46=0,"0",IF(AND(Results!$E$5="Protein",$C$53>0,OR(Results!$E$4="Tissue",Results!$E$4="Cells")),((FO46*FO$51)/(FO$53)),IF(AND(Results!$E$5="Weight",$C$52>0, Results!$E$4="Tissue",OR($B$52="g",$B$52="mg")),((FO46*FO$51)/(FO$52)),IF(AND(Results!$E$5="Volume",$C$54>0,Results!$E$4="Fluid"),((FO46*FO$51)/(FO$54)),IF(AND(Results!$E$4="Cells",Results!$E$5="Million",$B$52="million"),((FO46*FO$51)/(FO$52)),"0"))))) -> 0
A100: =A47 -> RvD2 | C100: =IF(C47=0,"0",IF(AND(Results!$E$5="Protein",$C$53>0,OR(Results!$E$4="Tissue",Results!$E$4="Cells")),((C47*C$51)/(C$53)),IF(AND(Results!$E$5="Weight",$C$52>0, Results!$E$4="Tissue",OR($B$52="g",$B$52="mg")),((C47*C$51)/(C$52)),IF(AND(Results!$E$5="Volume",$C$54>0,Results!$E$4="Fluid"),((C47*C$51)/(C$54)),IF(AND(Results!$E$4="Cells",Results!$E$5="Million",$B$52="million"),((C47*C$51)/(C$52)),"0"))))) -> 0 | D100: =IF(D47=0,"0",IF(AND(Results!$E$5="Protein",$C$53>0,OR(Results!$E$4="Tissue",Results!$E$4="Cells")),((D47*D$51)/(D$53)),IF(AND(Results!$E$5="Weight",$C$52>0, Results!$E$4="Tissue",OR($B$52="g",$B$52="mg")),((D47*D$51)/(D$52)),IF(AND(Results!$E$5="Volume",$C$54>0,Results!$E$4="Fluid"),((D47*D$51)/(D$54)),IF(AND(Results!$E$4="Cells",Results!$E$5="Million",$B$52="million"),((D47*D$51)/(D$52)),"0"))))) -> 0 | E100: =IF(E47=0,"0",IF(AND(Results!$E$5="Protein",$C$53>0,OR(Results!$E$4="Tissue",Results!$E$4="Cells")),((E47*E$51)/(E$53)),IF(AND(Results!$E$5="Weight",$C$52>0, Results!$E$4="Tissue",OR($B$52="g",$B$52="mg")),((E47*E$51)/(E$52)),IF(AND(Results!$E$5="Volume",$C$54>0,Results!$E$4="Fluid"),((E47*E$51)/(E$54)),IF(AND(Results!$E$4="Cells",Results!$E$5="Million",$B$52="million"),((E47*E$51)/(E$52)),"0"))))) -> 0 | F100: =IF(F47=0,"0",IF(AND(Results!$E$5="Protein",$C$53>0,OR(Results!$E$4="Tissue",Results!$E$4="Cells")),((F47*F$51)/(F$53)),IF(AND(Results!$E$5="Weight",$C$52>0, Results!$E$4="Tissue",OR($B$52="g",$B$52="mg")),((F47*F$51)/(F$52)),IF(AND(Results!$E$5="Volume",$C$54>0,Results!$E$4="Fluid"),((F47*F$51)/(F$54)),IF(AND(Results!$E$4="Cells",Results!$E$5="Million",$B$52="million"),((F47*F$51)/(F$52)),"0"))))) -> 0 | G100: =IF(G47=0,"0",IF(AND(Results!$E$5="Protein",$C$53>0,OR(Results!$E$4="Tissue",Results!$E$4="Cells")),((G47*G$51)/(G$53)),IF(AND(Results!$E$5="Weight",$C$52>0, Results!$E$4="Tissue",OR($B$52="g",$B$52="mg")),((G47*G$51)/(G$52)),IF(AND(Results!$E$5="Volume",$C$54>0,Results!$E$4="Fluid"),((G47*G$51)/(G$54)),IF(AND(Results!$E$4="Cells",Results!$E$5="Million",$B$52="million"),((G47*G$51)/(G$52)),"0"))))) -> 0 | H100: =IF(H47=0,"0",IF(AND(Results!$E$5="Protein",$C$53>0,OR(Results!$E$4="Tissue",Results!$E$4="Cells")),((H47*H$51)/(H$53)),IF(AND(Results!$E$5="Weight",$C$52>0, Results!$E$4="Tissue",OR($B$52="g",$B$52="mg")),((H47*H$51)/(H$52)),IF(AND(Results!$E$5="Volume",$C$54>0,Results!$E$4="Fluid"),((H47*H$51)/(H$54)),IF(AND(Results!$E$4="Cells",Results!$E$5="Million",$B$52="million"),((H47*H$51)/(H$52)),"0"))))) -> 0 | I100: =IF(I47=0,"0",IF(AND(Results!$E$5="Protein",$C$53>0,OR(Results!$E$4="Tissue",Results!$E$4="Cells")),((I47*I$51)/(I$53)),IF(AND(Results!$E$5="Weight",$C$52>0, Results!$E$4="Tissue",OR($B$52="g",$B$52="mg")),((I47*I$51)/(I$52)),IF(AND(Results!$E$5="Volume",$C$54>0,Results!$E$4="Fluid"),((I47*I$51)/(I$54)),IF(AND(Results!$E$4="Cells",Results!$E$5="Million",$B$52="million"),((I47*I$51)/(I$52)),"0"))))) -> 0 | J100: =IF(J47=0,"0",IF(AND(Results!$E$5="Protein",$C$53>0,OR(Results!$E$4="Tissue",Results!$E$4="Cells")),((J47*J$51)/(J$53)),IF(AND(Results!$E$5="Weight",$C$52>0, Results!$E$4="Tissue",OR($B$52="g",$B$52="mg")),((J47*J$51)/(J$52)),IF(AND(Results!$E$5="Volume",$C$54>0,Results!$E$4="Fluid"),((J47*J$51)/(J$54)),IF(AND(Results!$E$4="Cells",Results!$E$5="Million",$B$52="million"),((J47*J$51)/(J$52)),"0"))))) -> 0 | ... FO100: =IF(FO47=0,"0",IF(AND(Results!$E$5="Protein",$C$53>0,OR(Results!$E$4="Tissue",Results!$E$4="Cells")),((FO47*FO$51)/(FO$53)),IF(AND(Results!$E$5="Weight",$C$52>0, Results!$E$4="Tissue",OR($B$52="g",$B$52="mg")),((FO47*FO$51)/(FO$52)),IF(AND(Results!$E$5="Volume",$C$54>0,Results!$E$4="Fluid"),((FO47*FO$51)/(FO$54)),IF(AND(Results!$E$4="Cells",Results!$E$5="Million",$B$52="million"),((FO47*FO$51)/(FO$52)),"0"))))) -> 0
A101: =A48 -> RvD3 | C101: =IF(C48=0,"0",IF(AND(Results!$E$5="Protein",$C$53>0,OR(Results!$E$4="Tissue",Results!$E$4="Cells")),((C48*C$51)/(C$53)),IF(AND(Results!$E$5="Weight",$C$52>0, Results!$E$4="Tissue",OR($B$52="g",$B$52="mg")),((C48*C$51)/(C$52)),IF(AND(Results!$E$5="Volume",$C$54>0,Results!$E$4="Fluid"),((C48*C$51)/(C$54)),IF(AND(Results!$E$4="Cells",Results!$E$5="Million",$B$52="million"),((C48*C$51)/(C$52)),"0"))))) -> 0 | D101: =IF(D48=0,"0",IF(AND(Results!$E$5="Protein",$C$53>0,OR(Results!$E$4="Tissue",Results!$E$4="Cells")),((D48*D$51)/(D$53)),IF(AND(Results!$E$5="Weight",$C$52>0, Results!$E$4="Tissue",OR($B$52="g",$B$52="mg")),((D48*D$51)/(D$52)),IF(AND(Results!$E$5="Volume",$C$54>0,Results!$E$4="Fluid"),((D48*D$51)/(D$54)),IF(AND(Results!$E$4="Cells",Results!$E$5="Million",$B$52="million"),((D48*D$51)/(D$52)),"0"))))) -> 0 | E101: =IF(E48=0,"0",IF(AND(Results!$E$5="Protein",$C$53>0,OR(Results!$E$4="Tissue",Results!$E$4="Cells")),((E48*E$51)/(E$53)),IF(AND(Results!$E$5="Weight",$C$52>0, Results!$E$4="Tissue",OR($B$52="g",$B$52="mg")),((E48*E$51)/(E$52)),IF(AND(Results!$E$5="Volume",$C$54>0,Results!$E$4="Fluid"),((E48*E$51)/(E$54)),IF(AND(Results!$E$4="Cells",Results!$E$5="Million",$B$52="million"),((E48*E$51)/(E$52)),"0"))))) -> 0 | F101: =IF(F48=0,"0",IF(AND(Results!$E$5="Protein",$C$53>0,OR(Results!$E$4="Tissue",Results!$E$4="Cells")),((F48*F$51)/(F$53)),IF(AND(Results!$E$5="Weight",$C$52>0, Results!$E$4="Tissue",OR($B$52="g",$B$52="mg")),((F48*F$51)/(F$52)),IF(AND(Results!$E$5="Volume",$C$54>0,Results!$E$4="Fluid"),((F48*F$51)/(F$54)),IF(AND(Results!$E$4="Cells",Results!$E$5="Million",$B$52="million"),((F48*F$51)/(F$52)),"0"))))) -> 0 | G101: =IF(G48=0,"0",IF(AND(Results!$E$5="Protein",$C$53>0,OR(Results!$E$4="Tissue",Results!$E$4="Cells")),((G48*G$51)/(G$53)),IF(AND(Results!$E$5="Weight",$C$52>0, Results!$E$4="Tissue",OR($B$52="g",$B$52="mg")),((G48*G$51)/(G$52)),IF(AND(Results!$E$5="Volume",$C$54>0,Results!$E$4="Fluid"),((G48*G$51)/(G$54)),IF(AND(Results!$E$4="Cells",Results!$E$5="Million",$B$52="million"),((G48*G$51)/(G$52)),"0"))))) -> 0 | H101: =IF(H48=0,"0",IF(AND(Results!$E$5="Protein",$C$53>0,OR(Results!$E$4="Tissue",Results!$E$4="Cells")),((H48*H$51)/(H$53)),IF(AND(Results!$E$5="Weight",$C$52>0, Results!$E$4="Tissue",OR($B$52="g",$B$52="mg")),((H48*H$51)/(H$52)),IF(AND(Results!$E$5="Volume",$C$54>0,Results!$E$4="Fluid"),((H48*H$51)/(H$54)),IF(AND(Results!$E$4="Cells",Results!$E$5="Million",$B$52="million"),((H48*H$51)/(H$52)),"0"))))) -> 0 | I101: =IF(I48=0,"0",IF(AND(Results!$E$5="Protein",$C$53>0,OR(Results!$E$4="Tissue",Results!$E$4="Cells")),((I48*I$51)/(I$53)),IF(AND(Results!$E$5="Weight",$C$52>0, Results!$E$4="Tissue",OR($B$52="g",$B$52="mg")),((I48*I$51)/(I$52)),IF(AND(Results!$E$5="Volume",$C$54>0,Results!$E$4="Fluid"),((I48*I$51)/(I$54)),IF(AND(Results!$E$4="Cells",Results!$E$5="Million",$B$52="million"),((I48*I$51)/(I$52)),"0"))))) -> 0 | J101: =IF(J48=0,"0",IF(AND(Results!$E$5="Protein",$C$53>0,OR(Results!$E$4="Tissue",Results!$E$4="Cells")),((J48*J$51)/(J$53)),IF(AND(Results!$E$5="Weight",$C$52>0, Results!$E$4="Tissue",OR($B$52="g",$B$52="mg")),((J48*J$51)/(J$52)),IF(AND(Results!$E$5="Volume",$C$54>0,Results!$E$4="Fluid"),((J48*J$51)/(J$54)),IF(AND(Results!$E$4="Cells",Results!$E$5="Million",$B$52="million"),((J48*J$51)/(J$52)),"0"))))) -> 0 | ... FO101: =IF(FO48=0,"0",IF(AND(Results!$E$5="Protein",$C$53>0,OR(Results!$E$4="Tissue",Results!$E$4="Cells")),((FO48*FO$51)/(FO$53)),IF(AND(Results!$E$5="Weight",$C$52>0, Results!$E$4="Tissue",OR($B$52="g",$B$52="mg")),((FO48*FO$51)/(FO$52)),IF(AND(Results!$E$5="Volume",$C$54>0,Results!$E$4="Fluid"),((FO48*FO$51)/(FO$54)),IF(AND(Results!$E$4="Cells",Results!$E$5="Million",$B$52="million"),((FO48*FO$51)/(FO$52)),"0"))))) -> 0
A102: =A49 -> RvD5 | C102: =IF(C49=0,"0",IF(AND(Results!$E$5="Protein",$C$53>0,OR(Results!$E$4="Tissue",Results!$E$4="Cells")),((C49*C$51)/(C$53)),IF(AND(Results!$E$5="Weight",$C$52>0, Results!$E$4="Tissue",OR($B$52="g",$B$52="mg")),((C49*C$51)/(C$52)),IF(AND(Results!$E$5="Volume",$C$54>0,Results!$E$4="Fluid"),((C49*C$51)/(C$54)),IF(AND(Results!$E$4="Cells",Results!$E$5="Million",$B$52="million"),((C49*C$51)/(C$52)),"0"))))) -> 0 | D102: =IF(D49=0,"0",IF(AND(Results!$E$5="Protein",$C$53>0,OR(Results!$E$4="Tissue",Results!$E$4="Cells")),((D49*D$51)/(D$53)),IF(AND(Results!$E$5="Weight",$C$52>0, Results!$E$4="Tissue",OR($B$52="g",$B$52="mg")),((D49*D$51)/(D$52)),IF(AND(Results!$E$5="Volume",$C$54>0,Results!$E$4="Fluid"),((D49*D$51)/(D$54)),IF(AND(Results!$E$4="Cells",Results!$E$5="Million",$B$52="million"),((D49*D$51)/(D$52)),"0"))))) -> 0 | E102: =IF(E49=0,"0",IF(AND(Results!$E$5="Protein",$C$53>0,OR(Results!$E$4="Tissue",Results!$E$4="Cells")),((E49*E$51)/(E$53)),IF(AND(Results!$E$5="Weight",$C$52>0, Results!$E$4="Tissue",OR($B$52="g",$B$52="mg")),((E49*E$51)/(E$52)),IF(AND(Results!$E$5="Volume",$C$54>0,Results!$E$4="Fluid"),((E49*E$51)/(E$54)),IF(AND(Results!$E$4="Cells",Results!$E$5="Million",$B$52="million"),((E49*E$51)/(E$52)),"0"))))) -> 0 | F102: =IF(F49=0,"0",IF(AND(Results!$E$5="Protein",$C$53>0,OR(Results!$E$4="Tissue",Results!$E$4="Cells")),((F49*F$51)/(F$53)),IF(AND(Results!$E$5="Weight",$C$52>0, Results!$E$4="Tissue",OR($B$52="g",$B$52="mg")),((F49*F$51)/(F$52)),IF(AND(Results!$E$5="Volume",$C$54>0,Results!$E$4="Fluid"),((F49*F$51)/(F$54)),IF(AND(Results!$E$4="Cells",Results!$E$5="Million",$B$52="million"),((F49*F$51)/(F$52)),"0"))))) -> 0 | G102: =IF(G49=0,"0",IF(AND(Results!$E$5="Protein",$C$53>0,OR(Results!$E$4="Tissue",Results!$E$4="Cells")),((G49*G$51)/(G$53)),IF(AND(Results!$E$5="Weight",$C$52>0, Results!$E$4="Tissue",OR($B$52="g",$B$52="mg")),((G49*G$51)/(G$52)),IF(AND(Results!$E$5="Volume",$C$54>0,Results!$E$4="Fluid"),((G49*G$51)/(G$54)),IF(AND(Results!$E$4="Cells",Results!$E$5="Million",$B$52="million"),((G49*G$51)/(G$52)),"0"))))) -> 0 | H102: =IF(H49=0,"0",IF(AND(Results!$E$5="Protein",$C$53>0,OR(Results!$E$4="Tissue",Results!$E$4="Cells")),((H49*H$51)/(H$53)),IF(AND(Results!$E$5="Weight",$C$52>0, Results!$E$4="Tissue",OR($B$52="g",$B$52="mg")),((H49*H$51)/(H$52)),IF(AND(Results!$E$5="Volume",$C$54>0,Results!$E$4="Fluid"),((H49*H$51)/(H$54)),IF(AND(Results!$E$4="Cells",Results!$E$5="Million",$B$52="million"),((H49*H$51)/(H$52)),"0"))))) -> 0 | I102: =IF(I49=0,"0",IF(AND(Results!$E$5="Protein",$C$53>0,OR(Results!$E$4="Tissue",Results!$E$4="Cells")),((I49*I$51)/(I$53)),IF(AND(Results!$E$5="Weight",$C$52>0, Results!$E$4="Tissue",OR($B$52="g",$B$52="mg")),((I49*I$51)/(I$52)),IF(AND(Results!$E$5="Volume",$C$54>0,Results!$E$4="Fluid"),((I49*I$51)/(I$54)),IF(AND(Results!$E$4="Cells",Results!$E$5="Million",$B$52="million"),((I49*I$51)/(I$52)),"0"))))) -> 0 | J102: =IF(J49=0,"0",IF(AND(Results!$E$5="Protein",$C$53>0,OR(Results!$E$4="Tissue",Results!$E$4="Cells")),((J49*J$51)/(J$53)),IF(AND(Results!$E$5="Weight",$C$52>0, Results!$E$4="Tissue",OR($B$52="g",$B$52="mg")),((J49*J$51)/(J$52)),IF(AND(Results!$E$5="Volume",$C$54>0,Results!$E$4="Fluid"),((J49*J$51)/(J$54)),IF(AND(Results!$E$4="Cells",Results!$E$5="Million",$B$52="million"),((J49*J$51)/(J$52)),"0"))))) -> 0 | ... FO102: =IF(FO49=0,"0",IF(AND(Results!$E$5="Protein",$C$53>0,OR(Results!$E$4="Tissue",Results!$E$4="Cells")),((FO49*FO$51)/(FO$53)),IF(AND(Results!$E$5="Weight",$C$52>0, Results!$E$4="Tissue",OR($B$52="g",$B$52="mg")),((FO49*FO$51)/(FO$52)),IF(AND(Results!$E$5="Volume",$C$54>0,Results!$E$4="Fluid"),((FO49*FO$51)/(FO$54)),IF(AND(Results!$E$4="Cells",Results!$E$5="Million",$B$52="million"),((FO49*FO$51)/(FO$52)),"0"))))) -> 0

Sheet Identifiants
C1: Synonymes | D1: IUPAC name | E1: CHEBI | F1: InChiKEY | G1: InChi
A2: 5,6-EET | C2: 5,6-EpETrE | D2: (±)5,6-epoxy-8Z,11Z,14Z-eicosatrienoic acid | E2: 34450 | F2: VBQNSZQZRAGRIX-GSKBNKFLSA-N | G2: InChI=1S/C20H32O3/c1-2-3-4-5-6-7-8-9-10-11-12-13-15-18-19(23-18)16-14-17-20(21)22/h6-7,9-10,12-13,18-19H,2-5,8,11,14-17H2,1H3,(H,21,22)/b7-6-,10-9-,13-12-/t18-,19+/m1/s1
A3: 8,9-EET | C3: 8,9-EpETrE | D3: (±)8,9-epoxy-5Z,11Z,14Z-eicosatrienoic acid | E3: 34490 | F3: DBWQSCSXHFNTMO-TYAUOURKSA-N | G3: 1S/C20H32O3/c1-2-3-4-5-6-7-8-9-12-15-18-19(23-18)16-13-10-11-14-17-20(21)22/h6-7,9-10,12-13,18-19H,2-5,8,11,14-17H2,1H3,(H,21,22)/b7-6-,12-9-,13-10-
A4: 11,12-EET | C4: 11,12-EpETrE | D4: (±)11,(12)-epoxy-5Z,8Z,14Z-eicosatrienoic acid | E4: 34130 | F4: DXOYQVHGIODESM-KROJNAHFSA-N | G4: 1S/C20H32O3/c1-2-3-4-5-9-12-15-18-19(23-18)16-13-10-7-6-8-11-14-17-20(21)22/h6,8-10,12-13,18-19H,2-5,7,11,14-17H2,1H3,(H,21,22)/b8-6-,12-9-,13-10-
A5: 14,15-EET | C5: 14,15-EpETrE | D5: (±)14,(15)-epoxy-5Z,8Z,11Z-eicosatrienoic acid | E5: 34157 | F5: JBSCUHKPLGKXKH-ILYOTBPNSA-N | G5: 1S/C20H32O3/c1-2-3-12-15-18-19(23-18)16-13-10-8-6-4-5-7-9-11-14-17-20(21)22/h4,6-7,9-10,13,18-19H,2-3,5,8,11-12,14-17H2,1H3,(H,21,22)/b6-4-,9-7-,13-10-
A6: 5-HETE | D6: 5-Hydroxyeicosatetraenoic Acid | E6: 28209 | F6: KGIJOOYOSFUGPC-JGKLHWIESA-N | G6: 1S/C20H32O3/c1-2-3-4-5-6-7-8-9-10-11-12-13-14-16-19(21)17-15-18-20(22)23/h6-7,9-10,12-14,16,19,21H,2-5,8,11,15,17-18H2,1H3,(H,22,23)/b7-6-,10-9-,13-12-,16-14+/t19-/m1/s1
A7: 8-HETE | D7: 8-Hydroxyeicosatetraenoic Acid | E7: 72643 | F7: NLUNAYAEIJYXRB-HEJOTXCHSA-N | G7: 1S/C20H32O3/c1-2-3-4-5-6-7-8-9-10-13-16-19(21)17-14-11-12-15-18-20(22)23/h6-7,9-11,13-14,16,19,21H,2-5,8,12,15,17-18H2,1H3,(H,22,23)/b7-6-,10-9-,14-11-,16-13+
A8: 12-HETE | D8: 12-Hydroxyeicosatetraenoic Acid | E8: 84447 | F8: ZNHVWPKMFKADKW-VXBMJZGYSA-N | G8: 1S/C20H32O3/c1-2-3-4-5-10-13-16-19(21)17-14-11-8-6-7-9-12-15-18-20(22)23/h7-11,13-14,17,19,21H,2-6,12,15-16,18H2,1H3,(H,22,23)/b9-7-,11-8-,13-10-,17-14+
A9: 15-HETE | D9: 15-Hydroxyeicosatetraenoic Acid | E9: 64017 | F9: JSFATNQSLKRBCI-USWFWKISSA-N | G9: 1S/C20H32O3/c1-2-3-13-16-19(21)17-14-11-9-7-5-4-6-8-10-12-15-18-20(22)23/h4-5,8-11,14,17,19,21H,2-3,6-7,12-13,15-16,18H2,1H3,(H,22,23)/b5-4-,10-8-,11-9-,17-14+
A10: 5-oxo-ETE | C10: 5-KETE | D10: 5-oxo-6E,8Z,11Z,14Z-eicosatetraenoic acid | E10: 52449 | F10: MEASLHGILYBXFO-XTDASVJISA-N | G10: 1S/C20H30O3/c1-2-3-4-5-6-7-8-9-10-11-12-13-14-16-19(21)17-15-18-20(22)23/h6-7,9-10,12-14,16H,2-5,8,11,15,17-18H2,1H3,(H,22,23)/b7-6-,10-9-,13-12-,16-14+
A11: LTB4 | B11: Leuktriene B4 | D11: 5S,12R-dihydroxy-6Z,8E,10E,14Z-eicosatetraenoic acid | E11: 15647 | F11: VNYSSYRCGWBHLG-AMOLWHMGSA-N | G11: 1S/C20H32O4/c1-2-3-4-5-6-9-13-18(21)14-10-7-8-11-15-19(22)16-12-17-20(23)2 4/h6-11,14-15,18-19,21-22H,2-5,12-13,16-17H2,1H3,(H,23,24)/b8-7+,9-6-,14-10+,15- 11-/t18-,19-/m1/s1
A12: LxA4 | B12: Lipoxin A4 | C12: 5(S),6(R),15(S)-TriHETE | D12: 5S,6R,15S-trihydroxy-7E,9E,11Z,13E-eicosatetraenoic acid | E12: 6498 | F12: IXAQOQZEOGMIQS-SSQFXEBMSA-N | G12: 1S/C20H32O5/c1-2-3-8-12-17(21)13-9-6-4-5-7-10-14-18(22)19(23)15-11-16-20(2 4)25/h4-7,9-10,13-14,17-19,21-23H,2-3,8,11-12,15-16H2,1H3,(H,24,25)/b6-4-,7-5+,1 3-9+,14-10+/t17-,18+,19-/m0/s1
A13: LXB4 | B13: Lipoxin B4 | C13: 5(S),14(R),15(S)-TriHETE | D13: 5S,14R,15S-trihydroxy-6E,8Z,10E,12E-eicosatetraenoic acid | E13: 6499 | F13: UXVRTOKOJOMENI-WLPVFMORSA-N | G13: InChI=1S/C20H32O5/c1-2-3-8-14-18(22)19(23)15-10-7-5-4-6-9-12-17(21)13-11-16-20(24)25/h4-7,9-10,12,15,17-19,21-23H,2-3,8,11,13-14,16H2,1H3,(H,24,25)/b6-4-,7-5+,12-9+,15-10+/t17-,18+,19-/m1/s1
A14: 8isoPGA2 | B14: 8-iso-Prostaglandin A2 | C14: 8-epi PGA2 | D14: 9-oxo-15S-hydroxy-(8β)-prosta-5Z,10,13E-trien-1-oic acid | E14: - | F14: MYHXHCUNDDAEOZ-UKUWKSPLSA-N | G14: nChI=1S/C20H30O4/c1-2-3-6-9-17(21)14-12-16-13-15-19(22)18(16)10-7-4-5-8-11-20(23)24/h4,7,12-18,21H,2-3,5-6,8-11H2,1H3,(H,23,24)/b7-4-,14-12+/t16-,17-,18-/m0/s1
A15: PGD2 | B15: Prostaglandin D2 | D15: 9α,15S-dihydroxy-11-oxo-prosta-5Z,13E-dien-1-oic acid | E15: 15555 | F15: BHMBVRSPMRCCGG-OUTUXVNYSA-N | G15: InChI=1S/C20H32O5/c1-2-3-6-9-15(21)12-13-17-16(18(22)14-19(17)23)10-7-4-5-8-11-20(24)25/h4,7,12-13,15-18,21-22H,2-3,5-6,8-11,14H2,1H3,(H,24,25)/b7-4-,13-12+/t15-,16+,17+,18-/m0/s1
A16: PGE2 | B16: Prostaglandin E2 | D16: 9-oxo-11α,15S-dihydroxy-prosta-5Z,13E-dien-1-oic acid | E16: 15551 | F16: XEYBRNLFEZDVAW-ARSRFYASSA-N | G16: InChI=1S/C20H32O5/c1-2-3-6-9-15(21)12-13-17-16(18(22)14-19(17)23)10-7-4-5-8-11-20(24)25/h4,7,12-13,15-17,19,21,23H,2-3,5-6,8-11,14H2,1H3,(H,24,25)/b7-4-,13-12+/t15-,16+,17+,19+/m0/s1
A17: PGF2a | B17: Prostaglandin F2 alpha | D17: 9α,11α,15S-trihydroxy-prosta-5Z,13E-dien-1-oic acid | E17: 15553 | F17: PXGPLTODNUVGFL-YNNPMVKQSA-N | G17: 1S/C20H34O5/c1-2-3-6-9-15(21)12-13-17-16(18(22)14-19(17)23)10-7-4-5-8-11-2 0(24)25/h4,7,12-13,15-19,21-23H,2-3,5-6,8-11,14H2,1H3,(H,24,25)/b7-4-,13-12+/t15 -,16+,17+,18-,19+/m0/s1
A18: 11B-PGF2a | B18: 11-beta-Prostaglandin F2 alpha | D18: (5Z,9α,11β,13E,15S)-9,11,15-trihydroxy-prosta-5,13-dien-1-oic acid | E18: 27595 | F18: PXGPLTODNUVGFL-ZWAKLXPCSA-N | G18: InChI=1S/C20H34O5/c1-2-3-6-9-15(21)12-13-17-16(18(22)14-19(17)23)10-7-4-5-8-11-20(24)25/h4,7,12-13,15-19,21-23H,2-3,5-6,8-11,14H2,1H3,(H,24,25)/b7-4-,13-12+/t15-,16+,17+,18-,19-/m0/s1
A19: PGFM | B19: 13,14-dihydro-15-keto PGF2α | D19: 9α,11α-dihydroxy-15-oxo-prost-5Z-en-1-oic acid | E19: 63976 | F19: VKTIONYPMSCHQI-XAGFEHLVSA-N | G19: InChI=1S/C20H34O5/c1-2-3-6-9-15(21)12-13-17-16(18(22)14-19(17)23)10-7-4-5-8-11-20(24)25/h4,7,16-19,22-23H,2-3,5-6,8-14H2,1H3,(H,24,25)/b7-4-/t16-,17-,18+,19-/m1/s1
A20: 15dPGJ2 | B20: 15-deoxy-Δ12,14-Prostaglandin J2 | C20: 15-deoxy-Δ12,14-PGJ2 | D20: 11-oxo-prosta-5Z,9,12E,14E-tetraen-1-oic acid | E20: 34159 | F20: VHRUMKCAEVRUBK-GODQJPCRSA-N | G20: InChI=1S/C20H28O3/c1-2-3-4-5-6-10-13-18-17(15-16-19(18)21)12-9-7-8-11-14-20(22)23/h6-7,9-10,13,15-17H,2-5,8,11-12,14H2,1H3,(H,22,23)/b9-7-,10-6+,18-13+/t17-/m0/s1
A21: 6kPGF1a | B21: 6-keto-Prostaglandin-F1-alpha | D21: 6-oxo-9α,11α,15S-trihydroxy-prost-13E-en-1-oic acid | E21: 28158 | F21: KFGOFTHODYBSGM-ZUNNJUQCSA-N | G21: InChI=1S/C20H34O6/c1-2-3-4-7-14(21)10-11-16-17(19(24)13-18(16)23)12-15(22)8-5-6-9-20(25)26/h10-11,14,16-19,21,23-24H,2-9,12-13H2,1H3,(H,25,26)/b11-10+/t14-,16+,17+,18+,19-/m0/s1
A22: TXB2 | B22: Tromboxane B2 | D22: 9α,11,15S-trihydroxythromba-5Z,13E-dien-1-oic acid | E22: 28728 | F22: XNRNNGPBEPRNAR-JQBLCGNGSA-N | G22: InChI=1S/C20H34O6/c1-2-3-6-9-15(21)12-13-18-16(17(22)14-20(25)26-18)10-7-4-5-8-11-19(23)24/h4,7,12-13,15-18,20-22,25H,2-3,5-6,8-11,14H2,1H3,(H,23,24)/b7-4-,13-12+/t15-,16-,17-,18+,20?/m0/s1
A23: PGA1 | B23: Prostaglandin A1 | D23: 9-oxo-15S-hydroxy-prosta-10,13E-dien-1-oic acid | E23: 15545 | F23: BGKHCLZFGPIKKU-LDDQNKHRSA-N | G23: InChI=1S/C20H32O4/c1-2-3-6-9-17(21)14-12-16-13-15-19(22)18(16)10-7-4-5-8-11-20(23)24/h12-18,21H,2-11H2,1H3,(H,23,24)/b14-12+/t16-,17-,18+/m0/s1
A24: 14-HDHA | B24: 14-hydroxy Docosahexaenoic Acid | C24: 14-HDoHE | D24: 14-hydroxy-4Z,7Z,10Z,12E,16Z,19Z-docosahexaenoic acid | E24: 72647 | F24: ZNEBXONKCYFJAF-BGKMTWLOSA-N | G24: 1S/C22H32O3/c1-2-3-4-5-12-15-18-21(23)19-16-13-10-8-6-7-9-11-14-17-20-22(24)25/h3-4,6-7,10-16,19,21,23H,2,5,8-9,17-18,20H2,1H3,(H,24,25)/b4-3-,7-6-,13-10-,14-11-,15-12-,19-16+
A25: 17-HDHA | B25: 17-hydroxy Docosahexaenoic Acid | C25: 17-HDoHE | D25: 17-hydroxy-4Z,7Z,10Z,13Z,15E,19Z-docosahexaenoic acid | E25: 72637 | F25: SWTYBBUBEPPYCX-VIIQGJSXSA-N | G25: 1S/C22H32O3/c1-2-3-15-18-21(23)19-16-13-11-9-7-5-4-6-8-10-12-14-17-20-22(24)25/h3,5-8,11-16,19,21,23H,2,4,9-10,17-18,20H2,1H3,(H,24,25)/b7-5-,8-6-,13-11-,14-12-,15-3-,19-16+
A26: 7(S)-MaR1 | B26: Maresin 1 - 7(S)-MaR1 | C26: 7-epi-MaR1 | D26: 7S,14S-dihydroxy-4Z,8E,10E,12Z,16Z,19Z-docosahexaenoic acid | E26: - | F26: HLHYXXBCQOUTGK-NVFVPEJPSA-N | G26: InChI=1S/C22H32O4/c1-2-3-4-5-6-10-15-20(23)16-11-7-8-12-17-21(24)18-13-9-14-19-22(25)26/h3-4,6-13,16-17,20-21,23-24H,2,5,14-15,18-19H2,1H3,(H,25,26)/b4-3-,8-7+,10-6-,13-9-,16-11-,17-12+/t20-,21+/m0/s1
A27: PDx | B27: Neuro Protectin DX | C27: 10(S),17(S)-DiHDHA | D27: 10(S),17(S)-dihydroxy-4Z,7Z,11E,13Z,15E,19Z-docosahexaenoic acid | E27: 140930 | F27: CRDZYJSQHCXHEG-XLBFCUQGSA-N | G27: InChI=1S/C22H32O4/c1-2-3-10-15-20(23)17-12-8-9-13-18-21(24)16-11-6-4-5-7-14-19-22(25)26/h3,5-13,17-18,20-21,23-24H,2,4,14-16,19H2,1H3,(H,25,26)/b7-5-,9-8-,10-3-,11-6-,17-12+,18-13+/t20-,21-/m0/s1
A28: RVD1 | B28: Resolvin D1 | C28: 17(S)-Resolvin D1 | D28: 7S,8R,17S-trihydroxy-4Z,9E,11E,13Z,15E,19Z-docosahexaenoic acid | E28: 81564 | F28: OIWTWACQMDFHJG-CCFUIAGSSA-N | G28: InChI=1S/C22H32O5/c1-2-3-9-14-19(23)15-10-6-4-5-7-11-16-20(24)21(25)17-12-8-13-18-22(26)27/h3-12,15-16,19-21,23-25H,2,13-14,17-18H2,1H3,(H,26,27)/b6-4-,7-5+,9-3-,12-8-,15-10+,16-11+/t19-,20+,21-/m0/s1
A29: RvD2 | B29: Resolvin D2 | C29: 7(S),16(R),17(S)-Resolvin D2 | D29: 7S,16R,17S-trihydroxy-4Z,8E,10Z,12E,14E,19Z-docosahexaenoic acid | E29: 81565 | F29: IKFAUGXNBOBQDM-XFMPMKITSA-N | G29: InChI=1S/C22H32O5/c1-2-3-9-16-20(24)21(25)17-12-7-5-4-6-10-14-19(23)15-11-8-13-18-22(26)27/h3-12,14,17,19-21,23-25H,2,13,15-16,18H2,1H3,(H,26,27)/b6-4-,7-5+,9-3-,11-8-,14-10+,17-12+/t19-,20+,21-/m1/s1
A30: RvD3 | B30: Resolvin D3 | D30: 4S,11R,17S-trihydroxy-5Z,7E,9E,13Z,15E,19Z-docosahexaenoic acid | E30: 138648 | F30: QBTJOLCUKWLTIC-UZAFJXHNSA-N | G30: InChI=1S/C22H32O5/c1-2-3-7-12-19(23)14-10-6-11-15-20(24)13-8-4-5-9-16-21(25)17-18-22(26)27/h3-11,13-14,16,19-21,23-25H,2,12,15,17-18H2,1H3,(H,26,27)/b5-4+,7-3-,11-6-,13-8+,14-10+,16-9-/t19-,20-,21+/m0/s1
A31: RvD5 | B31: Resolvin D5 | C31: 7(S),17(S)-diHDHA | D31: 7S,17S-dihydroxy-4Z,8E,10Z,13Z,15E,19Z-docosahexaenoic acid | E31: 138645 | F31: CFOFZYMMJZILHE-XGTWDWJNSA-N | G31: InChI=1S/C22H32O4/c1-2-3-10-15-20(23)16-11-7-5-4-6-8-12-17-21(24)18-13-9-14-19-22(25)26/h3,5-13,16-17,20-21,23-24H,2,4,14-15,18-19H2,1H3,(H,25,26)/b7-5-,8-6-,10-3-,13-9-,16-11+,17-12+/t20-,21+/m0/s1
A32: 18-HEPE | D32: (±)-18-hydroxy-5Z,8Z,11Z,14Z,16E-eicosapentaenoic acid | E32: 72802 | F32: LRWYBGFSVUBWMO-UXNZXXPISA-N | G32: 1S/C20H30O3/c1-2-19(21)17-15-13-11-9-7-5-3-4-6-8-10-12-14-16-18-20(22)23/h 4-7,10-13,15,17,19,21H,2-3,8-9,14,16,18H2,1H3,(H,22,23)/b6-4-,7-5-,12-10-,13-11- ,17-15+
A33: LTB5 | B33: Leuktriene B5 | D33: 5S,12R-dihydroxy-6Z,8E,10E,14Z,17Z-eicosapentaenoic acid | E33: 88493 | F33: BISQPGCQOHLHQK-HDNPQISLSA-N | G33: InChI=1S/C20H30O4/c1-2-3-4-5-6-9-13-18(21)14-10-7-8-11-15-19(22)16-12-17-20(23)24/h3-4,6-11,14-15,18-19,21-22H,2,5,12-13,16-17H2,1H3,(H,23,24)/b4-3-,8-7+,9-6-,14-10+,15-11-/t18-,19-/m1/s1
A34: PGE3 | B34: Prostaglandin E3 | D34: 9-oxo-11α,15S-dihydroxy-prosta-5Z,13E,17Z-trien-1-oic acid | E34: 28031 | F34: CBOMORHDRONZRN-QLOYDKTKSA-N | G34: InChI=1S/C20H30O5/c1-2-3-6-9-15(21)12-13-17-16(18(22)14-19(17)23)10-7-4-5-8-11-20(24)25/h3-4,6-7,12-13,15-17,19,21,23H,2,5,8-11,14H2,1H3,(H,24,25)/b6-3-,7-4-,13-12+/t15-,16+,17+,19+/m0/s1
A35: RvE1 | B35: Resolvin E1 | C35: 5,12,18R-triHEPE | D35: 5S,12R,18R-trihydroxy-6Z,8E,10E,14Z,16E-eicosapentaenoic acid | E35: 81559 | F35: AOPOCGPBAIARAV-OTBJXLELSA-N | G35: InChI=1S/C20H30O5/c1-2-17(21)11-8-5-9-14-18(22)12-6-3-4-7-13-19(23)15-10-16-20(24)25/h3-9,11-13,17-19,21-23H,2,10,14-16H2,1H3,(H,24,25)/b4-3+,9-5-,11-8+,12-6+,13-7-/t17-,18+,19-/m1/s1
A36: 5,6-DiHETE | D36: (±)5,6-dihydroxy-8Z,11Z,14Z,17Z-eicosatetraenoic acid | E36: 165283 | F36: VPXVODYVPILPRC-CLQAUIESSA-N | G36: 1S/C20H32O4/c1-2-3-4-5-6-7-8-9-10-11-12-13-15-18(21)19(22)16-14-17-20(23)24/h3-4,6-7,9-10,12-13,18-19,21-22H,2,5,8,11,14-17H2,1H3,(H,23,24)/b4-3-,7-6-,10-9-,13-12-/t18-,19+/m1/s1
A37: 13-HODE | D37: (±)-13-hydroxy-9Z,11E-octadecadienoic acid | E37: 34154 | F37: HNICUWMFWZBIFP-IRQZEAMPSA-N | G37: 1S/C18H32O3/c1-2-3-11-14-17(19)15-12-9-7-5-4-6-8-10-13-16-18(20)21/h7,9,12,15,17,19H,2-6,8,10-11,13-14,16H2,1H3,(H,20,21)/b9-7-,15-12+/t17-/m0/s1
A38: 9-HODE | D38: (±)-9-hydroxy-10E,12Z-octadecadienoic acid | E38: 72651 | F38: NPDSHTNEKLQQIJ-ZJHFMPGASA-N | G38: 1S/C18H32O3/c1-2-3-4-5-6-8-11-14-17(19)15-12-9-7-10-13-16-18(20)21/h6,8,11,14,17,19H,2-5,7,9-10,12-13,15-16H2,1H3,(H,20,21)/b8-6-,14-11+
A39: 12,13-DiHOME | C39: Isoleukotoxin diol | D39: 12,13-dihydroxy-9Z-octadecenoic acid | E39: 72665 | F39: CQSLTKIXAJTQGA-FLIBITNWSA-N | G39: 1S/C18H34O4/c1-2-3-10-13-16(19)17(20)14-11-8-6-4-5-7-9-12-15-18(21)22/h8,11,16-17,19-20H,2-7,9-10,12-15H2,1H3,(H,21,22)/b11-8-
A40: 9,10-DiHOME | C40: Leukotoxin diol | D40: (±)9,10-dihydroxy-12Z-octadecenoic acid | E40: 72663 | F40: XEBKSQSGNGRGDW-YFHOEESVSA-N | G40: 1S/C18H34O4/c1-2-3-4-5-7-10-13-16(19)17(20)14-11-8-6-9-12-15-18(21)22/h7,10,16-17,19-20H,2-6,8-9,11-15H2,1H3,(H,21,22)/b10-7-
A41: 13-oxo-ODE | C41: 13-kode | D41: 13-oxo-9Z,11E-octadecadienoic acid | E41: 68947 | F41: JHXAZBBVQSRKJR-BSZOFBHHSA-N | G41: 1S/C18H30O3/c1-2-3-11-14-17(19)15-12-9-7-5-4-6-8-10-13-16-18(20)21/h7,9,12,15H,2-6,8,10-11,13-14,16H2,1H3,(H,20,21)/b9-7-,15-12+
A42: 9-oxo-ODE | C42: 9-KODE | D42: 9-oxo-10E,12Z-octadecadienoic acid | E42: 72842 | F42: LUZSWWYKKLTDHU-ZJHFMPGASA-N | G42: 1S/C18H30O3/c1-2-3-4-5-6-8-11-14-17(19)15-12-9-7-10-13-16-18(20)21/h6,8,11,14H,2-5,7,9-10,12-13,15-16H2,1H3,(H,20,21)/b8-6-,14-11+
A43: 9,10,13-TriHOME | D43: 9S,10S,13S-trihydroxy-11E-octadecenoic acid | E43: 34499 | F43: NTVFQBIHLSPEGQ-BUHFOSPRSA-N | G43: 1S/C18H34O5/c1-2-3-7-10-15(19)13-14-17(21)16(20)11-8-5-4-6-9-12-18(22)23/h13-17,19-21H,2-12H2,1H3,(H,22,23)/b14-13+
A44: 9,12,13-TriHOME | C44: 9S,12S,13S-Pinellic Acid | D44: 9S,12S,13S-trihydroxy-10E-octadecenoic acid | E44: 34506 | F44: MDIUMSLCYIJBQC-MVFSOIOZSA-N | G44: 1S/C18H34O5/c1-2-3-7-11-16(20)17(21)14-13-15(19)10-8-5-4-6-9-12-18(22)23/h13-17,19-21H,2-12H2,1H3,(H,22,23)/b14-13+/t15-,16-,17-/m0/s1
A45: 9(S)-HOTrE | D45: 9S-hydroxy-10E,12Z,15Z-octadecatrienoic acid | E45: 80447 | F45: RIGGEAZDTKMXSI-MEBVTJQTSA-N | G45: 1S/C18H30O3/c1-2-3-4-5-6-8-11-14-17(19)15-12-9-7-10-13-16-18(20)21/h3-4,6,8,11,14,17,19H,2,5,7,9-10,12-13,15-16H2,1H3,(H,20,21)/b4-3-,8-6-,14-11+/t17-/m1/s1
A46: 13(S)-HOTrE | D46: 13S-hydroxy-9Z,11E,15Z-octadecatrienoic acid | E46: 84441 | F46: KLLGGGQNRTVBSU-FQSPHKRJSA-N | G46: 1S/C18H30O3/c1-2-3-11-14-17(19)15-12-9-7-5-4-6-8-10-13-16-18(20)21/h3,7,9,11-12,15,17,19H,2,4-6,8,10,13-14,16H2,1H3,(H,20,21)/b9-7-,11-3-,15-12+/t17-/m0/s1
A47: 10(S)-HODE | D47: 10S-hydroxy-8E,12Z-octadecadienoic acid | E47: 165768 | F47: XUDNDTZOWNNWHA-NDTUJAEZSA-N | G47: InChI=1S/C18H32O3/c1-2-3-4-5-8-11-14-17(19)15-12-9-6-7-10-13-16-18(20)21/h8,11-12,15,17,19H,2-7,9-10,13-14,16H2,1H3,(H,20,21)/b11-8-,15-12+/t17-/m0/s1
A48: C16-2OH | C48: 2-hydroxypalmitic acid | D48: 2-Hydroxyhexadecanoic acid | E48: 65101 | F48: JGHSBPIZNUXPLA-UHFFFAOYSA-N | G48: InChI=1S/C16H32O3/c1-2-3-4-5-6-7-8-9-10-11-12-13-14-15(17)16(18)19/h15,17H,2-14H2,1H3,(H,18,19)
A49: C16-3OH | C49: 3-hydroxypalmitic acid | D49: 3-Hydroxyhexadecanoic acid | E49: 37248 | F49: CBWALJHXHCJYTE-UHFFFAOYSA-N | G49: InChI=1S/C16H32O3/c1-2-3-4-5-6-7-8-9-10-11-12-13-15(17)14-16(18)19/h15,17H,2-14H2,1H3,(H,18,19)
A50: C16:1-3OH
A51: C18-2OH | C51: 2-hydroxystearic acid | D51: 2-Hydroxyoctadecanoic acid | E51: 19660 | F51: KIHBGTRZFAVZRV-UHFFFAOYSA-N | G51: InChI=1S/C18H36O3/c1-2-3-4-5-6-7-8-9-10-11-12-13-14-15-16-17(19)18(20)21/h17,19H,2-16H2,1H3,(H,20,21)
A52: C18-3OH | C52: 3-hydroxystearic acid | D52: 3-Hydroxyoctadecanoic acid | E52: 50578 | F52: POMQYTSPMKEQNB-UHFFFAOYSA-N | G52: InChI=1S/C18H36O3/c1-2-3-4-5-6-7-8-9-10-11-12-13-14-15-17(19)16-18(20)21/h17,19H,2-16H2,1H3,(H,20,21)
A53: C18:1-3OH
A54: C8-3OH | C54: 3-hydroxycaprylic acid | D54: 3-hydroxyoctanoic acid | E54: 37098 | F54: NDPLAKGOSZHTPH-UHFFFAOYSA-N | G54: InChI=1S/C8H16O3/c1-2-3-4-5-7(9)6-8(10)11/h7,9H,2-6H2,1H3,(H,10,11)
A55: C10-3OH | C55: 3-Hydroxycapric acid | D55: 3-hydroxydecanoic acid | E55: 132983 | F55: FYSSBMZUBSBFJL-UHFFFAOYSA-N | G55: InChI=1S/C10H20O3/c1-2-3-4-5-6-7-9(11)8-10(12)13/h9,11H,2-8H2,1H3,(H,12,13)
A56: C12-3OH | C56: 3-hydroxylauric acid | D56: 3-hydroxydodecanoic acid | E56: 36206 | F56: MUCMKTPAZLSKTL-UHFFFAOYSA-N | G56: InChI=1S/C12H24O3/c1-2-3-4-5-6-7-8-9-11(13)10-12(14)15/h11,13H,2-10H2,1H3,(H,14,15)
A57: C14-3OH | C57: 3-hydroxymyristic acid | D57: 3-hydroxytetradecanoic acid | E57: 85148 | F57: ATRNZOYKSNPPBF-UHFFFAOYSA-N | G57: InChI=1S/C14H28O3/c1-2-3-4-5-6-7-8-9-10-11-13(15)12-14(16)17/h13,15H,2-12H2,1H3,(H,16,17)

Sheet PUFA's metabolismes
I3: 9,12,13-TriHOME | K3: 9,10,13-TriHOME
I4: ↑ | K4: ↑ | AB4: PGE3 | AC4: ← | AD4: PGH3 | AE4: ← | AF4: PGG3 | AG4: COX | AH4: Eicosapentaenoic acid (EPA) | AK4: LOX | AL4: 5-HpEPE | AM4: → | AN4: LTA5 | AO4: → | AP4: LTB5
G5: 9-OxoODE | H5: ← | I5: 9-HODE | J5: ← | K5: 9-HpODE
L6: ↖ | M6: LOX | N6: Linoleic acid (LA) | O6: CYP450 | P6: 12(13)-EpOME | Q6: → | R6: 12,13-DiHOME | AK6: CYP450
L7: ↙ | P7: 9(10)-EpOME | Q7: → | R7: 9,10-DiHOME | AB7: RvE1 | AC7: ← | AD7: 18-HEPE | AE7: ← | AF7: 18R-HpEPE
G8: 13-OxoODE | H8: ← | I8: 13-HODE | J8: ← | K8: 13-HpODE | AL8: 5(6)-EpETE | AM8: → | AN8: 5,6-DiHETE
K9: ↓ | O9: Peroxidation | P9: 10-HpODE | Q9: → | R9: 10-HODE
K10: 9,12,13-TriHOME | P10: (Non-enzymatic) | R10: (Non-enzymatic)
M12: Dihomo-γ-linolenic acid (DGLA)
O13: COX | P13: PGH1 | Q13: → | R13: PGE1 | S13: → | T13: PGA1
AP15: RvD1
R16: 8-HpETE | S16: → | T16: 8-HETE | AP16: RvD2
K17: TXB2 | AB17: Maresin1 | AC17: ← | AD17: 14S-HDHA | AE17: ← | AF17: 14S-HpDHA | AG17: LOX | AH17: Docohexaenoic acid (DHA) | AK17: LOX | AL17: 17S-HpDHA | AM17: → | AN17: 17S-HDHA | AP17: RvD3
K18: ↑ | R18: 5-HETE | S18: → | T18: 5-oxo-ETE | AP18: RvD5
K19: TXA2 | R19: ↑ | AJ19: Epoxidase/hydrolase
K20: ↑ | R20: 5-HpETE | S20: → | T20: LTA4 | U20: → | V20: LTB4
C21: 6-keto-PGE1α | D21: ← | E21: 6-keto-PGF1α | F21: ← | G21: PGI2 | H21: ← | I21: PGH2 | J21: ← | K21: PGG2 | M21: COX | N21: Arachidonic acid (AA) | O21: LOX | T21: ↓ | U21: ↘ | AK21: NPD1 | AL21: PDX (NPDX)
H22: ↙ | I22: ↓ | J22: ↘ | T22: LXB4 | V22: LXA4
G23: PGE2 | H23: → | I23: PGF2α | K23: PGD2 | M23: Peroxidation | T23: ↑ | U23: ↗
I24: ↓ | K24: ↓ | R24: 15-HpETE | S24: → | T24: 15(S)-HETE
I25: 15-keto-PGF2α | K25: 11β-PGF2α | N25: CYP450 | AH25: α-linolenic acid (ALA) | AK25: LOX | AL25: 9-HOTrE
I26: ↓ | R26: 12-HpETE | S26: → | T26: 12-HETE | AL26: 13-HOTrE
I27: PGFM
K30: 8-iso-PGF2α
K31: (Non-enzymatic)
M34: 5(6)-EpETrE | N34: 8(9)-EpETrE | O34: 11(12)-EpETrE | P34: 14(15)-EpETrE
M35: ↓ | N35: ↓ | O35: ↓ | P35: ↓
M36: 5,6-DiHETrE | N36: 8,9-DiHETrE | O36: 11,12-DiHETrE | P36: 14,15-DiHETrE
