Workbook

Sheet Raw datas
D1: Conditions | F1: BS-064D0 | G1: BS-064D03 | H1: BS-064D10 | I1: BS-064D60 | J1: BS-082D0 | K1: BS-082D03 | L1: BS-082D10 | M1: BS-082D60 | N1: BS-336D0 | O1: BS-336D03 | P1: BS-336D10 | Q1: BS-336D60 | R1: BS-346D0 | S1: BS-346D03 | T1: BS-346D10 | U1: BS-346D60 | V1: BS-351D0 | W1: BS-351D03 | X1: BS-351D10 | Y1: BS-351D60 | Z1: BS-364D0 | AA1: BS-364D03 | AB1: BS-364D10 | AC1: BS-364D60 | AD1: BS-377D0 | AE1: BS-377D03 | AF1: BS-377D10 | AG1: BS-377D60 | AH1: BS-671D0 | AI1: BS-671D03 | AJ1: BS-671D10 | AK1: BS-671D60 | AL1: JV-035D0 | AM1: JV-035D03 | AN1: JV-035D10 | AO1: JV-035D60 | AP1: JV-048D0 | AQ1: JV-048D03 | AR1: JV-048D10 | AS1: JV-071D0 | AT1: JV-071D03 | AU1: JV-071D60 | AV1: JV-138D0 | AW1: JV-138D03 | AX1: JV-138D10 | AY1: JV-138D60 | AZ1: JV-148D0 | BA1: JV-148D03 | BB1: JV-148D10 | BC1: JV-148D60 | BD1: JV-157D0 | BE1: JV-157D03 | BF1: JV-157D10 | BG1: JV-157D60 | BH1: KT-193D0 | BI1: KT-193D03 | BJ1: KT-193D10 | BK1: KT-193D60 | BL1: KT-247D0 | BM1: KT-247D03 | BN1: KT-247D10 | BO1: KT-247D60 | BP1: KT-312D0 | BQ1: KT-312D03 | BR1: KT-312D10 | BS1: KT-312D60 | BT1: KT-313D0 | BU1: KT-313D03 | BV1: KT-313D10 | BW1: KT-313D60 | BX1: KT-347D0 | BY1: KT-347D03 | BZ1: KT-347D10 | CA1: KT-347D60 | CB1: KT-352D0 | CC1: KT-352D03 | CD1: KT-352D10 | CE1: KT-352D60 | CF1: KT-412D0 | CG1: KT-412D03 | CH1: KT-412D10 | CI1: KT-412D60 | CJ1: KT-417D0 | CK1: KT-417D03 | CL1: KT-417D10 | CM1: KT-417D60 | CN1: KT-434D0 | CO1: KT-434D03 | CP1: KT-434D10 | CQ1: KT-434D60 | CR1: KT-445D0 | CS1: KT-445D03 | CT1: KT-445D10 | CU1: KT-445D60 | CV1: KT-515D0 | CW1: KT-515D03 | CX1: KT-515D10 | CY1: KT-515D60 | CZ1: KT-522D0 | DA1: KT-522D03 | DB1: KT-522D10 | DC1: KT-522D60 | DD1: KT-525D0 | DE1: KT-525D03 | DF1: KT-525D10 | DG1: KT-525D60 | DH1: KT-537D0 | DI1: KT-537D03 | DJ1: KT-537D10 | DK1: KT-537D60 | DL1: KT-538D0 | DM1: KT-538D03 | DN1: KT-538D10 | DO1: KT-538D60 | DP1: KT-539D0 | DQ1: KT-539D03 | DR1: KT-539D10 | DS1: KT-539D60 | DT1: KT-565D0 | DU1: KT-565D03 | DV1: KT-565D10 | DW1: KT-612D0 | DX1: KT-612D03 | DY1: KT-612D10 | DZ1: KT-612D60 | EA1: KT-663D0 | EB1: KT-663D03 | EC1: KT-663D10 | ED1: KT-663D60 | EE1: KT-695D0 | EF1: KT-695D03 | EG1: KT-695D10 | EH1: KT-695D60 | EI1: KT-705D0 | EJ1: KT-705D03 | EK1: KT-705D10 | EL1: KT-705D60 | EM1: KT-716D0 | EN1: KT-716D03 | EO1: KT-716D10 | EP1: KT-716D60 | EQ1: KT-718D0 | ER1: KT-718D03 | ES1: KT-718D10 | ET1: KT-718D60 | EU1: KT-723D0 | EV1: KT-723D03 | EW1: KT-723D10 | EX1: KT-723D60 | EY1: KT-771D0 | EZ1: KT-771D03 | FA1: KT-771D10 | FB1: KT-771D60 | FC1: KT-805D0 | FD1: KT-805D03 | FE1: KT-805D10 | FF1: KT-805D60 | FG1: KT-880D0 | FH1: KT-880D03 | FI1: KT-880D10 | FJ1: KT-880D60 | FK1: KT-926D0 | FL1: KT-927D03 | FM1: KT-928D10 | FN1: KT-929D60 | FO1: KT-974D0 | FP1: KT-974D03 | FQ1: KT-974D10 | FR1: KT-974D60 | FS1: Extraction Controls | FW1: Quality Controls | GI1: Injection Control
A2: Family | B2: Metabolite name | C2: mz | D2: rt | E2: rt_absolute_error | F2: 241008DMI_Global_11 | G2: 241008DMI_Global_33 | H2: 241008DMI_Global_136 | I2: 241008DMI_Global_108 | J2: 241008DMI_Global_68 | K2: 241008DMI_Global_64 | L2: 241008DMI_Global_41 | M2: 241008DMI_Global_10 | N2: 241008DMI_Global_154 | O2: 241008DMI_Global_24 | P2: 241008DMI_Global_12 | Q2: 241008DMI_Global_103 | R2: 241008DMI_Global_137 | S2: 241008DMI_Global_19 | T2: 241008DMI_Global_101 | U2: 241008DMI_Global_120 | V2: 241008DMI_Global_21 | W2: 241008DMI_Global_46 | X2: 241008DMI_Global_74 | Y2: 241008DMI_Global_129 | Z2: 241008DMI_Global_02 | AA2: 241008DMI_Global_144 | AB2: 241008DMI_Global_107 | AC2: 241008DMI_Global_83 | AD2: 241008DMI_Global_35 | AE2: 241008DMI_Global_166 | AF2: 241008DMI_Global_72 | AG2: 241008DMI_Global_55 | AH2: 241008DMI_Global_134 | AI2: 241008DMI_Global_06 | AJ2: 241008DMI_Global_171 | AK2: 241008DMI_Global_80 | AL2: 241008DMI_Global_96 | AM2: 241008DMI_Global_169 | AN2: 241008DMI_Global_165 | AO2: 241008DMI_Global_49 | AP2: 241008DMI_Global_124 | AQ2: 241008DMI_Global_78 | AR2: 241008DMI_Global_20 | AS2: 241008DMI_Global_152 | AT2: 241008DMI_Global_116 | AU2: 241008DMI_Global_30 | AV2: 241008DMI_Global_05 | AW2: 241008DMI_Global_76 | AX2: 241008DMI_Global_38 | AY2: 241008DMI_Global_37 | AZ2: 241008DMI_Global_157 | BA2: 241008DMI_Global_59 | BB2: 241008DMI_Global_22 | BC2: 241008DMI_Global_17 | BD2: 241008DMI_Global_16 | BE2: 241008DMI_Global_81 | BF2: 241008DMI_Global_146 | BG2: 241008DMI_Global_69 | BH2: 241008DMI_Global_111 | BI2: 241008DMI_Global_92 | BJ2: 241008DMI_Global_31 | BK2: 241008DMI_Global_156 | BL2: 241008DMI_Global_32 | BM2: 241008DMI_Global_39 | BN2: 241008DMI_Global_114 | BO2: 241008DMI_Global_66 | BP2: 241008DMI_Global_70 | BQ2: 241008DMI_Global_153 | BR2: 241008DMI_Global_01 | BS2: 241008DMI_Global_28 | BT2: 241008DMI_Global_61 | BU2: 241008DMI_Global_164 | BV2: 241008DMI_Global_54 | BW2: 241008DMI_Global_135 | BX2: 241008DMI_Global_102 | BY2: 241008DMI_Global_44 | BZ2: 241008DMI_Global_36 | CA2: 241008DMI_Global_142 | CB2: 241008DMI_Global_105 | CC2: 241008DMI_Global_94 | CD2: 241008DMI_Global_98 | CE2: 241008DMI_Global_145 | CF2: 241008DMI_Global_170 | CG2: 241008DMI_Global_53 | CH2: 241008DMI_Global_57 | CI2: 241008DMI_Global_03 | CJ2: 241008DMI_Global_56 | CK2: 241008DMI_Global_159 | CL2: 241008DMI_Global_123 | CM2: 241008DMI_Global_75 | CN2: 241008DMI_Global_168 | CO2: 241008DMI_Global_09 | CP2: 241008DMI_Global_63 | CQ2: 241008DMI_Global_158 | CR2: 241008DMI_Global_42 | CS2: 241008DMI_Global_71 | CT2: 241008DMI_Global_112 | CU2: 241008DMI_Global_62 | CV2: 241008DMI_Global_58 | CW2: 241008DMI_Global_104 | CX2: 241008DMI_Global_52 | CY2: 241008DMI_Global_115 | CZ2: 241008DMI_Global_143 | DA2: 241008DMI_Global_118 | DB2: 241008DMI_Global_138 | DC2: 241008DMI_Global_97 | DD2: 241008DMI_Global_119 | DE2: 241008DMI_Global_121 | DF2: 241008DMI_Global_117 | DG2: 241008DMI_Global_161 | DH2: 241008DMI_Global_163 | DI2: 241008DMI_Global_150 | DJ2: 241008DMI_Global_95 | DK2: 241008DMI_Global_34 | DL2: 241008DMI_Global_85 | DM2: 241008DMI_Global_87 | DN2: 241008DMI_Global_47 | DO2: 241008DMI_Global_110 | DP2: 241008DMI_Global_132 | DQ2: 241008DMI_Global_133 | DR2: 241008DMI_Global_162 | DS2: 241008DMI_Global_125 | DT2: 241008DMI_Global_147 | DU2: 241008DMI_Global_139 | DV2: 241008DMI_Global_128 | DW2: 241008DMI_Global_27 | DX2: 241008DMI_Global_148 | DY2: 241008DMI_Global_14 | DZ2: 241008DMI_Global_90 | EA2: 241008DMI_Global_18 | EB2: 241008DMI_Global_130 | EC2: 241008DMI_Global_160 | ED2: 241008DMI_Global_93 | EE2: 241008DMI_Global_73 | EF2: 241008DMI_Global_26 | EG2: 241008DMI_Global_131 | EH2: 241008DMI_Global_140 | EI2: 241008DMI_Global_79 | EJ2: 241008DMI_Global_15 | EK2: 241008DMI_Global_67 | EL2: 241008DMI_Global_08 | EM2: 241008DMI_Global_100 | EN2: 241008DMI_Global_99 | EO2: 241008DMI_Global_84 | EP2: 241008DMI_Global_43 | EQ2: 241008DMI_Global_40 | ER2: 241008DMI_Global_50 | ES2: 241008DMI_Global_86 | ET2: 241008DMI_Global_151 | EU2: 241008DMI_Global_51 | EV2: 241008DMI_Global_109 | EW2: 241008DMI_Global_07 | EX2: 241008DMI_Global_13 | EY2: 241008DMI_Global_113 | EZ2: 241008DMI_Global_106 | FA2: 241008DMI_Global_25 | FB2: 241008DMI_Global_122 | FC2: 241008DMI_Global_45 | FD2: 241008DMI_Global_127 | FE2: 241008DMI_Global_77 | FF2: 241008DMI_Global_88 | FG2: 241008DMI_Global_126 | FH2: 241008DMI_Global_65 | FI2: 241008DMI_Global_155 | FJ2: 241008DMI_Global_167 | FK2: 241008DMI_Global_91 | FL2: 241008DMI_Global_29 | FM2: 241008DMI_Global_141 | FN2: 241008DMI_Global_23 | FO2: 241008DMI_Global_82 | FP2: 241008DMI_Global_04 | FQ2: 241008DMI_Global_149 | FR2: 241008DMI_Global_172 | FS2: 241008DMI_Global_ISTD_01 | FT2: 241008DMI_Global_blc01 | FU2: 241009DMI_Global_ISTD_02 | FV2: 241009DMI_Global_blc02 | FW2: 241009DMI_Global_QC01 | FX2: 241009DMI_Global_QC02 | FY2: 241009DMI_Global_QC03 | FZ2: 241009DMI_Global_QC04 | GA2: 241009DMI_Global_QC05 | GB2: 241009DMI_Global_QC06 | GC2: 241009DMI_Global_QC07 | GD2: 241009DMI_Global_QC08 | GE2: 241009DMI_Global_QC09 | GF2: 241009DMI_Global_QCdil02 | GG2: 241009DMI_Global_QCdil04 | GH2: 241009DMI_Global_QCdil08 | GI2: 241028 CCM_Global_ISTD03
A3: DG | B3: (1,2) DG 24:0 | C3: 439.37915 | D3: 2.2409 | E3: 0.0353 | F3: 101600 | G3: 131600 | H3: 71650 | I3: 82110 | J3: 108500 | K3: 49980 | L3: 79890 | M3: 114500 | N3: 61890 | O3: 103900 | P3: 101400 | Q3: 95500 | R3: 64300 | S3: 73070 | T3: 53320 | U3: 88140 | V3: 107700 | W3: 105500 | X3: 87250 | Y3: 86370 | Z3: 99640 | AA3: 61180 | AB3: 60520 | AC3: 101500 | AD3: 93990 | AE3: 67660 | AF3: 99120 | AG3: 128300 | AH3: 56210 | AI3: 69870 | AJ3: 64980 | AK3: 83420 | AL3: 88890 | AM3: 71370 | AN3: 45340 | AO3: 97540 | AP3: 111900 | AQ3: 119000 | AR3: 94880 | AS3: 79480 | AT3: 87450 | AU3: 120900 | AV3: 95060 | AW3: 94230 | AX3: 88960 | AY3: 60470 | AZ3: 76620 | BA3: 54410 | BB3: 100600 | BC3: 263100 | BD3: 93180 | BE3: 89070 | BF3: 59600 | BG3: 100800 | BH3: 75680 | BI3: 95760 | BJ3: 101400 | BK3: 101700 | BL3: 117300 | BM3: 71060 | BN3: 86950 | BO3: 112600 | BP3: 117300 | BQ3: 62180 | BR3: 97410 | BS3: 138800 | BT3: 109200 | BU3: 53620 | BV3: 97130 | BW3: 65290 | BX3: 69340 | BY3: 123300 | BZ3: 98230 | CA3: 49930 | CB3: 95590 | CC3: 104800 | CD3: 105100 | CE3: 48230 | CF3: 87550 | CG3: 93600 | CH3: 117900 | CI3: 103400 | CJ3: 94920 | CK3: 46750 | CL3: 91290 | CM3: 79890 | CN3: 36340 | CO3: 65030 | CP3: 111600 | CQ3: 34280 | CR3: 72260 | CS3: 108800 | CT3: 102200 | CU3: 105600 | CV3: 98630 | CW3: 76690 | CX3: 125800 | CY3: 103200 | CZ3: 57460 | DA3: 81140 | DB3: 60150 | DC3: 79080 | DD3: 84320 | DE3: 112600 | DF3: 92380 | DG3: 64480 | DH3: 70280 | DI3: 43410 | DJ3: 120200 | DK3: 85160 | DL3: 122400 | DM3: 113400 | DN3: 75470 | DO3: 100900 | DP3: 64900 | DQ3: 62230 | DR3: 53190 | DS3: 51270 | DT3: 35880 | DU3: 59160 | DV3: 73000 | DW3: 135500 | DX3: 54280 | DY3: 122800 | DZ3: 85760 | EA3: 140500 | EB3: 86320 | EC3: 59530 | ED3: 93480 | EE3: 100800 | EF3: 100700 | EG3: 76220 | EH3: 55530 | EI3: 109000 | EJ3: 113900 | EK3: 111800 | EL3: 119500 | EM3: 89930 | EN3: 70700 | EO3: 114700 | EP3: 96440 | EQ3: 94190 | ER3: 124800 | ES3: 100200 | ET3: 71600 | EU3: 103100 | EV3: 102400 | EW3: 110600 | EX3: 101700 | EY3: 104000 | EZ3: 82030 | FA3: 111800 | FB3: 67370 | FC3: 89770 | FD3: 46270 | FE3: 68480 | FF3: 185900 | FG3: 64090 | FH3: 90010 | FI3: 49190 | FJ3: 50010 | FK3: 82880 | FL3: 104800 | FM3: 72680 | FN3: 105700 | FO3: 99910 | FP3: 106400 | FQ3: 65200 | FR3: 83370 | FS3: 158400 | FT3: 1e-06 | FU3: 126200 | FV3: 1e-06 | FW3: 129100 | FX3: 104900 | FY3: 96070 | FZ3: 93340 | GA3: 84700 | GB3: 100800 | GC3: 79330 | GD3: 85670 | GE3: 98630 | GF3: 32920 | GG3: 17170 | GH3: 2252 | GI3: 34230
A4: DG | B4: (1,2) DG 30:0 | C4: 523.4734 | D4: 2.3486 | E4: 0.0265 | F4: 1e-06 | G4: 1e-06 | H4: 1e-06 | I4: 1e-06 | J4: 1e-06 | K4: 1e-06 | L4: 1e-06 | M4: 1e-06 | N4: 1e-06 | O4: 1e-06 | P4: 1e-06 | Q4: 1e-06 | R4: 1e-06 | S4: 1e-06 | T4: 1e-06 | U4: 1e-06 | V4: 1e-06 | W4: 1e-06 | X4: 1e-06 | Y4: 1e-06 | Z4: 1e-06 | AA4: 1e-06 | AB4: 1e-06 | AC4: 1e-06 | AD4: 1e-06 | AE4: 1e-06 | AF4: 2614 | AG4: 1644 | AH4: 1e-06 | AI4: 1e-06 | AJ4: 1e-06 | AK4: 1e-06 | AL4: 1028 | AM4: 1e-06 | AN4: 1626 | AO4: 1e-06 | AP4: 1e-06 | AQ4: 1690 | AR4: 1e-06 | AS4: 1e-06 | AT4: 1e-06 | AU4: 1e-06 | AV4: 1e-06 | AW4: 1e-06 | AX4: 1497 | AY4: 1e-06 | AZ4: 1e-06 | BA4: 1e-06 | BB4: 1588 | BC4: 1e-06 | BD4: 1e-06 | BE4: 1e-06 | BF4: 1e-06 | BG4: 1e-06 | BH4: 1e-06 | BI4: 1e-06 | BJ4: 1e-06 | BK4: 1e-06 | BL4: 1e-06 | BM4: 1e-06 | BN4: 1e-06 | BO4: 1e-06 | BP4: 1e-06 | BQ4: 1e-06 | BR4: 3078 | BS4: 1e-06 | BT4: 1e-06 | BU4: 1e-06 | BV4: 1166 | BW4: 1e-06 | BX4: 1e-06 | BY4: 1e-06 | BZ4: 1e-06 | CA4: 1e-06 | CB4: 1e-06 | CC4: 1e-06 | CD4: 1646 | CE4: 1e-06 | CF4: 1e-06 | CG4: 1e-06 | CH4: 1e-06 | CI4: 1281 | CJ4: 1e-06 | CK4: 1e-06 | CL4: 1e-06 | CM4: 1e-06 | CN4: 1e-06 | CO4: 1e-06 | CP4: 1e-06 | CQ4: 1e-06 | CR4: 1e-06 | CS4: 1e-06 | CT4: 1e-06 | CU4: 1e-06 | CV4: 1e-06 | CW4: 1e-06 | CX4: 1e-06 | CY4: 1e-06 | CZ4: 1e-06 | DA4: 1e-06 | DB4: 1e-06 | DC4: 1e-06 | DD4: 1e-06 | DE4: 1e-06 | DF4: 1e-06 | DG4: 1e-06 | DH4: 1e-06 | DI4: 1e-06 | DJ4: 1e-06 | DK4: 1e-06 | DL4: 1e-06 | DM4: 1e-06 | DN4: 1e-06 | DO4: 1e-06 | DP4: 1e-06 | DQ4: 1e-06 | DR4: 1e-06 | DS4: 1e-06 | DT4: 1e-06 | DU4: 1e-06 | DV4: 1e-06 | DW4: 1e-06 | DX4: 1e-06 | DY4: 1936 | DZ4: 1e-06 | EA4: 1e-06 | EB4: 1e-06 | EC4: 1e-06 | ED4: 1e-06 | EE4: 1e-06 | EF4: 1e-06 | EG4: 1e-06 | EH4: 1e-06 | EI4: 1e-06 | EJ4: 1e-06 | EK4: 1519 | EL4: 1442 | EM4: 1e-06 | EN4: 1e-06 | EO4: 1e-06 | EP4: 1e-06 | EQ4: 1e-06 | ER4: 1e-06 | ES4: 1e-06 | ET4: 1e-06 | EU4: 1e-06 | EV4: 1e-06 | EW4: 1e-06 | EX4: 1e-06 | EY4: 1e-06 | EZ4: 1e-06 | FA4: 1408 | FB4: 1620 | FC4: 1e-06 | FD4: 1e-06 | FE4: 1e-06 | FF4: 1e-06 | FG4: 1e-06 | FH4: 1e-06 | FI4: 1e-06 | FJ4: 1e-06 | FK4: 1e-06 | FL4: 1e-06 | FM4: 1e-06 | FN4: 1e-06 | FO4: 1e-06 | FP4: 1e-06 | FQ4: 1e-06 | FR4: 1e-06 | FS4: 1e-06 | FT4: 1e-06 | FU4: 1e-06 | FV4: 1e-06 | FW4: 1e-06 | FX4: 1e-06 | FY4: 1e-06 | FZ4: 1e-06 | GA4: 1e-06 | GB4: 1e-06 | GC4: 1e-06 | GD4: 1e-06 | GE4: 1e-06 | GF4: 1e-06 | GG4: 1e-06 | GH4: 1e-06 | GI4: 1e-06
A5: DG | B5: (1,2) DG 32:0 | C5: 551.50404 | D5: 2.378 | E5: 0.0265 | F5: 2090 | G5: 2827.4765 | H5: 2655.3528 | I5: 2112 | J5: 1552.3388 | K5: 1e-06 | L5: 1951.2601 | M5: 1602.4245 | N5: 1e-06 | O5: 1379.9442 | P5: 3775.5984 | Q5: 1176.9175 | R5: 1e-06 | S5: 3127.2324 | T5: 6679.745 | U5: 2850.1162 | V5: 1454 | W5: 2556.2226 | X5: 3705.433 | Y5: 1047 | Z5: 1e-06 | AA5: 1381 | AB5: 1202.8313 | AC5: 1672 | AD5: 1660 | AE5: 1873.3772 | AF5: 6462.2666 | AG5: 9120.5098 | AH5: 1e-06 | AI5: 3860.6326 | AJ5: 1104 | AK5: 1562 | AL5: 8101.7764 | AM5: 1672.0126 | AN5: 3622.0805 | AO5: 1248 | AP5: 1528 | AQ5: 3401.5417 | AR5: 2521.6682 | AS5: 3362.7221 | AT5: 4430.0318 | AU5: 2624.999 | AV5: 1979 | AW5: 1562 | AX5: 11227.528 | AY5: 1220.0253 | AZ5: 1e-06 | BA5: 1473.3219 | BB5: 5375.6578 | BC5: 2530.6743 | BD5: 2180.0211 | BE5: 2189.3589 | BF5: 1794.4278 | BG5: 1186 | BH5: 3591.1003 | BI5: 4982.5778 | BJ5: 3731.1888 | BK5: 2086.2971 | BL5: 2677 | BM5: 2484 | BN5: 3105.358 | BO5: 2489.6007 | BP5: 2813.1429 | BQ5: 1953.2469 | BR5: 14017.384 | BS5: 2915.3833 | BT5: 1e-06 | BU5: 1e-06 | BV5: 2443.7713 | BW5: 1162.8205 | BX5: 1215 | BY5: 2026.1696 | BZ5: 1375.1556 | CA5: 1e-06 | CB5: 1077 | CC5: 1045 | CD5: 5678.4343 | CE5: 1e-06 | CF5: 1e-06 | CG5: 2109.5918 | CH5: 3421.4428 | CI5: 8182.9906 | CJ5: 2384.1415 | CK5: 1e-06 | CL5: 1183 | CM5: 1e-06 | CN5: 1e-06 | CO5: 1e-06 | CP5: 1605.4213 | CQ5: 1e-06 | CR5: 1e-06 | CS5: 1789.9883 | CT5: 4721.6143 | CU5: 2096.4259 | CV5: 1e-06 | CW5: 2574.9297 | CX5: 6121.8893 | CY5: 1009 | CZ5: 1e-06 | DA5: 3032 | DB5: 1e-06 | DC5: 1e-06 | DD5: 1e-06 | DE5: 1106 | DF5: 3898.5164 | DG5: 1e-06 | DH5: 1e-06 | DI5: 1e-06 | DJ5: 1475.7076 | DK5: 1e-06 | DL5: 1331 | DM5: 2467.6345 | DN5: 3068.0703 | DO5: 1470 | DP5: 1e-06 | DQ5: 1e-06 | DR5: 1107.0572 | DS5: 1e-06 | DT5: 1342 | DU5: 1087 | DV5: 4032.918 | DW5: 1029 | DX5: 2707.9583 | DY5: 14863.075 | DZ5: 1836.7516 | EA5: 1e-06 | EB5: 1464 | EC5: 2944.4203 | ED5: 1108 | EE5: 1e-06 | EF5: 2681 | EG5: 2001.3589 | EH5: 1e-06 | EI5: 2537 | EJ5: 1602 | EK5: 3278.462 | EL5: 4783.3003 | EM5: 1802 | EN5: 1167.663 | EO5: 1e-06 | EP5: 1717.3589 | EQ5: 2488 | ER5: 1519 | ES5: 2404.9686 | ET5: 1e-06 | EU5: 1e-06 | EV5: 1761.7774 | EW5: 4170.0229 | EX5: 925.36033 | EY5: 2392 | EZ5: 1692 | FA5: 6992.0369 | FB5: 4728.8589 | FC5: 2096.6452 | FD5: 1471 | FE5: 4591.8312 | FF5: 3455.6148 | FG5: 1348 | FH5: 2266 | FI5: 2517.4428 | FJ5: 3493 | FK5: 2655.1279 | FL5: 2709.4311 | FM5: 1771 | FN5: 1138 | FO5: 1e-06 | FP5: 1245 | FQ5: 1e-06 | FR5: 1075 | FS5: 1e-06 | FT5: 1e-06 | FU5: 1e-06 | FV5: 1e-06 | FW5: 2063.2258 | FX5: 2220.4306 | FY5: 2468.149 | FZ5: 2804.6354 | GA5: 1820.9658 | GB5: 2125.5431 | GC5: 1260.0023 | GD5: 2114.5778 | GE5: 2408.4728 | GF5: 1e-06 | GG5: 1e-06 | GH5: 1e-06 | GI5: 1e-06
A6: DG | B6: (1,2) DG 32:1 | C6: 549.48894 | D6: 2.3956 | E6: 0.0265 | F6: 1e-06 | G6: 3141 | H6: 3251 | I6: 1e-06 | J6: 1081 | K6: 1e-06 | L6: 1733 | M6: 1514 | N6: 1e-06 | O6: 1351 | P6: 3453 | Q6: 1496 | R6: 1e-06 | S6: 1022 | T6: 4042 | U6: 1578 | V6: 1e-06 | W6: 1637 | X6: 2816 | Y6: 1e-06 | Z6: 1e-06 | AA6: 1e-06 | AB6: 1702 | AC6: 1e-06 | AD6: 1e-06 | AE6: 2033 | AF6: 5591 | AG6: 4720 | AH6: 1e-06 | AI6: 1620 | AJ6: 1e-06 | AK6: 1e-06 | AL6: 6043 | AM6: 1953 | AN6: 5328 | AO6: 1e-06 | AP6: 1e-06 | AQ6: 3948 | AR6: 2138 | AS6: 3343 | AT6: 1362 | AU6: 3412 | AV6: 1e-06 | AW6: 1e-06 | AX6: 6902 | AY6: 1772 | AZ6: 1e-06 | BA6: 2745 | BB6: 5526 | BC6: 2367 | BD6: 1121 | BE6: 3480 | BF6: 1309 | BG6: 1e-06 | BH6: 1964 | BI6: 1693 | BJ6: 2831 | BK6: 2468 | BL6: 1e-06 | BM6: 1e-06 | BN6: 2624 | BO6: 2392 | BP6: 1433 | BQ6: 2553 | BR6: 7386 | BS6: 2262 | BT6: 1026 | BU6: 1e-06 | BV6: 2402 | BW6: 1461 | BX6: 1e-06 | BY6: 1288 | BZ6: 1252 | CA6: 1e-06 | CB6: 1e-06 | CC6: 1e-06 | CD6: 5167 | CE6: 1e-06 | CF6: 1e-06 | CG6: 1729 | CH6: 2201 | CI6: 4244 | CJ6: 1216 | CK6: 1e-06 | CL6: 1e-06 | CM6: 1e-06 | CN6: 1e-06 | CO6: 1e-06 | CP6: 1719 | CQ6: 1e-06 | CR6: 1e-06 | CS6: 1037 | CT6: 3067 | CU6: 1731 | CV6: 1e-06 | CW6: 1954 | CX6: 5692 | CY6: 1e-06 | CZ6: 1e-06 | DA6: 1e-06 | DB6: 1e-06 | DC6: 1e-06 | DD6: 1e-06 | DE6: 1e-06 | DF6: 2176 | DG6: 1e-06 | DH6: 1e-06 | DI6: 1e-06 | DJ6: 1812 | DK6: 1e-06 | DL6: 1e-06 | DM6: 1198 | DN6: 2314 | DO6: 1e-06 | DP6: 1e-06 | DQ6: 1e-06 | DR6: 1000 | DS6: 1e-06 | DT6: 1e-06 | DU6: 1e-06 | DV6: 2991 | DW6: 1e-06 | DX6: 1387 | DY6: 3821 | DZ6: 1498 | EA6: 1e-06 | EB6: 1e-06 | EC6: 2997 | ED6: 1e-06 | EE6: 1e-06 | EF6: 1e-06 | EG6: 1346 | EH6: 1e-06 | EI6: 1e-06 | EJ6: 1e-06 | EK6: 3744 | EL6: 4397 | EM6: 1e-06 | EN6: 2765 | EO6: 1e-06 | EP6: 1346 | EQ6: 1e-06 | ER6: 1e-06 | ES6: 2267 | ET6: 1e-06 | EU6: 1e-06 | EV6: 2631 | EW6: 2833 | EX6: 1563 | EY6: 1e-06 | EZ6: 1e-06 | FA6: 5003 | FB6: 4547 | FC6: 1439 | FD6: 1e-06 | FE6: 3836 | FF6: 2428 | FG6: 1e-06 | FH6: 1e-06 | FI6: 2201 | FJ6: 1e-06 | FK6: 2675 | FL6: 1104 | FM6: 1e-06 | FN6: 1e-06 | FO6: 1e-06 | FP6: 1e-06 | FQ6: 1e-06 | FR6: 1e-06 | FS6: 1e-06 | FT6: 1e-06 | FU6: 1e-06 | FV6: 1e-06 | FW6: 1432 | FX6: 1743 | FY6: 1662 | FZ6: 2054 | GA6: 1833 | GB6: 2031 | GC6: 1073 | GD6: 1693 | GE6: 1851 | GF6: 1e-06 | GG6: 1e-06 | GH6: 1e-06 | GI6: 1e-06
A7: DG | B7: (1,2) DG 34:1 | C7: 577.52002 | D7: 2.4196 | E7: 0.0264 | F7: 6371 | G7: 14880 | H7: 9657 | I7: 10680 | J7: 7044 | K7: 2485 | L7: 7205 | M7: 5628 | N7: 2840 | O7: 10110 | P7: 13480 | Q7: 9799 | R7: 1550 | S7: 12220 | T7: 16370 | U7: 14940 | V7: 6685 | W7: 10210 | X7: 11660 | Y7: 5603 | Z7: 4408 | AA7: 6262 | AB7: 9476 | AC7: 9006 | AD7: 10960 | AE7: 14070 | AF7: 18180 | AG7: 26800 | AH7: 2305 | AI7: 11310 | AJ7: 6574 | AK7: 7416 | AL7: 44650 | AM7: 9425 | AN7: 11480 | AO7: 8577 | AP7: 7087 | AQ7: 13010 | AR7: 10280 | AS7: 19320 | AT7: 15350 | AU7: 11860 | AV7: 6155 | AW7: 8691 | AX7: 24010 | AY7: 4996 | AZ7: 5918 | BA7: 13920 | BB7: 18500 | BC7: 12390 | BD7: 8802 | BE7: 17350 | BF7: 8994 | BG7: 6965 | BH7: 19480 | BI7: 23600 | BJ7: 11010 | BK7: 9638 | BL7: 11440 | BM7: 9950 | BN7: 16850 | BO7: 17330 | BP7: 10440 | BQ7: 11690 | BR7: 18020 | BS7: 6357 | BT7: 4098 | BU7: 2281 | BV7: 6434 | BW7: 6582 | BX7: 7780 | BY7: 10770 | BZ7: 9094 | CA7: 3075 | CB7: 7800 | CC7: 6266 | CD7: 22080 | CE7: 3111 | CF7: 1229 | CG7: 13820 | CH7: 14170 | CI7: 28560 | CJ7: 11330 | CK7: 3953 | CL7: 7184 | CM7: 2005 | CN7: 2309 | CO7: 2366 | CP7: 11040 | CQ7: 4106 | CR7: 2139 | CS7: 8360 | CT7: 18590 | CU7: 10800 | CV7: 2061 | CW7: 18250 | CX7: 28290 | CY7: 5828 | CZ7: 2361 | DA7: 10170 | DB7: 5188 | DC7: 4050 | DD7: 6146 | DE7: 7308 | DF7: 13950 | DG7: 1724 | DH7: 2415 | DI7: 2384 | DJ7: 7484 | DK7: 2080 | DL7: 7578 | DM7: 16140 | DN7: 15800 | DO7: 11190 | DP7: 1530 | DQ7: 3660 | DR7: 6748 | DS7: 2253 | DT7: 5465 | DU7: 4306 | DV7: 12560 | DW7: 3927 | DX7: 12210 | DY7: 21740 | DZ7: 10200 | EA7: 2219 | EB7: 5402 | EC7: 12050 | ED7: 5337 | EE7: 3320 | EF7: 7011 | EG7: 10270 | EH7: 2801 | EI7: 10470 | EJ7: 7201 | EK7: 8666 | EL7: 14460 | EM7: 11640 | EN7: 12370 | EO7: 4001 | EP7: 10430 | EQ7: 8706 | ER7: 13700 | ES7: 18180 | ET7: 3657 | EU7: 2286 | EV7: 14250 | EW7: 16200 | EX7: 7334 | EY7: 11350 | EZ7: 16240 | FA7: 21620 | FB7: 17880 | FC7: 14190 | FD7: 7296 | FE7: 20110 | FF7: 19150 | FG7: 6818 | FH7: 6470 | FI7: 12980 | FJ7: 7697 | FK7: 18610 | FL7: 8787 | FM7: 8064 | FN7: 5072 | FO7: 2387 | FP7: 6466 | FQ7: 3414 | FR7: 5738 | FS7: 1e-06 | FT7: 1e-06 | FU7: 1e-06 | FV7: 1e-06 | FW7: 9615 | FX7: 10940 | FY7: 10660 | FZ7: 10680 | GA7: 12430 | GB7: 12310 | GC7: 8895 | GD7: 9690 | GE7: 10070 | GF7: 2917 | GG7: 1409 | GH7: 1e-06 | GI7: 1e-06
A8: DG | B8: (1,2) DG 34:3 | C8: 573.48912 | D8: 2.4592 | E8: 0.0265 | F8: 1e-06 | G8: 1e-06 | H8: 1e-06 | I8: 1e-06 | J8: 1e-06 | K8: 1e-06 | L8: 1e-06 | M8: 1e-06 | N8: 1e-06 | O8: 1013 | P8: 1e-06 | Q8: 1e-06 | R8: 1e-06 | S8: 1e-06 | T8: 1062 | U8: 1e-06 | V8: 1e-06 | W8: 1e-06 | X8: 1e-06 | Y8: 1e-06 | Z8: 1e-06 | AA8: 1e-06 | AB8: 1e-06 | AC8: 1e-06 | AD8: 1e-06 | AE8: 1e-06 | AF8: 1e-06 | AG8: 1242 | AH8: 1e-06 | AI8: 1e-06 | AJ8: 1e-06 | AK8: 1e-06 | AL8: 1402 | AM8: 1e-06 | AN8: 1e-06 | AO8: 1e-06 | AP8: 1e-06 | AQ8: 1e-06 | AR8: 1e-06 | AS8: 1e-06 | AT8: 1e-06 | AU8: 1005 | AV8: 1e-06 | AW8: 1e-06 | AX8: 1404 | AY8: 1e-06 | AZ8: 1e-06 | BA8: 1278 | BB8: 1006 | BC8: 1128 | BD8: 1e-06 | BE8: 1e-06 | BF8: 1e-06 | BG8: 1e-06 | BH8: 1e-06 | BI8: 1e-06 | BJ8: 1e-06 | BK8: 1e-06 | BL8: 1e-06 | BM8: 1e-06 | BN8: 1e-06 | BO8: 1e-06 | BP8: 1e-06 | BQ8: 1e-06 | BR8: 1294 | BS8: 1e-06 | BT8: 1e-06 | BU8: 1e-06 | BV8: 1e-06 | BW8: 1e-06 | BX8: 1e-06 | BY8: 1e-06 | BZ8: 1e-06 | CA8: 1e-06 | CB8: 1e-06 | CC8: 1e-06 | CD8: 1220 | CE8: 1e-06 | CF8: 1e-06 | CG8: 1e-06 | CH8: 1e-06 | CI8: 1693 | CJ8: 1e-06 | CK8: 1e-06 | CL8: 1e-06 | CM8: 1e-06 | CN8: 1e-06 | CO8: 1e-06 | CP8: 1e-06 | CQ8: 1e-06 | CR8: 1e-06 | CS8: 1e-06 | CT8: 1e-06 | CU8: 1e-06 | CV8: 1e-06 | CW8: 1e-06 | CX8: 1476 | CY8: 1e-06 | CZ8: 1e-06 | DA8: 1e-06 | DB8: 1e-06 | DC8: 1e-06 | DD8: 1e-06 | DE8: 1e-06 | DF8: 1e-06 | DG8: 1e-06 | DH8: 1e-06 | DI8: 1e-06 | DJ8: 1e-06 | DK8: 1e-06 | DL8: 1e-06 | DM8: 1e-06 | DN8: 1e-06 | DO8: 1e-06 | DP8: 1e-06 | DQ8: 1e-06 | DR8: 1e-06 | DS8: 1e-06 | DT8: 1e-06 | DU8: 1e-06 | DV8: 1e-06 | DW8: 1e-06 | DX8: 1e-06 | DY8: 1e-06 | DZ8: 1e-06 | EA8: 1e-06 | EB8: 1e-06 | EC8: 1e-06 | ED8: 1e-06 | EE8: 1e-06 | EF8: 1e-06 | EG8: 1e-06 | EH8: 1e-06 | EI8: 1e-06 | EJ8: 1e-06 | EK8: 1e-06 | EL8: 1e-06 | EM8: 1e-06 | EN8: 1e-06 | EO8: 1e-06 | EP8: 1e-06 | EQ8: 1e-06 | ER8: 1e-06 | ES8: 1e-06 | ET8: 1e-06 | EU8: 1e-06 | EV8: 1010 | EW8: 1e-06 | EX8: 1e-06 | EY8: 1e-06 | EZ8: 1e-06 | FA8: 1323 | FB8: 1118 | FC8: 1e-06 | FD8: 1e-06 | FE8: 1016 | FF8: 1e-06 | FG8: 1e-06 | FH8: 1e-06 | FI8: 1e-06 | FJ8: 1e-06 | FK8: 1601 | FL8: 1e-06 | FM8: 1e-06 | FN8: 1e-06 | FO8: 1e-06 | FP8: 1e-06 | FQ8: 1e-06 | FR8: 1e-06 | FS8: 1e-06 | FT8: 1e-06 | FU8: 1e-06 | FV8: 1e-06 | FW8: 1e-06 | FX8: 1e-06 | FY8: 1e-06 | FZ8: 1e-06 | GA8: 1e-06 | GB8: 1e-06 | GC8: 1e-06 | GD8: 1e-06 | GE8: 1e-06 | GF8: 1e-06 | GG8: 1e-06 | GH8: 1e-06 | GI8: 1e-06
A9: DG | B9: (1,2) DG 36:3 | C9: 601.52008 | D9: 2.4802 | E9: 0.0264 | F9: 2949 | G9: 6469 | H9: 1738 | I9: 3699 | J9: 2923 | K9: 1e-06 | L9: 1499 | M9: 2489 | N9: 1552 | O9: 5930 | P9: 4715 | Q9: 6220 | R9: 1e-06 | S9: 5918 | T9: 7422 | U9: 4194 | V9: 2231 | W9: 5519 | X9: 3710 | Y9: 2467 | Z9: 1131 | AA9: 1892 | AB9: 1989 | AC9: 2675 | AD9: 4321 | AE9: 4914 | AF9: 3611 | AG9: 12660 | AH9: 1097 | AI9: 6476 | AJ9: 2697 | AK9: 3479 | AL9: 15100 | AM9: 4734 | AN9: 1902 | AO9: 4498 | AP9: 3870 | AQ9: 5499 | AR9: 5473 | AS9: 8832 | AT9: 8426 | AU9: 6198 | AV9: 3198 | AW9: 3477 | AX9: 6550 | AY9: 1969 | AZ9: 3027 | BA9: 9358 | BB9: 4527 | BC9: 8839 | BD9: 4583 | BE9: 6492 | BF9: 3663 | BG9: 3963 | BH9: 8697 | BI9: 7538 | BJ9: 2780 | BK9: 4359 | BL9: 3949 | BM9: 6034 | BN9: 2982 | BO9: 7315 | BP9: 5066 | BQ9: 4362 | BR9: 7249 | BS9: 3122 | BT9: 1310 | BU9: 1290 | BV9: 1680 | BW9: 1735 | BX9: 3105 | BY9: 4312 | BZ9: 3146 | CA9: 2419 | CB9: 5333 | CC9: 3015 | CD9: 6387 | CE9: 1789 | CF9: 1e-06 | CG9: 5921 | CH9: 8761 | CI9: 11090 | CJ9: 5752 | CK9: 2799 | CL9: 2454 | CM9: 1561 | CN9: 1e-06 | CO9: 1004 | CP9: 3239 | CQ9: 1339 | CR9: 1e-06 | CS9: 3749 | CT9: 7905 | CU9: 3911 | CV9: 1292 | CW9: 8967 | CX9: 11350 | CY9: 3512 | CZ9: 1e-06 | DA9: 6150 | DB9: 1314 | DC9: 1207 | DD9: 2016 | DE9: 3910 | DF9: 4207 | DG9: 1219 | DH9: 1767 | DI9: 2157 | DJ9: 3921 | DK9: 1203 | DL9: 3286 | DM9: 8606 | DN9: 4518 | DO9: 4397 | DP9: 1e-06 | DQ9: 2235 | DR9: 1680 | DS9: 1009 | DT9: 2075 | DU9: 1966 | DV9: 3248 | DW9: 1396 | DX9: 4990 | DY9: 7000 | DZ9: 6232 | EA9: 1e-06 | EB9: 3263 | EC9: 3603 | ED9: 4038 | EE9: 2421 | EF9: 4231 | EG9: 3458 | EH9: 1407 | EI9: 5406 | EJ9: 3224 | EK9: 2816 | EL9: 6278 | EM9: 5731 | EN9: 3772 | EO9: 2319 | EP9: 5466 | EQ9: 4495 | ER9: 6696 | ES9: 10450 | ET9: 3139 | EU9: 1120 | EV9: 8190 | EW9: 6732 | EX9: 3929 | EY9: 6429 | EZ9: 7425 | FA9: 7234 | FB9: 8071 | FC9: 5906 | FD9: 3316 | FE9: 9407 | FF9: 8351 | FG9: 1877 | FH9: 1987 | FI9: 2127 | FJ9: 2049 | FK9: 8766 | FL9: 4420 | FM9: 2709 | FN9: 2884 | FO9: 1027 | FP9: 4169 | FQ9: 1307 | FR9: 1904 | FS9: 1e-06 | FT9: 1e-06 | FU9: 1e-06 | FV9: 1e-06 | FW9: 5348 | FX9: 4782 | FY9: 6336 | FZ9: 5256 | GA9: 5104 | GB9: 5290 | GC9: 3183 | GD9: 3152 | GE9: 4875 | GF9: 1096 | GG9: 1e-06 | GH9: 1e-06 | GI9: 1e-06
A10: DG | B10: (1,3) DG 24:0 | C10: 439.379 | D10: 2.406 | E10: 0.0353 | F10: 38560 | G10: 50040 | H10: 22580 | I10: 29280 | J10: 38450 | K10: 13230 | L10: 33760 | M10: 44030 | N10: 22650 | O10: 39950 | P10: 42430 | Q10: 32500 | R10: 26130 | S10: 24430 | T10: 19140 | U10: 33000 | V10: 44780 | W10: 39150 | X10: 27710 | Y10: 26030 | Z10: 47490 | AA10: 16750 | AB10: 22380 | AC10: 36040 | AD10: 42490 | AE10: 26580 | AF10: 36390 | AG10: 41380 | AH10: 19300 | AI10: 22490 | AJ10: 26230 | AK10: 35420 | AL10: 34570 | AM10: 25580 | AN10: 19640 | AO10: 48040 | AP10: 41400 | AQ10: 45280 | AR10: 32110 | AS10: 26090 | AT10: 31270 | AU10: 43350 | AV10: 36710 | AW10: 38160 | AX10: 38440 | AY10: 20880 | AZ10: 25860 | BA10: 21700 | BB10: 36670 | BC10: 79520 | BD10: 30420 | BE10: 32180 | BF10: 22160 | BG10: 27740 | BH10: 33420 | BI10: 28850 | BJ10: 33050 | BK10: 32540 | BL10: 35420 | BM10: 31680 | BN10: 25260 | BO10: 40080 | BP10: 40390 | BQ10: 24610 | BR10: 35970 | BS10: 44370 | BT10: 40830 | BU10: 15510 | BV10: 26490 | BW10: 23950 | BX10: 21860 | BY10: 48340 | BZ10: 35750 | CA10: 23590 | CB10: 30190 | CC10: 37690 | CD10: 35310 | CE10: 16250 | CF10: 1e-06 | CG10: 37520 | CH10: 35300 | CI10: 38080 | CJ10: 33910 | CK10: 20880 | CL10: 29480 | CM10: 20800 | CN10: 47680 | CO10: 58280 | CP10: 40580 | CQ10: 11370 | CR10: 24990 | CS10: 44280 | CT10: 41360 | CU10: 64900 | CV10: 40170 | CW10: 39350 | CX10: 44620 | CY10: 34550 | CZ10: 23970 | DA10: 25880 | DB10: 15790 | DC10: 25400 | DD10: 35580 | DE10: 37170 | DF10: 28970 | DG10: 22780 | DH10: 26750 | DI10: 15710 | DJ10: 46580 | DK10: 31690 | DL10: 44490 | DM10: 46170 | DN10: 26270 | DO10: 32860 | DP10: 24610 | DQ10: 24590 | DR10: 23780 | DS10: 18770 | DT10: 13250 | DU10: 22190 | DV10: 26860 | DW10: 55440 | DX10: 20600 | DY10: 46500 | DZ10: 34190 | EA10: 50310 | EB10: 30250 | EC10: 19950 | ED10: 32150 | EE10: 31850 | EF10: 41090 | EG10: 32170 | EH10: 15580 | EI10: 35580 | EJ10: 41880 | EK10: 30270 | EL10: 46870 | EM10: 39750 | EN10: 34010 | EO10: 37210 | EP10: 40740 | EQ10: 35520 | ER10: 40200 | ES10: 45360 | ET10: 25920 | EU10: 40260 | EV10: 31640 | EW10: 38620 | EX10: 31310 | EY10: 37310 | EZ10: 27740 | FA10: 40020 | FB10: 30230 | FC10: 35990 | FD10: 20560 | FE10: 25370 | FF10: 54240 | FG10: 20460 | FH10: 28180 | FI10: 16550 | FJ10: 18150 | FK10: 32930 | FL10: 44310 | FM10: 26250 | FN10: 39410 | FO10: 35420 | FP10: 43840 | FQ10: 21820 | FR10: 28280 | FS10: 64490 | FT10: 1e-06 | FU10: 62580 | FV10: 1e-06 | FW10: 36880 | FX10: 40390 | FY10: 32460 | FZ10: 34190 | GA10: 34290 | GB10: 39540 | GC10: 30550 | GD10: 32330 | GE10: 33520 | GF10: 13530 | GG10: 5807 | GH10: 1960 | GI10: 187400
A11: DG | B11: (1,3) DG 32:0 | C11: 551.50434 | D11: 2.5134 | E11: 0.0265 | F11: 1e-06 | G11: 1366.2572 | H11: 1e-06 | I11: 1e-06 | J11: 1e-06 | K11: 1e-06 | L11: 1e-06 | M11: 1e-06 | N11: 1e-06 | O11: 1e-06 | P11: 1305 | Q11: 1e-06 | R11: 1e-06 | S11: 1e-06 | T11: 1686 | U11: 1093 | V11: 1e-06 | W11: 1e-06 | X11: 1421.6565 | Y11: 1e-06 | Z11: 1e-06 | AA11: 1e-06 | AB11: 1160 | AC11: 1e-06 | AD11: 1e-06 | AE11: 1e-06 | AF11: 1852.0272 | AG11: 2908.1223 | AH11: 1e-06 | AI11: 1387 | AJ11: 1e-06 | AK11: 1e-06 | AL11: 2904.0332 | AM11: 1e-06 | AN11: 1082.201 | AO11: 1e-06 | AP11: 1e-06 | AQ11: 1187 | AR11: 1191 | AS11: 1670.9709 | AT11: 2254 | AU11: 1062.0304 | AV11: 1e-06 | AW11: 1e-06 | AX11: 4025.4241 | AY11: 1e-06 | AZ11: 1e-06 | BA11: 1e-06 | BB11: 2449.3973 | BC11: 1e-06 | BD11: 1e-06 | BE11: 1e-06 | BF11: 1e-06 | BG11: 1e-06 | BH11: 1482 | BI11: 1648 | BJ11: 1e-06 | BK11: 1e-06 | BL11: 1e-06 | BM11: 1020 | BN11: 1021 | BO11: 1e-06 | BP11: 1e-06 | BQ11: 1141.6017 | BR11: 5675.7465 | BS11: 1e-06 | BT11: 1e-06 | BU11: 1e-06 | BV11: 1e-06 | BW11: 1e-06 | BX11: 1e-06 | BY11: 1e-06 | BZ11: 1e-06 | CA11: 1e-06 | CB11: 1e-06 | CC11: 1e-06 | CD11: 2577.8514 | CE11: 1e-06 | CF11: 1e-06 | CG11: 1042 | CH11: 1e-06 | CI11: 3022.4264 | CJ11: 1e-06 | CK11: 1e-06 | CL11: 1e-06 | CM11: 1e-06 | CN11: 1e-06 | CO11: 1e-06 | CP11: 1e-06 | CQ11: 1e-06 | CR11: 1e-06 | CS11: 1e-06 | CT11: 1560 | CU11: 1447 | CV11: 1e-06 | CW11: 1197 | CX11: 2251.0192 | CY11: 1e-06 | CZ11: 1e-06 | DA11: 1e-06 | DB11: 1e-06 | DC11: 1e-06 | DD11: 1e-06 | DE11: 1e-06 | DF11: 1327 | DG11: 1e-06 | DH11: 1e-06 | DI11: 1e-06 | DJ11: 1e-06 | DK11: 1e-06 | DL11: 1e-06 | DM11: 1e-06 | DN11: 1211 | DO11: 1e-06 | DP11: 1e-06 | DQ11: 1e-06 | DR11: 1e-06 | DS11: 1e-06 | DT11: 1e-06 | DU11: 1e-06 | DV11: 1380 | DW11: 1e-06 | DX11: 1227 | DY11: 4478 | DZ11: 1e-06 | EA11: 1e-06 | EB11: 1e-06 | EC11: 1169 | ED11: 1e-06 | EE11: 1e-06 | EF11: 1249 | EG11: 1e-06 | EH11: 1e-06 | EI11: 1e-06 | EJ11: 1e-06 | EK11: 1e-06 | EL11: 2215.9897 | EM11: 1e-06 | EN11: 1e-06 | EO11: 1e-06 | EP11: 1e-06 | EQ11: 1370 | ER11: 1e-06 | ES11: 1e-06 | ET11: 1e-06 | EU11: 1e-06 | EV11: 1e-06 | EW11: 1391 | EX11: 1e-06 | EY11: 1e-06 | EZ11: 1e-06 | FA11: 2627.0754 | FB11: 1881.791 | FC11: 1e-06 | FD11: 1e-06 | FE11: 1547 | FF11: 1e-06 | FG11: 1e-06 | FH11: 1e-06 | FI11: 1669 | FJ11: 1270 | FK11: 1296.284 | FL11: 1e-06 | FM11: 1e-06 | FN11: 1e-06 | FO11: 1e-06 | FP11: 1e-06 | FQ11: 1e-06 | FR11: 1e-06 | FS11: 1e-06 | FT11: 1e-06 | FU11: 1e-06 | FV11: 1e-06 | FW11: 1e-06 | FX11: 1e-06 | FY11: 1e-06 | FZ11: 1e-06 | GA11: 1e-06 | GB11: 1e-06 | GC11: 1e-06 | GD11: 1e-06 | GE11: 1e-06 | GF11: 1e-06 | GG11: 1e-06 | GH11: 1e-06 | GI11: 1e-06
A12: DG | B12: (1,3) DG 32:1 | C12: 549.48931 | D12: 2.5255 | E12: 0.0312 | F12: 1e-06 | G12: 1299 | H12: 1e-06 | I12: 1e-06 | J12: 1e-06 | K12: 1e-06 | L12: 1e-06 | M12: 1e-06 | N12: 1e-06 | O12: 1e-06 | P12: 1e-06 | Q12: 1e-06 | R12: 1e-06 | S12: 1e-06 | T12: 1e-06 | U12: 1e-06 | V12: 1e-06 | W12: 1e-06 | X12: 1041 | Y12: 1e-06 | Z12: 1e-06 | AA12: 1e-06 | AB12: 1e-06 | AC12: 1e-06 | AD12: 1e-06 | AE12: 1e-06 | AF12: 1350 | AG12: 1807 | AH12: 1e-06 | AI12: 1e-06 | AJ12: 1e-06 | AK12: 1e-06 | AL12: 1579 | AM12: 1e-06 | AN12: 1155 | AO12: 1e-06 | AP12: 1e-06 | AQ12: 1e-06 | AR12: 1e-06 | AS12: 1206 | AT12: 1e-06 | AU12: 1145 | AV12: 1e-06 | AW12: 1e-06 | AX12: 2153 | AY12: 1e-06 | AZ12: 1e-06 | BA12: 1e-06 | BB12: 2298 | BC12: 1e-06 | BD12: 1e-06 | BE12: 1e-06 | BF12: 1e-06 | BG12: 1e-06 | BH12: 1e-06 | BI12: 1e-06 | BJ12: 1e-06 | BK12: 1e-06 | BL12: 1e-06 | BM12: 1e-06 | BN12: 1e-06 | BO12: 1e-06 | BP12: 1e-06 | BQ12: 1114 | BR12: 2125 | BS12: 1e-06 | BT12: 1e-06 | BU12: 1e-06 | BV12: 1e-06 | BW12: 1e-06 | BX12: 1e-06 | BY12: 1e-06 | BZ12: 1e-06 | CA12: 1e-06 | CB12: 1e-06 | CC12: 1e-06 | CD12: 1967 | CE12: 1e-06 | CF12: 1e-06 | CG12: 1e-06 | CH12: 1e-06 | CI12: 1092 | CJ12: 1e-06 | CK12: 1e-06 | CL12: 1e-06 | CM12: 1e-06 | CN12: 1e-06 | CO12: 1e-06 | CP12: 1e-06 | CQ12: 1e-06 | CR12: 1e-06 | CS12: 1e-06 | CT12: 1e-06 | CU12: 1e-06 | CV12: 1e-06 | CW12: 1e-06 | CX12: 1543 | CY12: 1e-06 | CZ12: 1e-06 | DA12: 1e-06 | DB12: 1e-06 | DC12: 1e-06 | DD12: 1e-06 | DE12: 1e-06 | DF12: 1e-06 | DG12: 1e-06 | DH12: 1e-06 | DI12: 1e-06 | DJ12: 1e-06 | DK12: 1e-06 | DL12: 1e-06 | DM12: 1e-06 | DN12: 1e-06 | DO12: 1e-06 | DP12: 1e-06 | DQ12: 1e-06 | DR12: 1e-06 | DS12: 1e-06 | DT12: 1e-06 | DU12: 1e-06 | DV12: 1e-06 | DW12: 1e-06 | DX12: 1e-06 | DY12: 1e-06 | DZ12: 1e-06 | EA12: 1e-06 | EB12: 1e-06 | EC12: 1e-06 | ED12: 1e-06 | EE12: 1e-06 | EF12: 1e-06 | EG12: 1e-06 | EH12: 1e-06 | EI12: 1e-06 | EJ12: 1e-06 | EK12: 1e-06 | EL12: 1254 | EM12: 1e-06 | EN12: 1e-06 | EO12: 1e-06 | EP12: 1e-06 | EQ12: 1e-06 | ER12: 1e-06 | ES12: 1e-06 | ET12: 1e-06 | EU12: 1e-06 | EV12: 1e-06 | EW12: 1e-06 | EX12: 1e-06 | EY12: 1e-06 | EZ12: 1e-06 | FA12: 1687 | FB12: 1172 | FC12: 1e-06 | FD12: 1e-06 | FE12: 1e-06 | FF12: 1e-06 | FG12: 1e-06 | FH12: 1e-06 | FI12: 1e-06 | FJ12: 1e-06 | FK12: 1154 | FL12: 1e-06 | FM12: 1e-06 | FN12: 1e-06 | FO12: 1e-06 | FP12: 1e-06 | FQ12: 1e-06 | FR12: 1e-06 | FS12: 1e-06 | FT12: 1e-06 | FU12: 1e-06 | FV12: 1e-06 | FW12: 1e-06 | FX12: 1e-06 | FY12: 1e-06 | FZ12: 1e-06 | GA12: 1e-06 | GB12: 1e-06 | GC12: 1e-06 | GD12: 1e-06 | GE12: 1e-06 | GF12: 1e-06 | GG12: 1e-06 | GH12: 1e-06 | GI12: 1e-06
A13: DG | B13: (1,3) DG 34:1 | C13: 577.51993 | D13: 2.5458 | E13: 0.0177 | F13: 1253.439 | G13: 5756.8527 | H13: 3064.9469 | I13: 2971.4806 | J13: 1572.622 | K13: 1e-06 | L13: 2552 | M13: 2306.7512 | N13: 1e-06 | O13: 4204.4313 | P13: 4133.3944 | Q13: 2502.3929 | R13: 1e-06 | S13: 4273.7254 | T13: 3536.9015 | U13: 4815.6491 | V13: 1476.8472 | W13: 3631.8229 | X13: 5010.7806 | Y13: 1288 | Z13: 1337 | AA13: 1781.9462 | AB13: 3600.2319 | AC13: 2076.3098 | AD13: 3993.8925 | AE13: 5189.3823 | AF13: 7159.7662 | AG13: 10630.707 | AH13: 1e-06 | AI13: 3074.8029 | AJ13: 1599 | AK13: 2751.0377 | AL13: 15883.241 | AM13: 3308.6204 | AN13: 3654.5402 | AO13: 1656.0089 | AP13: 3106.9953 | AQ13: 3831.68 | AR13: 2351.9763 | AS13: 8574.3359 | AT13: 3738.5454 | AU13: 4493.6366 | AV13: 1370.154 | AW13: 2808.8463 | AX13: 10439.107 | AY13: 2232.0316 | AZ13: 1762.1518 | BA13: 4604.5416 | BB13: 7194.2892 | BC13: 4468.5234 | BD13: 3301.5675 | BE13: 6563.9888 | BF13: 3347.6068 | BG13: 2452.3113 | BH13: 8445.7215 | BI13: 5071.3103 | BJ13: 4085.8471 | BK13: 2104.8192 | BL13: 4600.3755 | BM13: 3497.1993 | BN13: 3277.9854 | BO13: 4745.0955 | BP13: 2704.7648 | BQ13: 5493.4692 | BR13: 5413.4885 | BS13: 1721.1752 | BT13: 1e-06 | BU13: 1e-06 | BV13: 1885.5358 | BW13: 1615.1632 | BX13: 2165.5978 | BY13: 2732.572 | BZ13: 2549.0883 | CA13: 1e-06 | CB13: 1942.8691 | CC13: 1336.7209 | CD13: 7165.7078 | CE13: 1139 | CF13: 1e-06 | CG13: 5423.0375 | CH13: 4418.3852 | CI13: 9637.4352 | CJ13: 4037.8343 | CK13: 1291.786 | CL13: 1189.6265 | CM13: 1e-06 | CN13: 1e-06 | CO13: 1e-06 | CP13: 2511.5138 | CQ13: 1143 | CR13: 1e-06 | CS13: 3057.7678 | CT13: 6307.9089 | CU13: 4075.6189 | CV13: 1e-06 | CW13: 5677.0495 | CX13: 9727.6593 | CY13: 1080.1647 | CZ13: 1e-06 | DA13: 4278.2114 | DB13: 1879 | DC13: 1003 | DD13: 1787.7059 | DE13: 2349.2244 | DF13: 3444.6499 | DG13: 1e-06 | DH13: 1e-06 | DI13: 1221 | DJ13: 1436.9394 | DK13: 1e-06 | DL13: 1498.1155 | DM13: 5560.514 | DN13: 4819.8539 | DO13: 3154.47 | DP13: 1e-06 | DQ13: 1186.1208 | DR13: 2090 | DS13: 1e-06 | DT13: 1188.1027 | DU13: 2078 | DV13: 3045.3143 | DW13: 1095 | DX13: 4789.8607 | DY13: 4806.0964 | DZ13: 2675.4171 | EA13: 1e-06 | EB13: 1499.4768 | EC13: 3579.6468 | ED13: 1246.8003 | EE13: 1e-06 | EF13: 2563.352 | EG13: 3231.1299 | EH13: 1e-06 | EI13: 4804.4389 | EJ13: 2467.8707 | EK13: 2646.0792 | EL13: 4281.1086 | EM13: 3291.7738 | EN13: 2347.4692 | EO13: 1348 | EP13: 3775.3997 | EQ13: 2153.4231 | ER13: 3982.4866 | ES13: 5292.5189 | ET13: 1e-06 | EU13: 1e-06 | EV13: 5460.341 | EW13: 3757.4746 | EX13: 2567.1465 | EY13: 2896.0799 | EZ13: 3394.1555 | FA13: 8310.4358 | FB13: 6806.8682 | FC13: 5846.9809 | FD13: 1505.7308 | FE13: 7472.4071 | FF13: 6017.711 | FG13: 1924 | FH13: 1741 | FI13: 3914.0028 | FJ13: 2275.3914 | FK13: 7287.3967 | FL13: 2948.795 | FM13: 1825.0422 | FN13: 1325.5486 | FO13: 1e-06 | FP13: 2580.4874 | FQ13: 1459 | FR13: 1798 | FS13: 1e-06 | FT13: 1e-06 | FU13: 1e-06 | FV13: 1e-06 | FW13: 3021.2371 | FX13: 4017.8509 | FY13: 3567.9114 | FZ13: 4557.7314 | GA13: 3500.4548 | GB13: 3205.1374 | GC13: 2399.7398 | GD13: 1975.0256 | GE13: 2599.1661 | GF13: 1e-06 | GG13: 1e-06 | GH13: 1e-06 | GI13: 1e-06
A14: DG | B14: (1,3) DG 34:2 | C14: 575.50451 | D14: 2.5675 | E14: 0.0177 | F14: 1351 | G14: 4222.0863 | H14: 1750 | I14: 1110 | J14: 1349 | K14: 1e-06 | L14: 1e-06 | M14: 1610 | N14: 1e-06 | O14: 3297.3138 | P14: 2259 | Q14: 1931 | R14: 1e-06 | S14: 2649 | T14: 2494 | U14: 1961 | V14: 1270 | W14: 2637 | X14: 2714 | Y14: 1e-06 | Z14: 1e-06 | AA14: 1586 | AB14: 1397 | AC14: 1090 | AD14: 1849 | AE14: 2281 | AF14: 2244 | AG14: 4912.512 | AH14: 1e-06 | AI14: 3129.2427 | AJ14: 1e-06 | AK14: 1585 | AL14: 7290.2595 | AM14: 2344 | AN14: 2159 | AO14: 1968 | AP14: 1662 | AQ14: 3393 | AR14: 2854 | AS14: 4271.4718 | AT14: 3307 | AU14: 2781.1776 | AV14: 1704 | AW14: 2429 | AX14: 4055.2999 | AY14: 1596 | AZ14: 1212 | BA14: 3810 | BB14: 3659.6854 | BC14: 3230.704 | BD14: 1448 | BE14: 3509.896 | BF14: 2038 | BG14: 1418 | BH14: 4475 | BI14: 3900 | BJ14: 2593 | BK14: 1817 | BL14: 2128 | BM14: 2283 | BN14: 2176 | BO14: 2951.1019 | BP14: 1916 | BQ14: 4313.7503 | BR14: 4204.2007 | BS14: 2327 | BT14: 1e-06 | BU14: 1e-06 | BV14: 1175 | BW14: 1026 | BX14: 1393 | BY14: 2432 | BZ14: 1989 | CA14: 1e-06 | CB14: 2057 | CC14: 1665 | CD14: 4420.4795 | CE14: 1e-06 | CF14: 1e-06 | CG14: 2908 | CH14: 2937 | CI14: 4729.6095 | CJ14: 2451 | CK14: 1216 | CL14: 1010 | CM14: 1e-06 | CN14: 1e-06 | CO14: 1e-06 | CP14: 1711 | CQ14: 1e-06 | CR14: 1e-06 | CS14: 1249 | CT14: 3740.3805 | CU14: 2016 | CV14: 1e-06 | CW14: 3727.9099 | CX14: 5164.5135 | CY14: 1354 | CZ14: 1e-06 | DA14: 2261 | DB14: 1e-06 | DC14: 1e-06 | DD14: 1031 | DE14: 1080 | DF14: 2125 | DG14: 1e-06 | DH14: 1e-06 | DI14: 1e-06 | DJ14: 1433 | DK14: 1e-06 | DL14: 1278 | DM14: 3919.6406 | DN14: 2746 | DO14: 1460 | DP14: 1e-06 | DQ14: 1103 | DR14: 1e-06 | DS14: 1e-06 | DT14: 1136 | DU14: 1e-06 | DV14: 2074 | DW14: 1e-06 | DX14: 2899 | DY14: 3793 | DZ14: 1887 | EA14: 1e-06 | EB14: 1613 | EC14: 2792 | ED14: 1686 | EE14: 1e-06 | EF14: 2336 | EG14: 1748 | EH14: 1e-06 | EI14: 2674 | EJ14: 1062 | EK14: 1344 | EL14: 2808.8186 | EM14: 2561 | EN14: 2619 | EO14: 1e-06 | EP14: 2084 | EQ14: 1876 | ER14: 2422 | ES14: 4017.9919 | ET14: 1028 | EU14: 1e-06 | EV14: 3801.2597 | EW14: 3941.9392 | EX14: 1387 | EY14: 2831 | EZ14: 2032 | FA14: 4642.1312 | FB14: 4123.512 | FC14: 2515 | FD14: 1151 | FE14: 3724 | FF14: 3502 | FG14: 1e-06 | FH14: 1e-06 | FI14: 1979 | FJ14: 1603 | FK14: 3483.5678 | FL14: 1861 | FM14: 1246 | FN14: 1317 | FO14: 1e-06 | FP14: 1263 | FQ14: 1e-06 | FR14: 1e-06 | FS14: 1e-06 | FT14: 1e-06 | FU14: 1e-06 | FV14: 1e-06 | FW14: 2545 | FX14: 2090 | FY14: 1980 | FZ14: 2638 | GA14: 2149 | GB14: 2065 | GC14: 1796 | GD14: 1607 | GE14: 1682 | GF14: 1e-06 | GG14: 1e-06 | GH14: 1e-06 | GI14: 1e-06
... A131: SM | B131: SM 43:2,O2 | C131: 827.70236 | D131: 4.5946 | E131: 0.0265 | F131: 1081 | G131: 1e-06 | H131: 1e-06 | I131: 1e-06 | J131: 1e-06 | K131: 1e-06 | L131: 1e-06 | M131: 1e-06 | N131: 1e-06 | O131: 1089 | P131: 1e-06 | Q131: 1e-06 | R131: 1e-06 | S131: 1e-06 | T131: 1e-06 | U131: 1e-06 | V131: 1e-06 | W131: 1e-06 | X131: 1e-06 | Y131: 1e-06 | Z131: 1e-06 | AA131: 1e-06 | AB131: 1e-06 | AC131: 1e-06 | AD131: 1e-06 | AE131: 1e-06 | AF131: 1e-06 | AG131: 1e-06 | AH131: 1e-06 | AI131: 1e-06 | AJ131: 1e-06 | AK131: 1063 | AL131: 1e-06 | AM131: 1317 | AN131: 1e-06 | AO131: 1e-06 | AP131: 1e-06 | AQ131: 1e-06 | AR131: 1e-06 | AS131: 1178 | AT131: 1050 | AU131: 1e-06 | AV131: 1e-06 | AW131: 1e-06 | AX131: 1e-06 | AY131: 1e-06 | AZ131: 1e-06 | BA131: 1e-06 | BB131: 1e-06 | BC131: 2156 | BD131: 1e-06 | BE131: 1e-06 | BF131: 1e-06 | BG131: 1e-06 | BH131: 1e-06 | BI131: 1e-06 | BJ131: 1e-06 | BK131: 1e-06 | BL131: 1188 | BM131: 1297 | BN131: 2238 | BO131: 1741 | BP131: 1005 | BQ131: 1438 | BR131: 1e-06 | BS131: 1244 | BT131: 1193 | BU131: 1e-06 | BV131: 1e-06 | BW131: 1e-06 | BX131: 1e-06 | BY131: 1e-06 | BZ131: 1e-06 | CA131: 1e-06 | CB131: 1e-06 | CC131: 1e-06 | CD131: 1e-06 | CE131: 1e-06 | CF131: 1324 | CG131: 1e-06 | CH131: 1e-06 | CI131: 1219 | CJ131: 1e-06 | CK131: 1e-06 | CL131: 1e-06 | CM131: 1e-06 | CN131: 1e-06 | CO131: 1e-06 | CP131: 1e-06 | CQ131: 1e-06 | CR131: 1e-06 | CS131: 1e-06 | CT131: 1692 | CU131: 1372 | CV131: 1e-06 | CW131: 1091 | CX131: 1735 | CY131: 1e-06 | CZ131: 1e-06 | DA131: 1e-06 | DB131: 1e-06 | DC131: 1e-06 | DD131: 1e-06 | DE131: 1e-06 | DF131: 1e-06 | DG131: 1e-06 | DH131: 1e-06 | DI131: 1e-06 | DJ131: 1e-06 | DK131: 1e-06 | DL131: 1226 | DM131: 1024 | DN131: 1e-06 | DO131: 1e-06 | DP131: 1109 | DQ131: 1e-06 | DR131: 1e-06 | DS131: 1e-06 | DT131: 1e-06 | DU131: 1e-06 | DV131: 1e-06 | DW131: 1933 | DX131: 1e-06 | DY131: 1e-06 | DZ131: 1e-06 | EA131: 1682 | EB131: 1440 | EC131: 1e-06 | ED131: 1e-06 | EE131: 1e-06 | EF131: 1e-06 | EG131: 1e-06 | EH131: 1e-06 | EI131: 1326 | EJ131: 1e-06 | EK131: 2594 | EL131: 1100 | EM131: 1e-06 | EN131: 1451 | EO131: 2491 | EP131: 1013 | EQ131: 1e-06 | ER131: 1427 | ES131: 1087 | ET131: 1e-06 | EU131: 1537 | EV131: 1602 | EW131: 1043 | EX131: 1e-06 | EY131: 1404 | EZ131: 1242 | FA131: 1144 | FB131: 1310 | FC131: 1e-06 | FD131: 1e-06 | FE131: 1e-06 | FF131: 1e-06 | FG131: 1e-06 | FH131: 1e-06 | FI131: 1e-06 | FJ131: 1e-06 | FK131: 1e-06 | FL131: 1106 | FM131: 1e-06 | FN131: 1e-06 | FO131: 1e-06 | FP131: 1e-06 | FQ131: 1e-06 | FR131: 1e-06 | FS131: 1e-06 | FT131: 1e-06 | FU131: 1e-06 | FV131: 1e-06 | FW131: 1e-06 | FX131: 1e-06 | FY131: 1e-06 | FZ131: 1e-06 | GA131: 1e-06 | GB131: 1e-06 | GC131: 1e-06 | GD131: 1e-06 | GE131: 1e-06 | GF131: 1e-06 | GG131: 1e-06 | GH131: 1e-06 | GI131: 1e-06
A132: TG | B132: TG (17:0/17:1/17:0)D5 | C132: 869.8349 | F132: 18475.326 | G132: 8183.591 | H132: 3063.071 | I132: 5492.002 | J132: 1e-06 | K132: 6696.22 | L132: 8314.211 | M132: 24599.738 | N132: 3093.965 | O132: 17867.594 | P132: 14722.335 | Q132: 1e-06 | R132: 8577.061 | S132: 8241.817 | T132: 1e-06 | U132: 4810.037 | V132: 32201.607 | W132: 9162.266 | X132: 1e-06 | Y132: 6359.887 | Z132: 36275.211 | AA132: 1e-06 | AB132: 1e-06 | AC132: 1e-06 | AD132: 9460.413 | AE132: 3200.248 | AF132: 4575.847 | AG132: 10182.246 | AH132: 1e-06 | AI132: 7093.95 | AJ132: 3462.004 | AK132: 11607.652 | AL132: 7195.752 | AM132: 7868.652 | AN132: 1587.379 | AO132: 9622.116 | AP132: 6645.943 | AQ132: 1e-06 | AR132: 10782.571 | AS132: 1743.901 | AT132: 9943.472 | AU132: 16404.379 | AV132: 31036.668 | AW132: 1e-06 | AX132: 3473.201 | AY132: 11365.75 | AZ132: 3257.209 | BA132: 9327.024 | BB132: 8938.427 | BC132: 11759.991 | BD132: 18615.15 | BE132: 8108.602 | BF132: 1e-06 | BG132: 11547.309 | BH132: 1e-06 | BI132: 10084.541 | BJ132: 6435.249 | BK132: 1e-06 | BL132: 21714.648 | BM132: 14460.122 | BN132: 4758.494 | BO132: 17484.736 | BP132: 1e-06 | BQ132: 1e-06 | BR132: 6900.24 | BS132: 36724.727 | BT132: 1e-06 | BU132: 3273.471 | BV132: 6450.173 | BW132: 6814.012 | BX132: 1e-06 | BY132: 14977.562 | BZ132: 13609.848 | CA132: 1e-06 | CB132: 1e-06 | CC132: 11171.849 | CD132: 4856.746 | CE132: 1e-06 | CF132: 11515.706 | CG132: 1e-06 | CH132: 8137.521 | CI132: 9537.966 | CJ132: 9768.773 | CK132: 1e-06 | CL132: 6707.77 | CM132: 6105.587 | CN132: 5589.83 | CO132: 35272.578 | CP132: 14999.108 | CQ132: 1e-06 | CR132: 9606.62 | CS132: 1e-06 | CT132: 3299.479 | CU132: 16985.34 | CV132: 1e-06 | CW132: 1e-06 | CX132: 14585.838 | CY132: 1e-06 | CZ132: 1e-06 | DA132: 1e-06 | DB132: 4724.749 | DC132: 4593.542 | DD132: 22760.814 | DE132: 1e-06 | DF132: 6176.24 | DG132: 8853.355 | DH132: 6654.782 | DI132: 2983.358 | DJ132: 11672.288 | DK132: 14601.447 | DL132: 15799.191 | DM132: 6412.889 | DN132: 2547.667 | DO132: 1e-06 | DP132: 1e-06 | DQ132: 8010.546 | DR132: 1e-06 | DS132: 1e-06 | DT132: 1e-06 | DU132: 1e-06 | DV132: 1e-06 | DW132: 14459.919 | DX132: 1768.383 | DY132: 7684.712 | DZ132: 1e-06 | EA132: 26724.732 | EB132: 12014.514 | EC132: 1e-06 | ED132: 12288.02 | EE132: 4578.975 | EF132: 11505.01 | EG132: 3908.351 | EH132: 7491.21 | EI132: 11420.203 | EJ132: 11113.864 | EK132: 1e-06 | EL132: 14222.394 | EM132: 1e-06 | EN132: 1e-06 | EO132: 11386.103 | EP132: 14647.2 | EQ132: 12947.953 | ER132: 12292.655 | ES132: 1e-06 | ET132: 3163.152 | EU132: 20511.215 | EV132: 1e-06 | EW132: 18499.135 | EX132: 13930.077 | EY132: 13421.971 | EZ132: 1e-06 | FA132: 6587.215 | FB132: 6844.604 | FC132: 12269.393 | FD132: 1e-06 | FE132: 3661.139 | FF132: 12192.277 | FG132: 6436.246 | FH132: 7360.231 | FI132: 1e-06 | FJ132: 1590.047 | FK132: 1e-06 | FL132: 21007.135 | FM132: 1e-06 | FN132: 20927.209 | FO132: 1e-06 | FP132: 21396.75 | FQ132: 1e-06 | FR132: 3152.611 | FS132: 57960.137 | FT132: 1e-06 | FU132: 1e-06 | FV132: 1e-06 | FW132: 1e-06 | FX132: 6526.13 | FY132: 7504.144 | FZ132: 7352.538 | GA132: 6663.733 | GB132: 6073.073 | GC132: 3932.668 | GD132: 4754.803 | GE132: 5539.59 | GF132: 5022.188 | GG132: 1e-06 | GH132: 1e-06 | GI132: 37890.629
A133: TG | B133: TG 42:1 | C133: 738.6606 | F133: 1e-06 | G133: 1e-06 | H133: 1822.333 | I133: 1e-06 | J133: 1e-06 | K133: 1e-06 | L133: 1e-06 | M133: 1633.423 | N133: 1e-06 | O133: 1e-06 | P133: 1e-06 | Q133: 1e-06 | R133: 1e-06 | S133: 1e-06 | T133: 1e-06 | U133: 1e-06 | V133: 1e-06 | W133: 1e-06 | X133: 1e-06 | Y133: 1e-06 | Z133: 1e-06 | AA133: 1e-06 | AB133: 1e-06 | AC133: 1e-06 | AD133: 1e-06 | AE133: 1e-06 | AF133: 3850.377 | AG133: 1360.569 | AH133: 1e-06 | AI133: 1383.188 | AJ133: 1e-06 | AK133: 1e-06 | AL133: 1e-06 | AM133: 2655.619 | AN133: 3209.711 | AO133: 1e-06 | AP133: 1e-06 | AQ133: 3231.503 | AR133: 1e-06 | AS133: 1455.101 | AT133: 1e-06 | AU133: 1e-06 | AV133: 1e-06 | AW133: 1e-06 | AX133: 1344.967 | AY133: 2649.25 | AZ133: 1e-06 | BA133: 1e-06 | BB133: 1655.232 | BC133: 1e-06 | BD133: 1e-06 | BE133: 1e-06 | BF133: 1e-06 | BG133: 1e-06 | BH133: 1e-06 | BI133: 1e-06 | BJ133: 1190.889 | BK133: 1e-06 | BL133: 1e-06 | BM133: 1e-06 | BN133: 1e-06 | BO133: 1e-06 | BP133: 1e-06 | BQ133: 1e-06 | BR133: 1588.855 | BS133: 1e-06 | BT133: 1e-06 | BU133: 1e-06 | BV133: 1e-06 | BW133: 1e-06 | BX133: 1e-06 | BY133: 1e-06 | BZ133: 1e-06 | CA133: 1e-06 | CB133: 1e-06 | CC133: 1e-06 | CD133: 1e-06 | CE133: 1e-06 | CF133: 1e-06 | CG133: 1e-06 | CH133: 1e-06 | CI133: 1052.112 | CJ133: 1e-06 | CK133: 1e-06 | CL133: 1e-06 | CM133: 1e-06 | CN133: 1e-06 | CO133: 1e-06 | CP133: 1074.481 | CQ133: 1e-06 | CR133: 1e-06 | CS133: 1e-06 | CT133: 1039.456 | CU133: 1029.421 | CV133: 1e-06 | CW133: 1e-06 | CX133: 1e-06 | CY133: 1e-06 | CZ133: 1e-06 | DA133: 1e-06 | DB133: 1e-06 | DC133: 1e-06 | DD133: 1e-06 | DE133: 1e-06 | DF133: 1e-06 | DG133: 1e-06 | DH133: 1e-06 | DI133: 1e-06 | DJ133: 1197.062 | DK133: 1e-06 | DL133: 1e-06 | DM133: 1e-06 | DN133: 1008.155 | DO133: 1e-06 | DP133: 1e-06 | DQ133: 1e-06 | DR133: 1e-06 | DS133: 1e-06 | DT133: 1e-06 | DU133: 1e-06 | DV133: 1e-06 | DW133: 1e-06 | DX133: 1e-06 | DY133: 1e-06 | DZ133: 1e-06 | EA133: 1e-06 | EB133: 1e-06 | EC133: 1e-06 | ED133: 1e-06 | EE133: 1e-06 | EF133: 1e-06 | EG133: 1e-06 | EH133: 1e-06 | EI133: 1e-06 | EJ133: 1e-06 | EK133: 3055.154 | EL133: 1314.12 | EM133: 1e-06 | EN133: 1e-06 | EO133: 1e-06 | EP133: 1e-06 | EQ133: 1e-06 | ER133: 1e-06 | ES133: 1e-06 | ET133: 1e-06 | EU133: 1e-06 | EV133: 1e-06 | EW133: 1e-06 | EX133: 1e-06 | EY133: 1e-06 | EZ133: 1e-06 | FA133: 1e-06 | FB133: 1884.645 | FC133: 1e-06 | FD133: 1e-06 | FE133: 1e-06 | FF133: 1e-06 | FG133: 1e-06 | FH133: 1e-06 | FI133: 1e-06 | FJ133: 1e-06 | FK133: 1e-06 | FL133: 1e-06 | FM133: 1e-06 | FN133: 1e-06 | FO133: 1e-06 | FP133: 1e-06 | FQ133: 1e-06 | FR133: 1e-06 | FS133: 1e-06 | FT133: 1e-06 | FU133: 1e-06 | FV133: 1e-06 | FW133: 1e-06 | FX133: 1e-06 | FY133: 1e-06 | FZ133: 1e-06 | GA133: 1e-06 | GB133: 1e-06 | GC133: 1e-06 | GD133: 1e-06 | GE133: 1e-06 | GF133: 1e-06 | GG133: 1e-06 | GH133: 1e-06 | GI133: 1e-06
A134: TG | B134: TG 44:0 | C134: 768.7076 | F134: 1e-06 | G134: 1e-06 | H134: 6521.432 | I134: 1e-06 | J134: 1e-06 | K134: 1e-06 | L134: 1e-06 | M134: 3060.8757 | N134: 1e-06 | O134: 1e-06 | P134: 1468.1533 | Q134: 1e-06 | R134: 1e-06 | S134: 1e-06 | T134: 1e-06 | U134: 1266.887 | V134: 1e-06 | W134: 1e-06 | X134: 1252.751 | Y134: 1e-06 | Z134: 1e-06 | AA134: 1e-06 | AB134: 1e-06 | AC134: 1e-06 | AD134: 1e-06 | AE134: 1e-06 | AF134: 11687.864 | AG134: 4921.062 | AH134: 1e-06 | AI134: 4994.9572 | AJ134: 1e-06 | AK134: 4808.067 | AL134: 1736.741 | AM134: 1802.3436 | AN134: 3432.528 | AO134: 1244.138 | AP134: 1e-06 | AQ134: 3941.7418 | AR134: 2287.7236 | AS134: 4602.4893 | AT134: 5043.496 | AU134: 1e-06 | AV134: 1e-06 | AW134: 1e-06 | AX134: 3692.1944 | AY134: 7553.2306 | AZ134: 1e-06 | BA134: 1e-06 | BB134: 5484.1506 | BC134: 1e-06 | BD134: 1e-06 | BE134: 1e-06 | BF134: 1e-06 | BG134: 1e-06 | BH134: 1e-06 | BI134: 3349.482 | BJ134: 2682.0546 | BK134: 2034.903 | BL134: 1e-06 | BM134: 1e-06 | BN134: 1e-06 | BO134: 1951.046 | BP134: 1e-06 | BQ134: 1e-06 | BR134: 9519.3142 | BS134: 1e-06 | BT134: 1e-06 | BU134: 1e-06 | BV134: 2867.9861 | BW134: 1e-06 | BX134: 1e-06 | BY134: 1e-06 | BZ134: 1119.657 | CA134: 1e-06 | CB134: 1e-06 | CC134: 1e-06 | CD134: 1e-06 | CE134: 1e-06 | CF134: 1e-06 | CG134: 1e-06 | CH134: 1139.361 | CI134: 2820.6981 | CJ134: 1e-06 | CK134: 1e-06 | CL134: 1e-06 | CM134: 1e-06 | CN134: 1e-06 | CO134: 1e-06 | CP134: 2019.3835 | CQ134: 1e-06 | CR134: 1e-06 | CS134: 1e-06 | CT134: 2044.182 | CU134: 4622.592 | CV134: 1e-06 | CW134: 1e-06 | CX134: 1e-06 | CY134: 1e-06 | CZ134: 1e-06 | DA134: 1e-06 | DB134: 1e-06 | DC134: 1e-06 | DD134: 1e-06 | DE134: 1e-06 | DF134: 1e-06 | DG134: 1e-06 | DH134: 1e-06 | DI134: 1e-06 | DJ134: 3261.665 | DK134: 1e-06 | DL134: 1e-06 | DM134: 1e-06 | DN134: 1817.511 | DO134: 1e-06 | DP134: 1e-06 | DQ134: 1e-06 | DR134: 1e-06 | DS134: 1e-06 | DT134: 1e-06 | DU134: 1e-06 | DV134: 1e-06 | DW134: 1e-06 | DX134: 1e-06 | DY134: 8340.8627 | DZ134: 1e-06 | EA134: 1e-06 | EB134: 1e-06 | EC134: 1e-06 | ED134: 1e-06 | EE134: 1e-06 | EF134: 1e-06 | EG134: 1e-06 | EH134: 1e-06 | EI134: 1e-06 | EJ134: 1e-06 | EK134: 4478.763 | EL134: 7199.9898 | EM134: 1e-06 | EN134: 1e-06 | EO134: 1e-06 | EP134: 1e-06 | EQ134: 1e-06 | ER134: 1e-06 | ES134: 1e-06 | ET134: 1e-06 | EU134: 1e-06 | EV134: 1e-06 | EW134: 1339.107 | EX134: 1e-06 | EY134: 1e-06 | EZ134: 1e-06 | FA134: 2174.945 | FB134: 5322.6838 | FC134: 1e-06 | FD134: 1e-06 | FE134: 1e-06 | FF134: 1e-06 | FG134: 1e-06 | FH134: 1e-06 | FI134: 1455.759 | FJ134: 1011.415 | FK134: 1e-06 | FL134: 1e-06 | FM134: 1e-06 | FN134: 1e-06 | FO134: 1e-06 | FP134: 2120.5968 | FQ134: 1e-06 | FR134: 1e-06 | FS134: 1e-06 | FT134: 1e-06 | FU134: 1e-06 | FV134: 1e-06 | FW134: 1e-06 | FX134: 1099.6315 | FY134: 1e-06 | FZ134: 1e-06 | GA134: 1e-06 | GB134: 1e-06 | GC134: 1e-06 | GD134: 1e-06 | GE134: 1e-06 | GF134: 1e-06 | GG134: 1e-06 | GH134: 1e-06 | GI134: 1e-06
A135: TG | B135: TG 44:1 | C135: 766.6919 | F135: 1e-06 | G135: 1e-06 | H135: 1e-06 | I135: 1e-06 | J135: 1e-06 | K135: 1e-06 | L135: 1e-06 | M135: 2590.498 | N135: 1e-06 | O135: 1e-06 | P135: 1362.18 | Q135: 1e-06 | R135: 1e-06 | S135: 1e-06 | T135: 1e-06 | U135: 1e-06 | V135: 1e-06 | W135: 1e-06 | X135: 1e-06 | Y135: 1e-06 | Z135: 1e-06 | AA135: 1e-06 | AB135: 1e-06 | AC135: 1e-06 | AD135: 1e-06 | AE135: 1e-06 | AF135: 1e-06 | AG135: 1e-06 | AH135: 1e-06 | AI135: 4030.97 | AJ135: 1e-06 | AK135: 1e-06 | AL135: 1e-06 | AM135: 3006.497 | AN135: 1e-06 | AO135: 1e-06 | AP135: 1e-06 | AQ135: 4129.738 | AR135: 1907.271 | AS135: 2714.809 | AT135: 1e-06 | AU135: 1e-06 | AV135: 1e-06 | AW135: 1e-06 | AX135: 5604.07 | AY135: 4919.745 | AZ135: 1e-06 | BA135: 1e-06 | BB135: 6140.4 | BC135: 1e-06 | BD135: 1e-06 | BE135: 1e-06 | BF135: 1e-06 | BG135: 1e-06 | BH135: 1e-06 | BI135: 1e-06 | BJ135: 2472.732 | BK135: 1e-06 | BL135: 1e-06 | BM135: 1e-06 | BN135: 1e-06 | BO135: 1e-06 | BP135: 1e-06 | BQ135: 1e-06 | BR135: 9540.093 | BS135: 1e-06 | BT135: 1e-06 | BU135: 1e-06 | BV135: 1758.2 | BW135: 1e-06 | BX135: 1e-06 | BY135: 1e-06 | BZ135: 1e-06 | CA135: 1e-06 | CB135: 1e-06 | CC135: 1e-06 | CD135: 1e-06 | CE135: 1e-06 | CF135: 1e-06 | CG135: 1e-06 | CH135: 1e-06 | CI135: 3847.404 | CJ135: 1e-06 | CK135: 1e-06 | CL135: 1e-06 | CM135: 1e-06 | CN135: 1e-06 | CO135: 1e-06 | CP135: 1864.809 | CQ135: 1e-06 | CR135: 1e-06 | CS135: 1e-06 | CT135: 1e-06 | CU135: 1e-06 | CV135: 1e-06 | CW135: 1e-06 | CX135: 1e-06 | CY135: 1e-06 | CZ135: 1e-06 | DA135: 1e-06 | DB135: 1e-06 | DC135: 1e-06 | DD135: 1e-06 | DE135: 1e-06 | DF135: 1e-06 | DG135: 1e-06 | DH135: 1e-06 | DI135: 1e-06 | DJ135: 1e-06 | DK135: 1e-06 | DL135: 1e-06 | DM135: 1e-06 | DN135: 1e-06 | DO135: 1e-06 | DP135: 1e-06 | DQ135: 1e-06 | DR135: 1e-06 | DS135: 1e-06 | DT135: 1e-06 | DU135: 1e-06 | DV135: 1e-06 | DW135: 1e-06 | DX135: 1e-06 | DY135: 5060.556 | DZ135: 1e-06 | EA135: 1e-06 | EB135: 1e-06 | EC135: 1e-06 | ED135: 1e-06 | EE135: 1e-06 | EF135: 1e-06 | EG135: 1e-06 | EH135: 1e-06 | EI135: 1e-06 | EJ135: 1e-06 | EK135: 1e-06 | EL135: 5425.579 | EM135: 1e-06 | EN135: 1e-06 | EO135: 1e-06 | EP135: 1e-06 | EQ135: 1e-06 | ER135: 1e-06 | ES135: 1e-06 | ET135: 1e-06 | EU135: 1e-06 | EV135: 1e-06 | EW135: 1e-06 | EX135: 1e-06 | EY135: 1e-06 | EZ135: 1e-06 | FA135: 2121.705 | FB135: 3429.133 | FC135: 1e-06 | FD135: 1e-06 | FE135: 1e-06 | FF135: 1e-06 | FG135: 1e-06 | FH135: 1e-06 | FI135: 1e-06 | FJ135: 1e-06 | FK135: 1e-06 | FL135: 1e-06 | FM135: 1e-06 | FN135: 1e-06 | FO135: 1e-06 | FP135: 1083.702 | FQ135: 1e-06 | FR135: 1e-06 | FS135: 1e-06 | FT135: 1e-06 | FU135: 1e-06 | FV135: 1e-06 | FW135: 1e-06 | FX135: 1084.925 | FY135: 1e-06 | FZ135: 1e-06 | GA135: 1e-06 | GB135: 1e-06 | GC135: 1e-06 | GD135: 1e-06 | GE135: 1e-06 | GF135: 1e-06 | GG135: 1e-06 | GH135: 1e-06 | GI135: 1e-06
A136: TG | B136: TG 46:0 | C136: 796.7389 | F136: 1e-06 | G136: 843.40454 | H136: 2643.1895 | I136: 1e-06 | J136: 1e-06 | K136: 1e-06 | L136: 1782.865 | M136: 2456.7031 | N136: 1e-06 | O136: 1236.1479 | P136: 4356.5427 | Q136: 1e-06 | R136: 1e-06 | S136: 1e-06 | T136: 1e-06 | U136: 1e-06 | V136: 1e-06 | W136: 1e-06 | X136: 1716.3999 | Y136: 1e-06 | Z136: 1e-06 | AA136: 1e-06 | AB136: 1252.5274 | AC136: 1e-06 | AD136: 1e-06 | AE136: 1e-06 | AF136: 5461.4775 | AG136: 281.2913 | AH136: 1e-06 | AI136: 2533.6116 | AJ136: 1e-06 | AK136: 2467.9574 | AL136: 1817.4332 | AM136: 1314.3546 | AN136: 1414.5013 | AO136: 1213.0609 | AP136: 1e-06 | AQ136: 920.61657 | AR136: 2040.6433 | AS136: 1691.8399 | AT136: 191.17989 | AU136: 1246.4245 | AV136: 1e-06 | AW136: 1e-06 | AX136: 5357.7546 | AY136: 3292.3829 | AZ136: 1e-06 | BA136: 1e-06 | BB136: 2464.8769 | BC136: 1e-06 | BD136: 1e-06 | BE136: 1e-06 | BF136: 1e-06 | BG136: 699.77352 | BH136: 1e-06 | BI136: 496.54285 | BJ136: 3660.2882 | BK136: 779.02319 | BL136: 1e-06 | BM136: 1262.6819 | BN136: 1848.9297 | BO136: 1040.5239 | BP136: 1e-06 | BQ136: 850.50543 | BR136: 7227.4035 | BS136: 785.20449 | BT136: 1e-06 | BU136: 1e-06 | BV136: 2813.1496 | BW136: 1e-06 | BX136: 1e-06 | BY136: 1e-06 | BZ136: 1e-06 | CA136: 1e-06 | CB136: 1e-06 | CC136: 1e-06 | CD136: 1436.6603 | CE136: 1e-06 | CF136: 1e-06 | CG136: 1e-06 | CH136: 1334.6968 | CI136: 3800.3375 | CJ136: 1e-06 | CK136: 1e-06 | CL136: 1e-06 | CM136: 1e-06 | CN136: 1e-06 | CO136: 1e-06 | CP136: 1175.8134 | CQ136: 1e-06 | CR136: 1e-06 | CS136: 1e-06 | CT136: 1102.6911 | CU136: 1031.4142 | CV136: 1e-06 | CW136: 1e-06 | CX136: 1852.3581 | CY136: 1e-06 | CZ136: 1e-06 | DA136: 812.51351 | DB136: 1118.9424 | DC136: 1e-06 | DD136: 1e-06 | DE136: 1e-06 | DF136: 1639.4528 | DG136: 1e-06 | DH136: 1e-06 | DI136: 1e-06 | DJ136: 2154.9948 | DK136: 1e-06 | DL136: 1e-06 | DM136: 1e-06 | DN136: 2537.3882 | DO136: 1e-06 | DP136: 1e-06 | DQ136: 1e-06 | DR136: 1e-06 | DS136: 1e-06 | DT136: 1e-06 | DU136: 1e-06 | DV136: 1578.7592 | DW136: 1e-06 | DX136: 1e-06 | DY136: 4793.6003 | DZ136: 1e-06 | EA136: 1e-06 | EB136: 1e-06 | EC136: 1e-06 | ED136: 1e-06 | EE136: 1e-06 | EF136: 1e-06 | EG136: 1e-06 | EH136: 1e-06 | EI136: 1e-06 | EJ136: 1e-06 | EK136: 3378.676 | EL136: 4651.2942 | EM136: 1e-06 | EN136: 1156.6446 | EO136: 1e-06 | EP136: 1e-06 | EQ136: 1e-06 | ER136: 1e-06 | ES136: 1e-06 | ET136: 1e-06 | EU136: 1e-06 | EV136: 1e-06 | EW136: 1352.688 | EX136: 1294.6493 | EY136: 1e-06 | EZ136: 1e-06 | FA136: 2389.2872 | FB136: 3960.7357 | FC136: 1e-06 | FD136: 1e-06 | FE136: 817.6553 | FF136: 1e-06 | FG136: 1e-06 | FH136: 1066.885 | FI136: 962.29855 | FJ136: 1031.0951 | FK136: 1e-06 | FL136: 1e-06 | FM136: 1e-06 | FN136: 1e-06 | FO136: 1e-06 | FP136: 1296.0229 | FQ136: 1e-06 | FR136: 1e-06 | FS136: 1e-06 | FT136: 1e-06 | FU136: 1e-06 | FV136: 1e-06 | FW136: 1e-06 | FX136: 1223.7115 | FY136: 1e-06 | FZ136: 873.57281 | GA136: 1e-06 | GB136: 847.9517 | GC136: 1e-06 | GD136: 1e-06 | GE136: 1e-06 | GF136: 1e-06 | GG136: 1e-06 | GH136: 1e-06 | GI136: 1e-06
A137: TG | B137: TG 46:1 | C137: 794.7232 | F137: 1e-06 | G137: 2542.2829 | H137: 15371.605 | I137: 1e-06 | J137: 1e-06 | K137: 1e-06 | L137: 2431.744 | M137: 7549.4942 | N137: 1e-06 | O137: 5261.0037 | P137: 7073.5637 | Q137: 1e-06 | R137: 1e-06 | S137: 1e-06 | T137: 2072.327 | U137: 3103.608 | V137: 1757.508 | W137: 1e-06 | X137: 3080.3308 | Y137: 1e-06 | Z137: 1e-06 | AA137: 1e-06 | AB137: 2037.103 | AC137: 1e-06 | AD137: 1e-06 | AE137: 1263.606 | AF137: 24699.915 | AG137: 13939.659 | AH137: 1e-06 | AI137: 11277.631 | AJ137: 1e-06 | AK137: 8093.0145 | AL137: 3476.939 | AM137: 5695.8025 | AN137: 4373.2888 | AO137: 3654.2573 | AP137: 1e-06 | AQ137: 9644.1352 | AR137: 13083.892 | AS137: 15663.662 | AT137: 8911.2203 | AU137: 5003.0178 | AV137: 1e-06 | AW137: 1e-06 | AX137: 13966.11 | AY137: 15937.32 | AZ137: 1e-06 | BA137: 1e-06 | BB137: 28552.449 | BC137: 1066.171 | BD137: 1e-06 | BE137: 1828.897 | BF137: 1122.604 | BG137: 2068.553 | BH137: 1e-06 | BI137: 5854.0429 | BJ137: 14284.344 | BK137: 5093.2546 | BL137: 1e-06 | BM137: 2025.379 | BN137: 4504.387 | BO137: 4674.9324 | BP137: 1e-06 | BQ137: 2774.2098 | BR137: 38712.239 | BS137: 3342.381 | BT137: 1512.713 | BU137: 1e-06 | BV137: 6317.3252 | BW137: 1e-06 | BX137: 1e-06 | BY137: 2124.299 | BZ137: 3013.728 | CA137: 1e-06 | CB137: 1040.545 | CC137: 1e-06 | CD137: 3721.69 | CE137: 1e-06 | CF137: 1e-06 | CG137: 1e-06 | CH137: 2305.397 | CI137: 12070.992 | CJ137: 1794.836 | CK137: 1e-06 | CL137: 1e-06 | CM137: 1e-06 | CN137: 1e-06 | CO137: 1e-06 | CP137: 3243.7592 | CQ137: 1584.019 | CR137: 1e-06 | CS137: 2347.631 | CT137: 6156.537 | CU137: 6986.9225 | CV137: 1e-06 | CW137: 1e-06 | CX137: 4341.3 | CY137: 1e-06 | CZ137: 1e-06 | DA137: 1913.272 | DB137: 1860.718 | DC137: 1e-06 | DD137: 1e-06 | DE137: 1e-06 | DF137: 6029.253 | DG137: 1e-06 | DH137: 1e-06 | DI137: 1e-06 | DJ137: 5047.8124 | DK137: 1e-06 | DL137: 1e-06 | DM137: 1e-06 | DN137: 10401.16 | DO137: 1e-06 | DP137: 1e-06 | DQ137: 1e-06 | DR137: 1e-06 | DS137: 1e-06 | DT137: 1e-06 | DU137: 1e-06 | DV137: 2400.902 | DW137: 1e-06 | DX137: 1e-06 | DY137: 26808.247 | DZ137: 1e-06 | EA137: 1e-06 | EB137: 1723.274 | EC137: 1e-06 | ED137: 1e-06 | EE137: 1e-06 | EF137: 1e-06 | EG137: 1e-06 | EH137: 1e-06 | EI137: 1318.875 | EJ137: 1e-06 | EK137: 13551.271 | EL137: 32847.968 | EM137: 1e-06 | EN137: 2769.88 | EO137: 1029.221 | EP137: 2243.442 | EQ137: 1e-06 | ER137: 1e-06 | ES137: 1e-06 | ET137: 1012.7145 | EU137: 1990.311 | EV137: 1e-06 | EW137: 5432.5644 | EX137: 5109.3999 | EY137: 1e-06 | EZ137: 1e-06 | FA137: 13324.328 | FB137: 12055.551 | FC137: 1e-06 | FD137: 1e-06 | FE137: 1735.79 | FF137: 1e-06 | FG137: 1e-06 | FH137: 1e-06 | FI137: 3616.836 | FJ137: 3958.447 | FK137: 2087.935 | FL137: 1e-06 | FM137: 1e-06 | FN137: 1e-06 | FO137: 1e-06 | FP137: 5241.2159 | FQ137: 1e-06 | FR137: 1e-06 | FS137: 1e-06 | FT137: 1e-06 | FU137: 1e-06 | FV137: 1e-06 | FW137: 1509.22 | FX137: 3584.551 | FY137: 1680.003 | FZ137: 3279.709 | GA137: 1018.276 | GB137: 3259.036 | GC137: 2270.742 | GD137: 1537.357 | GE137: 2066.944 | GF137: 1622.456 | GG137: 1e-06 | GH137: 1e-06 | GI137: 1e-06
A138: TG | B138: TG 46:2 | C138: 792.7076 | F138: 1e-06 | G138: 1200.359 | H138: 5244.424 | I138: 1e-06 | J138: 1e-06 | K138: 1e-06 | L138: 1e-06 | M138: 2114.383 | N138: 1e-06 | O138: 1097.754 | P138: 1248.6 | Q138: 1e-06 | R138: 1e-06 | S138: 1e-06 | T138: 1e-06 | U138: 1e-06 | V138: 1e-06 | W138: 1e-06 | X138: 1454.423 | Y138: 1e-06 | Z138: 1e-06 | AA138: 1e-06 | AB138: 1e-06 | AC138: 1e-06 | AD138: 1e-06 | AE138: 1e-06 | AF138: 4238.458 | AG138: 3606.138 | AH138: 1e-06 | AI138: 3132.395 | AJ138: 1e-06 | AK138: 1421.982 | AL138: 1e-06 | AM138: 2069.093 | AN138: 3628.723 | AO138: 1169.013 | AP138: 1e-06 | AQ138: 3826.867 | AR138: 3903.471 | AS138: 4353.63 | AT138: 2853.658 | AU138: 1240.569 | AV138: 1e-06 | AW138: 1e-06 | AX138: 5099.407 | AY138: 4611.136 | AZ138: 1e-06 | BA138: 1e-06 | BB138: 5030.779 | BC138: 1e-06 | BD138: 1e-06 | BE138: 1e-06 | BF138: 1e-06 | BG138: 1e-06 | BH138: 1e-06 | BI138: 1462.446 | BJ138: 2070.854 | BK138: 2156.673 | BL138: 1e-06 | BM138: 1e-06 | BN138: 1e-06 | BO138: 1333.958 | BP138: 1e-06 | BQ138: 1247.275 | BR138: 7733.483 | BS138: 1e-06 | BT138: 1e-06 | BU138: 1e-06 | BV138: 1764.67 | BW138: 1e-06 | BX138: 1e-06 | BY138: 1e-06 | BZ138: 1e-06 | CA138: 1e-06 | CB138: 1e-06 | CC138: 1e-06 | CD138: 1e-06 | CE138: 1e-06 | CF138: 1e-06 | CG138: 1e-06 | CH138: 1e-06 | CI138: 2944.256 | CJ138: 1128.973 | CK138: 1e-06 | CL138: 1e-06 | CM138: 1e-06 | CN138: 1e-06 | CO138: 1e-06 | CP138: 1065.578 | CQ138: 1e-06 | CR138: 1e-06 | CS138: 1e-06 | CT138: 2410.046 | CU138: 4036.296 | CV138: 1e-06 | CW138: 1e-06 | CX138: 1e-06 | CY138: 1e-06 | CZ138: 1e-06 | DA138: 1e-06 | DB138: 1e-06 | DC138: 1e-06 | DD138: 1e-06 | DE138: 1e-06 | DF138: 1e-06 | DG138: 1e-06 | DH138: 1e-06 | DI138: 1e-06 | DJ138: 2424.207 | DK138: 1e-06 | DL138: 1e-06 | DM138: 1e-06 | DN138: 2700.729 | DO138: 1e-06 | DP138: 1e-06 | DQ138: 1e-06 | DR138: 1e-06 | DS138: 1e-06 | DT138: 1e-06 | DU138: 1e-06 | DV138: 1e-06 | DW138: 1e-06 | DX138: 1e-06 | DY138: 5090.319 | DZ138: 1e-06 | EA138: 1e-06 | EB138: 1e-06 | EC138: 1e-06 | ED138: 1e-06 | EE138: 1e-06 | EF138: 1e-06 | EG138: 1e-06 | EH138: 1e-06 | EI138: 1e-06 | EJ138: 1e-06 | EK138: 4249.406 | EL138: 5910.464 | EM138: 1e-06 | EN138: 1e-06 | EO138: 1e-06 | EP138: 1e-06 | EQ138: 1e-06 | ER138: 1e-06 | ES138: 1e-06 | ET138: 1012.013 | EU138: 1e-06 | EV138: 1e-06 | EW138: 1047.51 | EX138: 1629.848 | EY138: 1e-06 | EZ138: 1e-06 | FA138: 2649.489 | FB138: 3508.793 | FC138: 1e-06 | FD138: 1e-06 | FE138: 1e-06 | FF138: 1e-06 | FG138: 1e-06 | FH138: 1e-06 | FI138: 1e-06 | FJ138: 1e-06 | FK138: 1e-06 | FL138: 1e-06 | FM138: 1e-06 | FN138: 1e-06 | FO138: 1e-06 | FP138: 1364.353 | FQ138: 1e-06 | FR138: 1e-06 | FS138: 1e-06 | FT138: 1e-06 | FU138: 1e-06 | FV138: 1e-06 | FW138: 1e-06 | FX138: 1e-06 | FY138: 1e-06 | FZ138: 1e-06 | GA138: 1e-06 | GB138: 1e-06 | GC138: 1e-06 | GD138: 1e-06 | GE138: 1e-06 | GF138: 1e-06 | GG138: 1e-06 | GH138: 1e-06 | GI138: 1e-06
A139: TG | B139: TG 48:0 | C139: 824.7702 | F139: 2293.9993 | G139: 1e-06 | H139: 1028.523 | I139: 2846.0466 | J139: 2143.3009 | K139: 1e-06 | L139: 3038.9742 | M139: 2344.9802 | N139: 1e-06 | O139: 1e-06 | P139: 1e-06 | Q139: 1183.6553 | R139: 1e-06 | S139: 1937.8168 | T139: 219.22883 | U139: 1433.6452 | V139: 2678.6353 | W139: 1215.372 | X139: 3590.3595 | Y139: 1116.986 | Z139: 1809.6297 | AA139: 1036.6281 | AB139: 1e-06 | AC139: 1e-06 | AD139: 478.03782 | AE139: 380.45674 | AF139: 1e-06 | AG139: 1e-06 | AH139: 1e-06 | AI139: 1e-06 | AJ139: 1e-06 | AK139: 942.66779 | AL139: 2605.2195 | AM139: 292.98129 | AN139: 1e-06 | AO139: 1507.2566 | AP139: 1e-06 | AQ139: 1e-06 | AR139: 1e-06 | AS139: 1e-06 | AT139: 841.09847 | AU139: 237.41858 | AV139: 2151.7563 | AW139: 1e-06 | AX139: 1e-06 | AY139: 1380.5402 | AZ139: 1e-06 | BA139: 1216.2526 | BB139: 1e-06 | BC139: 2761.8798 | BD139: 1515.0678 | BE139: 1848.5695 | BF139: 434.69427 | BG139: 1e-06 | BH139: 294.50728 | BI139: 3137.9668 | BJ139: 1e-06 | BK139: 1078.5512 | BL139: 1973.9718 | BM139: 317.044 | BN139: 1e-06 | BO139: 3254.208 | BP139: 756.36919 | BQ139: 1964.5881 | BR139: 1e-06 | BS139: 1641.1193 | BT139: 1e-06 | BU139: 1e-06 | BV139: 3025.9889 | BW139: 468.2575 | BX139: 1320.495 | BY139: 272.02508 | BZ139: 1816.7034 | CA139: 1442.4028 | CB139: 1018.3733 | CC139: 204.04707 | CD139: 1e-06 | CE139: 1e-06 | CF139: 1e-06 | CG139: 1290.3374 | CH139: 1717.026 | CI139: 1e-06 | CJ139: 4334.962 | CK139: 843.71586 | CL139: 1391.9246 | CM139: 1e-06 | CN139: 1e-06 | CO139: 2560.7204 | CP139: 534.35101 | CQ139: 1e-06 | CR139: 1e-06 | CS139: 1521.3855 | CT139: 2171.5175 | CU139: 3392.9857 | CV139: 1e-06 | CW139: 1172.5327 | CX139: 883.45063 | CY139: 1e-06 | CZ139: 1e-06 | DA139: 1497.0741 | DB139: 1391.9901 | DC139: 1e-06 | DD139: 1685.1156 | DE139: 1159.6908 | DF139: 48.317604 | DG139: 1e-06 | DH139: 1e-06 | DI139: 1e-06 | DJ139: 3597.1891 | DK139: 1e-06 | DL139: 832.6907 | DM139: 1110.4387 | DN139: 5398.7159 | DO139: 1e-06 | DP139: 948.53281 | DQ139: 1514.3865 | DR139: 1e-06 | DS139: 1e-06 | DT139: 1255.8191 | DU139: 1326.6065 | DV139: 880.47893 | DW139: 834.45612 | DX139: 1e-06 | DY139: 1e-06 | DZ139: 680.71977 | EA139: 1422.33 | EB139: 1726.127 | EC139: 1e-06 | ED139: 3318.8278 | EE139: 1e-06 | EF139: 612.36036 | EG139: 1e-06 | EH139: 1e-06 | EI139: 1125.6855 | EJ139: 2116.4556 | EK139: 1795.7823 | EL139: 1e-06 | EM139: 1e-06 | EN139: 1008.2327 | EO139: 1e-06 | EP139: 733.92651 | EQ139: 1139.6783 | ER139: 1613.2315 | ES139: 832.40143 | ET139: 1120.7604 | EU139: 1e-06 | EV139: 668.03095 | EW139: 1755.0252 | EX139: 2573.9476 | EY139: 615.70572 | EZ139: 1774.8833 | FA139: 1e-06 | FB139: 1e-06 | FC139: 1e-06 | FD139: 1e-06 | FE139: 933.96472 | FF139: 2440.7191 | FG139: 1083.6676 | FH139: 4773.4354 | FI139: 1e-06 | FJ139: 1e-06 | FK139: 47.263414 | FL139: 1340.644 | FM139: 1086.2727 | FN139: 2368.8289 | FO139: 1e-06 | FP139: 2302.8529 | FQ139: 1e-06 | FR139: 1e-06 | FS139: 1e-06 | FT139: 1e-06 | FU139: 1e-06 | FV139: 1e-06 | FW139: 1952.7939 | FX139: 1575.856 | FY139: 913.58989 | FZ139: 488.68032 | GA139: 778.52974 | GB139: 309.21523 | GC139: 958.87179 | GD139: 247.26116 | GE139: 49.25641 | GF139: 1647.9357 | GG139: 1e-06 | GH139: 1e-06 | GI139: 1e-06
A140: TG | B140: TG 48:1 | C140: 822.7545 | F140: 9516.5509 | G140: 23729.965 | H140: 16982.021 | I140: 2732.8848 | J140: 3120.1196 | K140: 1e-06 | L140: 12246.656 | M140: 22706.254 | N140: 1e-06 | O140: 22400.726 | P140: 34243.927 | Q140: 5477.6259 | R140: 1e-06 | S140: 13300.038 | T140: 16258.476 | U140: 5131.0644 | V140: 18150.585 | W140: 8197.9371 | X140: 9961.7736 | Y140: 2638.1133 | Z140: 4167.4495 | AA140: 11398.934 | AB140: 17127.976 | AC140: 1932.8209 | AD140: 3765.2128 | AE140: 11216.821 | AF140: 43878.855 | AG140: 39482.751 | AH140: 1e-06 | AI140: 33575.661 | AJ140: 1824.6976 | AK140: 7849.284 | AL140: 16088.476 | AM140: 12705.978 | AN140: 10797.354 | AO140: 4918.7458 | AP140: 2032.912 | AQ140: 14521.408 | AR140: 18533.093 | AS140: 23764.447 | AT140: 12125.077 | AU140: 26016.665 | AV140: 5839.4789 | AW140: 1118.348 | AX140: 50324.505 | AY140: 12216.467 | AZ140: 978.79554 | BA140: 2122.7854 | BB140: 48588.506 | BC140: 3624.2191 | BD140: 10439.7 | BE140: 13358.939 | BF140: 3567.9284 | BG140: 2330.6983 | BH140: 5748.1142 | BI140: 12154.292 | BJ140: 27080.388 | BK140: 3342.8849 | BL140: 8678.7219 | BM140: 11026.274 | BN140: 13068.375 | BO140: 6741.1239 | BP140: 5265.1909 | BQ140: 9283.603 | BR140: 62575.42 | BS140: 8314.6188 | BT140: 3445.2516 | BU140: 1511.9007 | BV140: 12252.47 | BW140: 4636.2399 | BX140: 1e-06 | BY140: 14798.46 | BZ140: 7927.2262 | CA140: 1972.3294 | CB140: 1846.0279 | CC140: 5214.74 | CD140: 20094.904 | CE140: 859.23224 | CF140: 1e-06 | CG140: 7087.0575 | CH140: 9551.1471 | CI140: 37892.707 | CJ140: 9106.4779 | CK140: 2936.782 | CL140: 5017.3535 | CM140: 1e-06 | CN140: 1e-06 | CO140: 11771.874 | CP140: 7523.5441 | CQ140: 3815.3117 | CR140: 1656.691 | CS140: 7648.3077 | CT140: 13827.34 | CU140: 22571.433 | CV140: 1e-06 | CW140: 5606.3786 | CX140: 29715.359 | CY140: 3077.9627 | CZ140: 1693.771 | DA140: 18461.785 | DB140: 7348.373 | DC140: 1800.7757 | DD140: 4124.2117 | DE140: 1820.5335 | DF140: 15768.984 | DG140: 1e-06 | DH140: 1e-06 | DI140: 1390.2914 | DJ140: 5805.7622 | DK140: 1031.912 | DL140: 1834.7165 | DM140: 2054.6697 | DN140: 18208.348 | DO140: 2538.5715 | DP140: 1380.699 | DQ140: 1684.114 | DR140: 4621.2672 | DS140: 1e-06 | DT140: 5161.3789 | DU140: 6652.7962 | DV140: 12274.885 | DW140: 2122.5976 | DX140: 8445.3432 | DY140: 48101.364 | DZ140: 3863.1655 | EA140: 1264.718 | EB140: 6017.2328 | EC140: 9946.3939 | ED140: 1393.7608 | EE140: 1e-06 | EF140: 6062.2395 | EG140: 3568.4894 | EH140: 1942.91 | EI140: 5236.4967 | EJ140: 3962.4483 | EK140: 22367.03 | EL140: 35990.657 | EM140: 3420.0305 | EN140: 11269.914 | EO140: 2728.6404 | EP140: 9012.9099 | EQ140: 4860.2715 | ER140: 4757.2749 | ES140: 7972.4673 | ET140: 4293.7383 | EU140: 1555.1483 | EV140: 5019.2355 | EW140: 21211.508 | EX140: 11871.172 | EY140: 6416.5433 | EZ140: 4662.3107 | FA140: 42347.193 | FB140: 22643.654 | FC140: 9741.9071 | FD140: 2864.6322 | FE140: 7618.1418 | FF140: 7833.3652 | FG140: 3691.364 | FH140: 6705.8533 | FI140: 24403.525 | FJ140: 12766.047 | FK140: 9892.2697 | FL140: 4754.3029 | FM140: 2331.6018 | FN140: 3393.1236 | FO140: 1918.639 | FP140: 7252.2816 | FQ140: 1e-06 | FR140: 3456.137 | FS140: 1e-06 | FT140: 1e-06 | FU140: 1e-06 | FV140: 1e-06 | FW140: 8019.1484 | FX140: 10047.901 | FY140: 5950.6801 | FZ140: 10763.891 | GA140: 4774.2755 | GB140: 9094.1779 | GC140: 6595.3262 | GD140: 5350.4097 | GE140: 5869.7088 | GF140: 6211.1185 | GG140: 2217.2456 | GH140: 1e-06 | GI140: 1e-06
A141: TG | B141: TG 48:2 | C141: 820.7389 | F141: 2765.226 | G141: 19734.809 | H141: 14882.069 | I141: 1025.905 | J141: 2321.549 | K141: 1e-06 | L141: 5202.862 | M141: 9880.7894 | N141: 1e-06 | O141: 14586.52 | P141: 16155.175 | Q141: 3202.132 | R141: 1e-06 | S141: 3872.799 | T141: 6100.171 | U141: 2942.35 | V141: 6844.814 | W141: 4044.546 | X141: 9099.1439 | Y141: 3645.015 | Z141: 1751.869 | AA141: 2873.645 | AB141: 5213.472 | AC141: 1332.81 | AD141: 1302.799 | AE141: 5800.627 | AF141: 12421.494 | AG141: 20020.253 | AH141: 1e-06 | AI141: 16662.575 | AJ141: 1452.601 | AK141: 5925.7262 | AL141: 7349.714 | AM141: 9463.3501 | AN141: 9999.5102 | AO141: 4147.8961 | AP141: 1e-06 | AQ141: 18801.207 | AR141: 10743.76 | AS141: 9917.6815 | AT141: 6425.969 | AU141: 13869.427 | AV141: 2327.455 | AW141: 1e-06 | AX141: 21745.004 | AY141: 8821.5553 | AZ141: 1158.377 | BA141: 2252.564 | BB141: 25356.45 | BC141: 3870.517 | BD141: 4968.654 | BE141: 7437.509 | BF141: 3749.902 | BG141: 2157.2727 | BH141: 2767.737 | BI141: 6205.742 | BJ141: 13103.628 | BK141: 6320.7398 | BL141: 3245.356 | BM141: 4174.905 | BN141: 9426.5577 | BO141: 4376.6845 | BP141: 3504.031 | BQ141: 10796.552 | BR141: 33686.537 | BS141: 7081.0825 | BT141: 3490.289 | BU141: 1377.038 | BV141: 6150.4091 | BW141: 4220.582 | BX141: 1e-06 | BY141: 6784.355 | BZ141: 5870.703 | CA141: 3318.952 | CB141: 2191.768 | CC141: 3101.6 | CD141: 9872.4852 | CE141: 1020.967 | CF141: 1e-06 | CG141: 3585.677 | CH141: 5421.212 | CI141: 16285.187 | CJ141: 5507.8225 | CK141: 1e-06 | CL141: 2514.27 | CM141: 1e-06 | CN141: 1e-06 | CO141: 7446.184 | CP141: 5737.2548 | CQ141: 1995.534 | CR141: 1e-06 | CS141: 4478.3927 | CT141: 6790.2389 | CU141: 12614.619 | CV141: 1050.821 | CW141: 4916.457 | CX141: 12928.277 | CY141: 2267.35 | CZ141: 1e-06 | DA141: 4001.059 | DB141: 5255.526 | DC141: 1021.018 | DD141: 3057.626 | DE141: 1602.462 | DF141: 7847.406 | DG141: 1e-06 | DH141: 1e-06 | DI141: 1055.37 | DJ141: 8163.4496 | DK141: 1e-06 | DL141: 1295.228 | DM141: 1139.506 | DN141: 10707.087 | DO141: 2227.821 | DP141: 1e-06 | DQ141: 1e-06 | DR141: 2315.882 | DS141: 1e-06 | DT141: 1236.617 | DU141: 2188.448 | DV141: 4510.051 | DW141: 1022.576 | DX141: 1597.6 | DY141: 21125.811 | DZ141: 2423.931 | EA141: 1e-06 | EB141: 2334.241 | EC141: 8736.8977 | ED141: 1745.834 | EE141: 1e-06 | EF141: 4034.906 | EG141: 2552.947 | EH141: 1e-06 | EI141: 2062.408 | EJ141: 1698.752 | EK141: 14467.565 | EL141: 25784.473 | EM141: 2871.668 | EN141: 6562.0923 | EO141: 3448.111 | EP141: 7299.618 | EQ141: 1998.704 | ER141: 2336.693 | ES141: 6243.963 | ET141: 3218.069 | EU141: 1119.72 | EV141: 3450.569 | EW141: 12932.267 | EX141: 8870.8928 | EY141: 2124.677 | EZ141: 1083.291 | FA141: 21748.776 | FB141: 15840.48 | FC141: 5399.645 | FD141: 1279.714 | FE141: 5432.493 | FF141: 3551.448 | FG141: 1e-06 | FH141: 3093.13 | FI141: 10048.454 | FJ141: 6896.895 | FK141: 5194.807 | FL141: 2617.89 | FM141: 3035.891 | FN141: 1090.16 | FO141: 1207.715 | FP141: 4343.154 | FQ141: 1e-06 | FR141: 1414.692 | FS141: 1e-06 | FT141: 1e-06 | FU141: 1e-06 | FV141: 1e-06 | FW141: 5933.643 | FX141: 7047.0277 | FY141: 3328.7829 | FZ141: 7785.8134 | GA141: 3149.07 | GB141: 6232.09 | GC141: 4208.949 | GD141: 2998.838 | GE141: 5100.7559 | GF141: 3825.303 | GG141: 1202.949 | GH141: 1e-06 | GI141: 1e-06
A142: TG | B142: TG 48:3 | C142: 818.7232 | F142: 1e-06 | G142: 1538.083 | H142: 2536.318 | I142: 1e-06 | J142: 1e-06 | K142: 1e-06 | L142: 1e-06 | M142: 2604.185 | N142: 1e-06 | O142: 2154.795 | P142: 1234.794 | Q142: 1e-06 | R142: 1e-06 | S142: 1e-06 | T142: 1e-06 | U142: 1e-06 | V142: 1e-06 | W142: 1e-06 | X142: 1984.422 | Y142: 1e-06 | Z142: 1e-06 | AA142: 1e-06 | AB142: 1e-06 | AC142: 1e-06 | AD142: 1e-06 | AE142: 1e-06 | AF142: 1813.407 | AG142: 3030.42 | AH142: 1e-06 | AI142: 1759.206 | AJ142: 1e-06 | AK142: 1739.316 | AL142: 1e-06 | AM142: 2051.484 | AN142: 1585.045 | AO142: 1200.402 | AP142: 1e-06 | AQ142: 11069.577 | AR142: 2498.992 | AS142: 1549.14 | AT142: 1e-06 | AU142: 2046.045 | AV142: 1e-06 | AW142: 1e-06 | AX142: 3708.658 | AY142: 5286.189 | AZ142: 1e-06 | BA142: 1e-06 | BB142: 4325.903 | BC142: 1551.634 | BD142: 1e-06 | BE142: 1e-06 | BF142: 1e-06 | BG142: 1097.963 | BH142: 1e-06 | BI142: 1e-06 | BJ142: 2251.124 | BK142: 2739.45 | BL142: 1e-06 | BM142: 1e-06 | BN142: 1394.772 | BO142: 1594.858 | BP142: 1e-06 | BQ142: 2165.025 | BR142: 5500.377 | BS142: 1901.512 | BT142: 1e-06 | BU142: 1e-06 | BV142: 1590.661 | BW142: 1e-06 | BX142: 1e-06 | BY142: 1e-06 | BZ142: 1084.012 | CA142: 1e-06 | CB142: 1e-06 | CC142: 1e-06 | CD142: 1156.839 | CE142: 1e-06 | CF142: 1e-06 | CG142: 1e-06 | CH142: 1e-06 | CI142: 3598.611 | CJ142: 1108.126 | CK142: 1e-06 | CL142: 1e-06 | CM142: 1e-06 | CN142: 1e-06 | CO142: 1e-06 | CP142: 2853.66 | CQ142: 1e-06 | CR142: 1e-06 | CS142: 1031.318 | CT142: 1757.084 | CU142: 4092.942 | CV142: 1e-06 | CW142: 1e-06 | CX142: 1936.327 | CY142: 1e-06 | CZ142: 1e-06 | DA142: 1e-06 | DB142: 1e-06 | DC142: 1e-06 | DD142: 1e-06 | DE142: 1e-06 | DF142: 1e-06 | DG142: 1e-06 | DH142: 1e-06 | DI142: 1e-06 | DJ142: 2691.409 | DK142: 1e-06 | DL142: 1e-06 | DM142: 1e-06 | DN142: 1894.924 | DO142: 1e-06 | DP142: 1e-06 | DQ142: 1e-06 | DR142: 1e-06 | DS142: 1e-06 | DT142: 1e-06 | DU142: 1e-06 | DV142: 1e-06 | DW142: 1e-06 | DX142: 1e-06 | DY142: 3150.58 | DZ142: 1e-06 | EA142: 1e-06 | EB142: 1e-06 | EC142: 1234.593 | ED142: 1e-06 | EE142: 1e-06 | EF142: 1e-06 | EG142: 1e-06 | EH142: 1e-06 | EI142: 1e-06 | EJ142: 1e-06 | EK142: 2657.717 | EL142: 3708.75 | EM142: 1e-06 | EN142: 1350.382 | EO142: 1e-06 | EP142: 1354.936 | EQ142: 1e-06 | ER142: 1e-06 | ES142: 1e-06 | ET142: 1e-06 | EU142: 1e-06 | EV142: 1e-06 | EW142: 1152.003 | EX142: 1692.65 | EY142: 1e-06 | EZ142: 1e-06 | FA142: 4055.413 | FB142: 7955.991 | FC142: 1e-06 | FD142: 1e-06 | FE142: 1e-06 | FF142: 1e-06 | FG142: 1e-06 | FH142: 1e-06 | FI142: 1e-06 | FJ142: 1e-06 | FK142: 1e-06 | FL142: 1e-06 | FM142: 1e-06 | FN142: 1e-06 | FO142: 1e-06 | FP142: 1e-06 | FQ142: 1e-06 | FR142: 1e-06 | FS142: 1e-06 | FT142: 1e-06 | FU142: 1e-06 | FV142: 1e-06 | FW142: 1e-06 | FX142: 1019.376 | FY142: 1050.941 | FZ142: 1606.251 | GA142: 1e-06 | GB142: 1e-06 | GC142: 1e-06 | GD142: 1e-06 | GE142: 1179.369 | GF142: 1e-06 | GG142: 1e-06 | GH142: 1e-06 | GI142: 1e-06
A143: TG | B143: TG 49:1 | C143: 836.7702 | F143: 1e-06 | G143: 2590.739 | H143: 3055.223 | I143: 1e-06 | J143: 1e-06 | K143: 1e-06 | L143: 1e-06 | M143: 1201.915 | N143: 1e-06 | O143: 1432.838 | P143: 2904.45 | Q143: 1e-06 | R143: 1e-06 | S143: 1352.434 | T143: 1485.232 | U143: 1e-06 | V143: 1098.892 | W143: 1e-06 | X143: 1653.063 | Y143: 1e-06 | Z143: 1e-06 | AA143: 1e-06 | AB143: 1443.142 | AC143: 1e-06 | AD143: 1e-06 | AE143: 1056.952 | AF143: 3310.125 | AG143: 2747.462 | AH143: 1e-06 | AI143: 3221.428 | AJ143: 1e-06 | AK143: 1e-06 | AL143: 2083.419 | AM143: 1e-06 | AN143: 1e-06 | AO143: 1e-06 | AP143: 1e-06 | AQ143: 1715.826 | AR143: 1e-06 | AS143: 1672.557 | AT143: 1e-06 | AU143: 1969.195 | AV143: 1e-06 | AW143: 1e-06 | AX143: 4427.9354 | AY143: 1e-06 | AZ143: 1e-06 | BA143: 1e-06 | BB143: 6487.6317 | BC143: 1e-06 | BD143: 1e-06 | BE143: 1e-06 | BF143: 1e-06 | BG143: 1e-06 | BH143: 1e-06 | BI143: 1e-06 | BJ143: 1820.488 | BK143: 1e-06 | BL143: 1e-06 | BM143: 1e-06 | BN143: 1779.183 | BO143: 1e-06 | BP143: 1e-06 | BQ143: 2028.3 | BR143: 4336.9501 | BS143: 1e-06 | BT143: 1e-06 | BU143: 1e-06 | BV143: 1e-06 | BW143: 1e-06 | BX143: 1e-06 | BY143: 1e-06 | BZ143: 1e-06 | CA143: 1e-06 | CB143: 1e-06 | CC143: 1e-06 | CD143: 1902.312 | CE143: 1e-06 | CF143: 1e-06 | CG143: 1e-06 | CH143: 1e-06 | CI143: 3781.5332 | CJ143: 1e-06 | CK143: 1e-06 | CL143: 1e-06 | CM143: 1e-06 | CN143: 1e-06 | CO143: 1349.367 | CP143: 1e-06 | CQ143: 1e-06 | CR143: 1e-06 | CS143: 1e-06 | CT143: 1e-06 | CU143: 1504.965 | CV143: 1e-06 | CW143: 1e-06 | CX143: 4896.3014 | CY143: 1e-06 | CZ143: 1e-06 | DA143: 1256.524 | DB143: 2691.5404 | DC143: 1e-06 | DD143: 1e-06 | DE143: 1e-06 | DF143: 3998.27 | DG143: 1e-06 | DH143: 1e-06 | DI143: 1e-06 | DJ143: 1e-06 | DK143: 1e-06 | DL143: 1e-06 | DM143: 1e-06 | DN143: 1651.822 | DO143: 1e-06 | DP143: 1e-06 | DQ143: 1e-06 | DR143: 1e-06 | DS143: 1e-06 | DT143: 1e-06 | DU143: 1e-06 | DV143: 1714.552 | DW143: 1e-06 | DX143: 1e-06 | DY143: 3645.925 | DZ143: 1e-06 | EA143: 1e-06 | EB143: 1e-06 | EC143: 1656.4936 | ED143: 1e-06 | EE143: 1e-06 | EF143: 1e-06 | EG143: 1e-06 | EH143: 1e-06 | EI143: 1e-06 | EJ143: 1e-06 | EK143: 2157.855 | EL143: 2229.848 | EM143: 1e-06 | EN143: 1001.166 | EO143: 1e-06 | EP143: 1e-06 | EQ143: 1e-06 | ER143: 1e-06 | ES143: 1e-06 | ET143: 1e-06 | EU143: 1e-06 | EV143: 1e-06 | EW143: 1942.682 | EX143: 1e-06 | EY143: 1e-06 | EZ143: 1e-06 | FA143: 3990.3423 | FB143: 1586.298 | FC143: 1e-06 | FD143: 1e-06 | FE143: 1e-06 | FF143: 1e-06 | FG143: 1e-06 | FH143: 1e-06 | FI143: 1901.431 | FJ143: 1e-06 | FK143: 1e-06 | FL143: 1e-06 | FM143: 1e-06 | FN143: 1e-06 | FO143: 1e-06 | FP143: 1e-06 | FQ143: 1e-06 | FR143: 1e-06 | FS143: 1e-06 | FT143: 1e-06 | FU143: 1e-06 | FV143: 1e-06 | FW143: 1e-06 | FX143: 1e-06 | FY143: 1e-06 | FZ143: 1135.756 | GA143: 1e-06 | GB143: 1e-06 | GC143: 1e-06 | GD143: 1e-06 | GE143: 1e-06 | GF143: 1e-06 | GG143: 1e-06 | GH143: 1e-06 | GI143: 1e-06
... A169: TG | B169: TG 58:9 | C169: 946.7858 | F169: 1e-06 | G169: 1e-06 | H169: 1e-06 | I169: 1e-06 | J169: 1e-06 | K169: 1e-06 | L169: 1e-06 | M169: 1e-06 | N169: 1e-06 | O169: 1e-06 | P169: 1e-06 | Q169: 1e-06 | R169: 1e-06 | S169: 2862.574 | T169: 1e-06 | U169: 1e-06 | V169: 1e-06 | W169: 1e-06 | X169: 1e-06 | Y169: 1e-06 | Z169: 1e-06 | AA169: 1e-06 | AB169: 1e-06 | AC169: 1e-06 | AD169: 1155.851 | AE169: 1e-06 | AF169: 1e-06 | AG169: 1295.802 | AH169: 1e-06 | AI169: 1e-06 | AJ169: 1e-06 | AK169: 1e-06 | AL169: 1e-06 | AM169: 1e-06 | AN169: 1e-06 | AO169: 1e-06 | AP169: 1e-06 | AQ169: 1e-06 | AR169: 1e-06 | AS169: 1e-06 | AT169: 1e-06 | AU169: 1e-06 | AV169: 1e-06 | AW169: 1e-06 | AX169: 1e-06 | AY169: 1e-06 | AZ169: 1e-06 | BA169: 1e-06 | BB169: 1e-06 | BC169: 2896.597 | BD169: 1e-06 | BE169: 1e-06 | BF169: 1e-06 | BG169: 1e-06 | BH169: 1371.024 | BI169: 1e-06 | BJ169: 1e-06 | BK169: 1e-06 | BL169: 1e-06 | BM169: 1e-06 | BN169: 1e-06 | BO169: 1e-06 | BP169: 1841.245 | BQ169: 1e-06 | BR169: 1e-06 | BS169: 1e-06 | BT169: 1e-06 | BU169: 1e-06 | BV169: 1e-06 | BW169: 1e-06 | BX169: 1e-06 | BY169: 1500.646 | BZ169: 1e-06 | CA169: 1e-06 | CB169: 1e-06 | CC169: 1028.943 | CD169: 1e-06 | CE169: 1e-06 | CF169: 1e-06 | CG169: 1e-06 | CH169: 1e-06 | CI169: 1572.549 | CJ169: 1e-06 | CK169: 1e-06 | CL169: 1e-06 | CM169: 1e-06 | CN169: 1e-06 | CO169: 1e-06 | CP169: 1e-06 | CQ169: 1e-06 | CR169: 1e-06 | CS169: 1e-06 | CT169: 1e-06 | CU169: 1067.5 | CV169: 1e-06 | CW169: 1e-06 | CX169: 1429.145 | CY169: 1e-06 | CZ169: 1e-06 | DA169: 1621.164 | DB169: 1e-06 | DC169: 1e-06 | DD169: 1e-06 | DE169: 1e-06 | DF169: 1e-06 | DG169: 1e-06 | DH169: 1e-06 | DI169: 1e-06 | DJ169: 1e-06 | DK169: 1e-06 | DL169: 1e-06 | DM169: 1e-06 | DN169: 1e-06 | DO169: 1e-06 | DP169: 1e-06 | DQ169: 1e-06 | DR169: 1e-06 | DS169: 1e-06 | DT169: 1e-06 | DU169: 1e-06 | DV169: 1e-06 | DW169: 1e-06 | DX169: 1e-06 | DY169: 1e-06 | DZ169: 1e-06 | EA169: 1e-06 | EB169: 1233.093 | EC169: 1e-06 | ED169: 1192.243 | EE169: 1e-06 | EF169: 1e-06 | EG169: 1e-06 | EH169: 1e-06 | EI169: 1e-06 | EJ169: 1e-06 | EK169: 1e-06 | EL169: 1e-06 | EM169: 1e-06 | EN169: 1e-06 | EO169: 1e-06 | EP169: 1e-06 | EQ169: 1e-06 | ER169: 1989.388 | ES169: 1e-06 | ET169: 1e-06 | EU169: 1e-06 | EV169: 1e-06 | EW169: 1e-06 | EX169: 1e-06 | EY169: 1e-06 | EZ169: 1e-06 | FA169: 1463.658 | FB169: 1e-06 | FC169: 1e-06 | FD169: 1e-06 | FE169: 1e-06 | FF169: 1e-06 | FG169: 1e-06 | FH169: 1e-06 | FI169: 1e-06 | FJ169: 1e-06 | FK169: 1e-06 | FL169: 1e-06 | FM169: 1e-06 | FN169: 1e-06 | FO169: 1e-06 | FP169: 1e-06 | FQ169: 1e-06 | FR169: 1e-06 | FS169: 1e-06 | FT169: 1e-06 | FU169: 1e-06 | FV169: 1e-06 | FW169: 1e-06 | FX169: 1e-06 | FY169: 1e-06 | FZ169: 1e-06 | GA169: 1e-06 | GB169: 1e-06 | GC169: 1e-06 | GD169: 1e-06 | GE169: 1e-06 | GF169: 1e-06 | GG169: 1e-06 | GH169: 1e-06 | GI169: 1e-06
A170: FA | B170: FA 14:0 | C170: 227.20153 | D170: 3.1105 | E170: 0.0216 | F170: 1270 | G170: 1131 | H170: 807.9 | I170: 774.1 | J170: 1659 | K170: 735.4 | L170: 613.5 | M170: 1631 | N170: 1793 | O170: 1649 | P170: 1594 | Q170: 832.5 | R170: 730.4 | S170: 1092 | T170: 2149 | U170: 1007 | V170: 1181 | W170: 1088 | X170: 1245 | Y170: 642.9 | Z170: 1383 | AA170: 727.1 | AB170: 1303 | AC170: 1481 | AD170: 1487 | AE170: 640.5 | AF170: 1394 | AG170: 1e-06 | AH170: 1006 | AI170: 770.8 | AJ170: 847.8 | AK170: 1010 | AL170: 1599 | AM170: 4164 | AN170: 1252 | AO170: 826 | AP170: 2078 | AQ170: 1183 | AR170: 601.1 | AS170: 1187 | AT170: 764.7 | AU170: 1001 | AV170: 1342 | AW170: 956.8 | AX170: 906.5 | AY170: 870.3 | AZ170: 849.6 | BA170: 682.9 | BB170: 902.5 | BC170: 1038 | BD170: 885.7 | BE170: 1404 | BF170: 1132 | BG170: 778.8 | BH170: 1301 | BI170: 1050 | BJ170: 993.9 | BK170: 2059 | BL170: 1995 | BM170: 1842 | BN170: 1917 | BO170: 605 | BP170: 1458 | BQ170: 1620 | BR170: 3108 | BS170: 2051 | BT170: 3431 | BU170: 1913 | BV170: 1699 | BW170: 526.6 | BX170: 816.7 | BY170: 646.4 | BZ170: 1086 | CA170: 624.2 | CB170: 1072 | CC170: 573.3 | CD170: 1297 | CE170: 555.1 | CF170: 1170 | CG170: 1291 | CH170: 1192 | CI170: 1260 | CJ170: 1498 | CK170: 793.7 | CL170: 732.2 | CM170: 569.4 | CN170: 509.1 | CO170: 1e-06 | CP170: 547.2 | CQ170: 809.3 | CR170: 651.7 | CS170: 891.6 | CT170: 1305 | CU170: 867.8 | CV170: 650.2 | CW170: 1950 | CX170: 641.2 | CY170: 563 | CZ170: 1885 | DA170: 1806 | DB170: 1e-06 | DC170: 1e-06 | DD170: 1928 | DE170: 796.8 | DF170: 941.3 | DG170: 574.2 | DH170: 741.4 | DI170: 925 | DJ170: 616.4 | DK170: 611.2 | DL170: 630.3 | DM170: 2010 | DN170: 766.8 | DO170: 1e-06 | DP170: 1912 | DQ170: 822.9 | DR170: 737.2 | DS170: 1e-06 | DT170: 1579 | DU170: 852.7 | DV170: 937.4 | DW170: 1012 | DX170: 771.3 | DY170: 759.1 | DZ170: 736.6 | EA170: 983.5 | EB170: 675 | EC170: 3014 | ED170: 684.1 | EE170: 1125 | EF170: 838 | EG170: 1320 | EH170: 1e-06 | EI170: 1583 | EJ170: 1233 | EK170: 1070 | EL170: 1227 | EM170: 2101 | EN170: 1019 | EO170: 907.5 | EP170: 1066 | EQ170: 1188 | ER170: 757 | ES170: 745 | ET170: 816.5 | EU170: 899.8 | EV170: 1077 | EW170: 997.2 | EX170: 836.8 | EY170: 1539 | EZ170: 1435 | FA170: 963.4 | FB170: 2535 | FC170: 1726 | FD170: 734.8 | FE170: 986.3 | FF170: 871 | FG170: 956.3 | FH170: 1080 | FI170: 1475 | FJ170: 1073 | FK170: 1177 | FL170: 1095 | FM170: 712.5 | FN170: 539.1 | FO170: 1156 | FP170: 2431 | FQ170: 678.2 | FR170: 701.8 | FS170: 599.3 | FT170: 675.4 | FU170: 1e-06 | FV170: 1e-06 | FW170: 1568 | FX170: 1599 | FY170: 1313 | FZ170: 964.4 | GA170: 1006 | GB170: 939.7 | GC170: 1386 | GD170: 1553 | GE170: 1479 | GF170: 1464 | GG170: 1274 | GH170: 1e-06 | GI170: 1e-06
A171: FA | B171: FA 16:0 | C171: 255.23312 | D171: 3.126 | E171: 0.0215 | F171: 30570.681 | G171: 22470.528 | H171: 9649.4403 | I171: 24381.894 | J171: 37675.073 | K171: 10983.51 | L171: 14180.245 | M171: 24368.333 | N171: 48715.542 | O171: 38873.666 | P171: 35352.575 | Q171: 16663.098 | R171: 19977.394 | S171: 38561.264 | T171: 61318.693 | U171: 26158.969 | V171: 32697.138 | W171: 27459.029 | X171: 20243.867 | Y171: 15856.475 | Z171: 39764.432 | AA171: 16533.454 | AB171: 29330.997 | AC171: 40513.473 | AD171: 44226.575 | AE171: 16119.402 | AF171: 16872.815 | AG171: 8364 | AH171: 21587.076 | AI171: 12448.05 | AJ171: 14023.172 | AK171: 18553.416 | AL171: 34926.403 | AM171: 37075.485 | AN171: 10699.889 | AO171: 22680.226 | AP171: 68925.918 | AQ171: 14726.117 | AR171: 11684.335 | AS171: 21830.04 | AT171: 23918.407 | AU171: 17908.896 | AV171: 35268.562 | AW171: 25275.802 | AX171: 17502.648 | AY171: 9382.9611 | AZ171: 14544.88 | BA171: 17330.116 | BB171: 15029.383 | BC171: 24694.863 | BD171: 27080.209 | BE171: 33450.23 | BF171: 19560.208 | BG171: 15670.545 | BH171: 41060.42 | BI171: 36203.643 | BJ171: 15722.797 | BK171: 25414.018 | BL171: 83388.133 | BM171: 53200.907 | BN171: 31866.308 | BO171: 18348.388 | BP171: 44146.518 | BQ171: 31071.207 | BR171: 46463.652 | BS171: 29780.362 | BT171: 63690.554 | BU171: 36017.529 | BV171: 23173.306 | BW171: 10419.326 | BX171: 19218.445 | BY171: 14943.473 | BZ171: 26066.737 | CA171: 9051.4042 | CB171: 27091.261 | CC171: 12534.242 | CD171: 25663.568 | CE171: 6211 | CF171: 26120.266 | CG171: 33871.299 | CH171: 29075.593 | CI171: 29228.314 | CJ171: 39333.14 | CK171: 26526.381 | CL171: 16201.939 | CM171: 9102.9031 | CN171: 8854.7522 | CO171: 8157.4526 | CP171: 8687.7509 | CQ171: 11483.689 | CR171: 16231.796 | CS171: 18947.432 | CT171: 26525.894 | CU171: 16130.151 | CV171: 12607.712 | CW171: 62896.239 | CX171: 12275.873 | CY171: 10440.012 | CZ171: 42017.95 | DA171: 41368.246 | DB171: 5802.8318 | DC171: 7473 | DD171: 49801.418 | DE171: 29525.669 | DF171: 21098.088 | DG171: 11377.825 | DH171: 11950.921 | DI171: 20402.779 | DJ171: 8468.1093 | DK171: 9626 | DL171: 25761.166 | DM171: 70554.193 | DN171: 14563.247 | DO171: 5629 | DP171: 39382.186 | DQ171: 26161.353 | DR171: 20029.327 | DS171: 9047 | DT171: 46120.214 | DU171: 27491.88 | DV171: 16665.33 | DW171: 19049.027 | DX171: 20120.115 | DY171: 15908.669 | DZ171: 18526.324 | EA171: 21201.784 | EB171: 20789.141 | EC171: 49801.004 | ED171: 13672.74 | EE171: 32426.309 | EF171: 26931.523 | EG171: 37043.7 | EH171: 4535 | EI171: 45580.157 | EJ171: 30894.807 | EK171: 11571.446 | EL171: 17552.234 | EM171: 46591.883 | EN171: 14210.602 | EO171: 14029.728 | EP171: 19718.595 | EQ171: 36273.664 | ER171: 21445.293 | ES171: 16133.509 | ET171: 13489.645 | EU171: 11871.089 | EV171: 19158.709 | EW171: 21579.383 | EX171: 14604.373 | EY171: 45535.014 | EZ171: 60781.881 | FA171: 22732.535 | FB171: 37617.453 | FC171: 44222.316 | FD171: 22344.75 | FE171: 20068.313 | FF171: 31217.751 | FG171: 19415.067 | FH171: 23122.347 | FI171: 26359.91 | FJ171: 15719.945 | FK171: 33129.536 | FL171: 29770.698 | FM171: 16953.698 | FN171: 11050 | FO171: 33956.122 | FP171: 40326.797 | FQ171: 14278.2 | FR171: 10666.443 | FS171: 4533 | FT171: 5072 | FU171: 4038 | FV171: 3962 | FW171: 33313.025 | FX171: 32318.297 | FY171: 28954.919 | FZ171: 21348.539 | GA171: 20827.02 | GB171: 21513.718 | GC171: 28234.357 | GD171: 28471.73 | GE171: 29601.036 | GF171: 17293.773 | GG171: 10139.419 | GH171: 3151 | GI171: 2597
A172: FA | B172: FA 16:1 | C172: 253.21747 | D172: 3.1471 | E172: 0.0216 | F172: 6360 | G172: 3703 | H172: 1469 | I172: 965.1 | J172: 8791 | K172: 1412 | L172: 1586 | M172: 2754 | N172: 8766 | O172: 9399 | P172: 5726 | Q172: 2500 | R172: 2804 | S172: 7928 | T172: 7532 | U172: 1654 | V172: 10280 | W172: 5382 | X172: 2992 | Y172: 2320 | Z172: 4561 | AA172: 2481 | AB172: 3678 | AC172: 3013 | AD172: 9777 | AE172: 2697 | AF172: 1449 | AG172: 1e-06 | AH172: 3354 | AI172: 1170 | AJ172: 1430 | AK172: 1417 | AL172: 6055 | AM172: 8236 | AN172: 2138 | AO172: 1587 | AP172: 9812 | AQ172: 1273 | AR172: 835 | AS172: 3196 | AT172: 1684 | AU172: 3790 | AV172: 7539 | AW172: 5021 | AX172: 2524 | AY172: 641.7 | AZ172: 1872 | BA172: 3725 | BB172: 2165 | BC172: 4005 | BD172: 3720 | BE172: 5318 | BF172: 2121 | BG172: 1037 | BH172: 8506 | BI172: 3537 | BJ172: 1983 | BK172: 4050 | BL172: 10760 | BM172: 7947 | BN172: 4994 | BO172: 1685 | BP172: 8714 | BQ172: 7931 | BR172: 14730 | BS172: 6910 | BT172: 12230 | BU172: 7061 | BV172: 5154 | BW172: 1635 | BX172: 2748 | BY172: 2480 | BZ172: 2306 | CA172: 991.2 | CB172: 5263 | CC172: 1906 | CD172: 3541 | CE172: 1e-06 | CF172: 4250 | CG172: 5261 | CH172: 2367 | CI172: 2755 | CJ172: 8361 | CK172: 2325 | CL172: 962.7 | CM172: 751.4 | CN172: 2092 | CO172: 508.9 | CP172: 546.3 | CQ172: 869.4 | CR172: 970.3 | CS172: 2269 | CT172: 2884 | CU172: 1058 | CV172: 1188 | CW172: 12460 | CX172: 1286 | CY172: 532.4 | CZ172: 16100 | DA172: 11820 | DB172: 808.5 | DC172: 1e-06 | DD172: 13250 | DE172: 3962 | DF172: 2234 | DG172: 1182 | DH172: 1550 | DI172: 3050 | DJ172: 580.5 | DK172: 1e-06 | DL172: 3136 | DM172: 10970 | DN172: 1426 | DO172: 1e-06 | DP172: 11610 | DQ172: 3126 | DR172: 3234 | DS172: 1e-06 | DT172: 9583 | DU172: 4697 | DV172: 1848 | DW172: 3250 | DX172: 2659 | DY172: 1137 | DZ172: 1795 | EA172: 2037 | EB172: 4310 | EC172: 11140 | ED172: 1453 | EE172: 5527 | EF172: 3650 | EG172: 5133 | EH172: 1e-06 | EI172: 8520 | EJ172: 4541 | EK172: 1522 | EL172: 2013 | EM172: 8428 | EN172: 2100 | EO172: 547.5 | EP172: 2207 | EQ172: 6201 | ER172: 2916 | ES172: 879 | ET172: 1618 | EU172: 1008 | EV172: 4333 | EW172: 2165 | EX172: 1899 | EY172: 5063 | EZ172: 5230 | FA172: 2530 | FB172: 4933 | FC172: 9471 | FD172: 3478 | FE172: 2222 | FF172: 2785 | FG172: 1862 | FH172: 2007 | FI172: 4802 | FJ172: 1602 | FK172: 6421 | FL172: 4227 | FM172: 1935 | FN172: 1e-06 | FO172: 6603 | FP172: 6034 | FQ172: 1162 | FR172: 722.6 | FS172: 1e-06 | FT172: 1e-06 | FU172: 1e-06 | FV172: 1e-06 | FW172: 5169 | FX172: 4888 | FY172: 4535 | FZ172: 3276 | GA172: 3357 | GB172: 3533 | GC172: 4565 | GD172: 4705 | GE172: 4742 | GF172: 2464 | GG172: 1097 | GH172: 1e-06 | GI172: 1e-06
A173: FA | B173: FA 17:0 | C173: 269.24905 | D173: 3.1332 | E173: 0.0215 | F173: 17780 | G173: 25620 | H173: 15720 | I173: 18670 | J173: 23140 | K173: 10190 | L173: 12660 | M173: 23160 | N173: 16560 | O173: 18330 | P173: 22810 | Q173: 18700 | R173: 14280 | S173: 13760 | T173: 15980 | U173: 18250 | V173: 13820 | W173: 21170 | X173: 21160 | Y173: 13780 | Z173: 25500 | AA173: 12610 | AB173: 18200 | AC173: 25870 | AD173: 17020 | AE173: 14880 | AF173: 22890 | AG173: 17380 | AH173: 15520 | AI173: 18360 | AJ173: 16950 | AK173: 23100 | AL173: 21076.6 | AM173: 20130 | AN173: 16100 | AO173: 23350 | AP173: 22440 | AQ173: 25690 | AR173: 12770 | AS173: 19280 | AT173: 17460 | AU173: 27330 | AV173: 21950 | AW173: 18060 | AX173: 18750 | AY173: 15020 | AZ173: 18820 | BA173: 14290 | BB173: 15950 | BC173: 31800 | BD173: 13950 | BE173: 22620 | BF173: 17810 | BG173: 19740 | BH173: 14910 | BI173: 14750 | BJ173: 18050 | BK173: 19250 | BL173: 20650 | BM173: 16450 | BN173: 15100 | BO173: 18680 | BP173: 16120 | BQ173: 24960 | BR173: 15080 | BS173: 25330 | BT173: 20860 | BU173: 12020 | BV173: 15640 | BW173: 10730 | BX173: 17120 | BY173: 19210 | BZ173: 17800 | CA173: 13510 | CB173: 13320 | CC173: 16840 | CD173: 16860 | CE173: 15920 | CF173: 18920 | CG173: 22040 | CH173: 21340 | CI173: 26230 | CJ173: 17890 | CK173: 14330 | CL173: 19380 | CM173: 20450 | CN173: 15410 | CO173: 13800 | CP173: 20280 | CQ173: 11700 | CR173: 12850 | CS173: 23900 | CT173: 23510 | CU173: 27340 | CV173: 17850 | CW173: 21850 | CX173: 25100 | CY173: 21270 | CZ173: 11410 | DA173: 19050 | DB173: 9591 | DC173: 18810 | DD173: 22070 | DE173: 24670 | DF173: 18350 | DG173: 17110 | DH173: 17790 | DI173: 15490 | DJ173: 17110 | DK173: 18040 | DL173: 20410 | DM173: 27650 | DN173: 15640 | DO173: 15970 | DP173: 19100 | DQ173: 16620 | DR173: 17040 | DS173: 10950 | DT173: 11350 | DU173: 12580 | DV173: 17180 | DW173: 28610 | DX173: 14830 | DY173: 17350 | DZ173: 22210 | EA173: 29140 | EB173: 23460 | EC173: 17510 | ED173: 20660 | EE173: 20940 | EF173: 19730 | EG173: 20910 | EH173: 8571 | EI173: 17760 | EJ173: 15000 | EK173: 14610 | EL173: 19200 | EM173: 20000 | EN173: 19550 | EO173: 22870 | EP173: 21790 | EQ173: 18420 | ER173: 16590 | ES173: 24560 | ET173: 16960 | EU173: 18300 | EV173: 21740 | EW173: 28200 | EX173: 17260 | EY173: 22830 | EZ173: 18930 | FA173: 23750 | FB173: 20140 | FC173: 17370 | FD173: 12750 | FE173: 17790 | FF173: 35000 | FG173: 14050 | FH173: 17010 | FI173: 16130 | FJ173: 17990 | FK173: 25770 | FL173: 25390 | FM173: 16160 | FN173: 22250 | FO173: 22280 | FP173: 27840 | FQ173: 17330 | FR173: 23560 | FS173: 31390 | FT173: 1e-06 | FU173: 30740 | FV173: 1e-06 | FW173: 24140 | FX173: 23450 | FY173: 21110 | FZ173: 15330 | GA173: 15700 | GB173: 15900 | GC173: 21240 | GD173: 21380 | GE173: 21330 | GF173: 10770 | GG173: 4953 | GH173: 998.6 | GI173: 44450
A174: FA | B174: FA 18:0 | C174: 283.26391 | D174: 3.1402 | E174: 0.0215 | F174: 11133.386 | G174: 7828.7709 | H174: 3523.2397 | I174: 8963.5518 | J174: 8864.0125 | K174: 5418.4321 | L174: 6484.8217 | M174: 10387.097 | N174: 16199.182 | O174: 10764.373 | P174: 15384.267 | Q174: 5809.4037 | R174: 10026.21 | S174: 11223.252 | T174: 10455.946 | U174: 8653.0523 | V174: 8989.1903 | W174: 9780.9296 | X174: 7797.7341 | Y174: 5447.654 | Z174: 18927.04 | AA174: 7182.9097 | AB174: 10057.523 | AC174: 15318.978 | AD174: 13587.442 | AE174: 6244.5823 | AF174: 7156.5838 | AG174: 3719.9957 | AH174: 9114.3575 | AI174: 6205.6896 | AJ174: 5642.4326 | AK174: 7858.8765 | AL174: 11946.365 | AM174: 9343.3904 | AN174: 3423.3714 | AO174: 10029.613 | AP174: 13516.941 | AQ174: 6646.7666 | AR174: 4645.6812 | AS174: 7075.2264 | AT174: 8064.5992 | AU174: 7585.2688 | AV174: 16651.2 | AW174: 8222.2306 | AX174: 7578.2196 | AY174: 4170.7402 | AZ174: 5394.4852 | BA174: 5060.6481 | BB174: 5733.1322 | BC174: 11669.972 | BD174: 7966.9682 | BE174: 12270.485 | BF174: 6730.2859 | BG174: 7012.8716 | BH174: 12146.592 | BI174: 11207.377 | BJ174: 5986.2253 | BK174: 6972.5143 | BL174: 32295.481 | BM174: 14548.812 | BN174: 13228.062 | BO174: 6978.8704 | BP174: 13653.101 | BQ174: 11336.133 | BR174: 11600.999 | BS174: 9731.2567 | BT174: 21611.641 | BU174: 15811.426 | BV174: 7591.9703 | BW174: 3828.2067 | BX174: 6884.358 | BY174: 6096.8974 | BZ174: 8417.8204 | CA174: 3425.728 | CB174: 9157.8995 | CC174: 4575.9776 | CD174: 7482.2088 | CE174: 2794.3043 | CF174: 9332.0892 | CG174: 10553.324 | CH174: 10170.513 | CI174: 10353.365 | CJ174: 15247.549 | CK174: 10051.827 | CL174: 6097.4175 | CM174: 4536.1116 | CN174: 3535.2033 | CO174: 4160.2358 | CP174: 4118.3068 | CQ174: 3521.662 | CR174: 9255.5222 | CS174: 8244.4811 | CT174: 8911.3077 | CU174: 8666.3634 | CV174: 6342.9571 | CW174: 17488.227 | CX174: 6877.0024 | CY174: 5452.2094 | CZ174: 18185.555 | DA174: 12832.543 | DB174: 2175.0577 | DC174: 3572.324 | DD174: 16299.926 | DE174: 11570.971 | DF174: 7040.4998 | DG174: 5261.4537 | DH174: 5927.9486 | DI174: 7203.4412 | DJ174: 4397.0792 | DK174: 4725.1911 | DL174: 11458.788 | DM174: 27515.653 | DN174: 5651.0074 | DO174: 3014.447 | DP174: 13133.017 | DQ174: 11458.09 | DR174: 7525.9261 | DS174: 3337.9098 | DT174: 11198.582 | DU174: 8019.955 | DV174: 5033.1528 | DW174: 8711.1293 | DX174: 6778.0217 | DY174: 5694.1466 | DZ174: 7280.4493 | EA174: 12051.91 | EB174: 16704.505 | EC174: 7393.3253 | ED174: 6035.9485 | EE174: 12583.141 | EF174: 10349.073 | EG174: 9350.1047 | EH174: 1896.0496 | EI174: 14324.331 | EJ174: 11002.921 | EK174: 4936.4601 | EL174: 6490.9204 | EM174: 14243.176 | EN174: 5356.6344 | EO174: 5827.6395 | EP174: 6794.9047 | EQ174: 13890.513 | ER174: 9233.1228 | ES174: 6536.8159 | ET174: 5410.5748 | EU174: 5594.6742 | EV174: 8171.724 | EW174: 9986.5486 | EX174: 6588.1257 | EY174: 20492.475 | EZ174: 18896.767 | FA174: 9968.5038 | FB174: 11734.947 | FC174: 9951.3891 | FD174: 7261.9556 | FE174: 7742.7856 | FF174: 12542 | FG174: 7273.6191 | FH174: 8071.1268 | FI174: 5127.2262 | FJ174: 4567.6775 | FK174: 14482.655 | FL174: 15354.115 | FM174: 5681.5169 | FN174: 7820.554 | FO174: 11580.858 | FP174: 13179.698 | FQ174: 5057.4318 | FR174: 4598.3193 | FS174: 2941.4033 | FT174: 3134 | FU174: 2795 | FV174: 2833 | FW174: 12234.982 | FX174: 11829.532 | FY174: 10871.27 | FZ174: 7788.7404 | GA174: 7701.2445 | GB174: 7782.2676 | GC174: 7188.6151 | GD174: 8663.5664 | GE174: 10320.583 | GF174: 6639.4117 | GG174: 4119.9058 | GH174: 1549.2106 | GI174: 2091
A175: FA | B175: FA 18:1 | C175: 281.2488 | D175: 3.1542 | E175: 0.0215 | F175: 67019.212 | G175: 41715.58 | H175: 13686.447 | I175: 36808.334 | J175: 78405.83 | K175: 13458.501 | L175: 16777.838 | M175: 32613.86 | N175: 109348.27 | O175: 96828.253 | P175: 59078.414 | Q175: 28254.231 | R175: 35725.808 | S175: 126729.8 | T175: 127928.56 | U175: 36786.366 | V175: 84324.599 | W175: 56590.897 | X175: 28195.825 | Y175: 29121.255 | Z175: 47542.554 | AA175: 32183.068 | AB175: 41814.249 | AC175: 73358.786 | AD175: 117765.77 | AE175: 29695.108 | AF175: 21178.338 | AG175: 9614.4098 | AH175: 40197.207 | AI175: 20339.583 | AJ175: 23687.307 | AK175: 24501.927 | AL175: 91911.74 | AM175: 83262.202 | AN175: 12451.45 | AO175: 37332.446 | AP175: 191979.7 | AQ175: 19370.386 | AR175: 13623.167 | AS175: 44549.117 | AT175: 37157.457 | AU175: 31464.894 | AV175: 70627.183 | AW175: 47665.872 | AX175: 27823.309 | AY175: 8747.6142 | AZ175: 23816.698 | BA175: 35135.887 | BB175: 18300.723 | BC175: 40828.732 | BD175: 62735.282 | BE175: 78999.673 | BF175: 35722.497 | BG175: 20682.795 | BH175: 117803.07 | BI175: 91428.272 | BJ175: 18999.046 | BK175: 39356.212 | BL175: 212238.05 | BM175: 136582.87 | BN175: 57594.812 | BO175: 30209.266 | BP175: 103469.16 | BQ175: 64703.589 | BR175: 114097.56 | BS175: 37699.303 | BT175: 129873.6 | BU175: 82470.432 | BV175: 37536.273 | BW175: 16804.835 | BX175: 35894.931 | BY175: 30471.487 | BZ175: 43118.224 | CA175: 14850.328 | CB175: 58918.949 | CC175: 23970.682 | CD175: 39106.222 | CE175: 5781.5133 | CF175: 49076.896 | CG175: 59558.828 | CH175: 50463.103 | CI175: 44191.842 | CJ175: 72104.495 | CK175: 39869.288 | CL175: 24609.878 | CM175: 9916.6248 | CN175: 16453.781 | CO175: 6794.2347 | CP175: 9820.2521 | CQ175: 14897.125 | CR175: 17756.798 | CS175: 36065.131 | CT175: 43096.829 | CU175: 18861.282 | CV175: 18703.517 | CW175: 186655.17 | CX175: 15145.584 | CY175: 11229.346 | CZ175: 154725.08 | DA175: 142565.13 | DB175: 8953.1792 | DC175: 5956.2528 | DD175: 147070.09 | DE175: 72393.286 | DF175: 34044.885 | DG175: 17276.898 | DH175: 20416.012 | DI175: 38613.114 | DJ175: 12508.179 | DK175: 11449.655 | DL175: 49221.801 | DM175: 268862.19 | DN175: 24188.879 | DO175: 6653.2615 | DP175: 111374.92 | DQ175: 74714.8 | DR175: 31743.34 | DS175: 11462.004 | DT175: 101472.53 | DU175: 57379.993 | DV175: 21021.655 | DW175: 24446.93 | DX175: 41046.062 | DY175: 22909.651 | DZ175: 34442.205 | EA175: 31963.536 | EB175: 36678.67 | EC175: 76153.169 | ED175: 16245.462 | EE175: 67907.978 | EF175: 43941.223 | EG175: 68919.264 | EH175: 4343.9779 | EI175: 138096.59 | EJ175: 61332.524 | EK175: 15081.591 | EL175: 23051.282 | EM175: 89417.703 | EN175: 21132.213 | EO175: 17400.441 | EP175: 31524.776 | EQ175: 94363.674 | ER175: 38495.39 | ES175: 23099.77 | ET175: 20388.52 | EU175: 13228.37 | EV175: 39566.512 | EW175: 35271.955 | EX175: 24798.293 | EY175: 120178.86 | EZ175: 140623.7 | FA175: 31674.078 | FB175: 67828.682 | FC175: 136469.72 | FD175: 38941.737 | FE175: 34120.138 | FF175: 57860.902 | FG175: 28595.98 | FH175: 37617.203 | FI175: 27164.508 | FJ175: 11296.597 | FK175: 82855.47 | FL175: 57329.089 | FM175: 30619.892 | FN175: 16043.281 | FO175: 69325.218 | FP175: 75961.206 | FQ175: 23555.639 | FR175: 13507.352 | FS175: 553 | FT175: 1e-06 | FU175: 1e-06 | FV175: 1e-06 | FW175: 55534.975 | FX175: 52262.201 | FY175: 46917.82 | FZ175: 39390.189 | GA175: 40289.968 | GB175: 41781.575 | GC175: 58975.333 | GD175: 49143.749 | GE175: 53533.086 | GF175: 29175.789 | GG175: 13306.002 | GH175: 3371.0964 | GI175: 1e-06
A176: FA | B176: FA 18:2 | C176: 279.23322 | D176: 3.1843 | E176: 0.0215 | F176: 22925.165 | G176: 12080 | H176: 3678 | I176: 14600 | J176: 28796.688 | K176: 4468 | L176: 4057 | M176: 13036.115 | N176: 33091.296 | O176: 34852.846 | P176: 20759.298 | Q176: 13460 | R176: 12070 | S176: 38306.19 | T176: 38361.065 | U176: 17327.857 | V176: 25769.47 | W176: 20650 | X176: 9428 | Y176: 11390 | Z176: 21457.458 | AA176: 10870 | AB176: 15220 | AC176: 27345.938 | AD176: 36722.814 | AE176: 10340 | AF176: 6236 | AG176: 4428 | AH176: 15530 | AI176: 7942 | AJ176: 9803 | AK176: 10480 | AL176: 27656.122 | AM176: 25434.762 | AN176: 3898 | AO176: 16620 | AP176: 66923.67 | AQ176: 11428.235 | AR176: 7344 | AS176: 15005.714 | AT176: 17720 | AU176: 11670 | AV176: 25655.696 | AW176: 18230 | AX176: 7777.9733 | AY176: 4419 | AZ176: 10270 | BA176: 13387.125 | BB176: 6131 | BC176: 19424.692 | BD176: 22217.793 | BE176: 25105.879 | BF176: 14856.946 | BG176: 8681 | BH176: 35081.183 | BI176: 30009.805 | BJ176: 6645 | BK176: 19975.814 | BL176: 59953.222 | BM176: 40372.021 | BN176: 18716.846 | BO176: 16760 | BP176: 40975.791 | BQ176: 26254.128 | BR176: 52931.641 | BS176: 32605.605 | BT176: 36378.201 | BU176: 27713.697 | BV176: 16451.518 | BW176: 8151 | BX176: 15190 | BY176: 11820 | BZ176: 18566.64 | CA176: 7469 | CB176: 22056.362 | CC176: 8774 | CD176: 16013.552 | CE176: 3455 | CF176: 19065.299 | CG176: 23382.3 | CH176: 21433.308 | CI176: 19287.775 | CJ176: 32377.073 | CK176: 18960 | CL176: 10130 | CM176: 5431 | CN176: 5116 | CO176: 2895 | CP176: 4567 | CQ176: 5409 | CR176: 6744 | CS176: 12540 | CT176: 13785.836 | CU176: 7427 | CV176: 8209 | CW176: 54797.803 | CX176: 5917 | CY176: 7072 | CZ176: 38514.309 | DA176: 41153.063 | DB176: 1929 | DC176: 2454 | DD176: 40934.907 | DE176: 26707.648 | DF176: 10790 | DG176: 7620 | DH176: 9860 | DI176: 15270 | DJ176: 6243 | DK176: 3977 | DL176: 20170 | DM176: 63292.642 | DN176: 7973 | DO176: 3290 | DP176: 31918.016 | DQ176: 24440 | DR176: 8657 | DS176: 4754 | DT176: 32023.235 | DU176: 21130 | DV176: 8291 | DW176: 10700 | DX176: 14700 | DY176: 10140 | DZ176: 15310 | EA176: 12170 | EB176: 9743 | EC176: 25392.198 | ED176: 9444 | EE176: 30462.95 | EF176: 26798.462 | EG176: 26004.318 | EH176: 2246 | EI176: 44170.186 | EJ176: 26741.187 | EK176: 4332 | EL176: 9628 | EM176: 37958.451 | EN176: 7386 | EO176: 7464 | EP176: 14316.439 | EQ176: 27570.972 | ER176: 15610 | ES176: 14976.98 | ET176: 10630 | EU176: 7115 | EV176: 14240 | EW176: 13120 | EX176: 10640 | EY176: 36146.665 | EZ176: 47378.963 | FA176: 10825.526 | FB176: 32632.941 | FC176: 36548.999 | FD176: 14010 | FE176: 13200 | FF176: 21090 | FG176: 8981 | FH176: 15090 | FI176: 7285 | FJ176: 4992 | FK176: 24410.503 | FL176: 21610 | FM176: 11450 | FN176: 7339 | FO176: 26182.392 | FP176: 38684.69 | FQ176: 8996 | FR176: 5399 | FS176: 1e-06 | FT176: 1e-06 | FU176: 1e-06 | FV176: 1e-06 | FW176: 23992.093 | FX176: 22793.589 | FY176: 20785.449 | FZ176: 14958.555 | GA176: 15848.657 | GB176: 15777.945 | GC176: 20894.919 | GD176: 21404.86 | GE176: 21434.019 | GF176: 10310 | GG176: 4578 | GH176: 964.2 | GI176: 1e-06
A177: FA | B177: FA 18:3 | C177: 277.21671 | D177: 3.218 | E177: 0.0144 | F177: 654.8 | G177: 1e-06 | H177: 1e-06 | I177: 1e-06 | J177: 1029 | K177: 1e-06 | L177: 1e-06 | M177: 612.9 | N177: 1267 | O177: 1640 | P177: 913.8 | Q177: 1e-06 | R177: 1e-06 | S177: 1051 | T177: 2160 | U177: 536 | V177: 906.2 | W177: 1e-06 | X177: 1e-06 | Y177: 1e-06 | Z177: 553.6 | AA177: 1e-06 | AB177: 1e-06 | AC177: 620.7 | AD177: 1200 | AE177: 1e-06 | AF177: 1e-06 | AG177: 1e-06 | AH177: 1e-06 | AI177: 1e-06 | AJ177: 1e-06 | AK177: 1e-06 | AL177: 612.6 | AM177: 1114 | AN177: 1e-06 | AO177: 1e-06 | AP177: 2045 | AQ177: 519.3 | AR177: 1e-06 | AS177: 630.6 | AT177: 1e-06 | AU177: 1e-06 | AV177: 631.4 | AW177: 1e-06 | AX177: 575 | AY177: 1e-06 | AZ177: 1e-06 | BA177: 568.3 | BB177: 1e-06 | BC177: 675.7 | BD177: 538.8 | BE177: 623.3 | BF177: 576.2 | BG177: 1e-06 | BH177: 1272 | BI177: 891.4 | BJ177: 1e-06 | BK177: 1509 | BL177: 1182 | BM177: 1235 | BN177: 580.6 | BO177: 1e-06 | BP177: 1510 | BQ177: 1142 | BR177: 4783 | BS177: 2401 | BT177: 1845 | BU177: 1161 | BV177: 2140 | BW177: 1e-06 | BX177: 1e-06 | BY177: 1e-06 | BZ177: 589.7 | CA177: 1e-06 | CB177: 602 | CC177: 1e-06 | CD177: 726 | CE177: 1e-06 | CF177: 648.9 | CG177: 781.3 | CH177: 736.8 | CI177: 981 | CJ177: 1012 | CK177: 1e-06 | CL177: 1e-06 | CM177: 1e-06 | CN177: 1e-06 | CO177: 1e-06 | CP177: 1e-06 | CQ177: 1e-06 | CR177: 1e-06 | CS177: 1e-06 | CT177: 625.2 | CU177: 1e-06 | CV177: 1e-06 | CW177: 2304 | CX177: 1e-06 | CY177: 1e-06 | CZ177: 1134 | DA177: 1189 | DB177: 1e-06 | DC177: 1e-06 | DD177: 1549 | DE177: 545.2 | DF177: 1e-06 | DG177: 1e-06 | DH177: 1e-06 | DI177: 1e-06 | DJ177: 1e-06 | DK177: 1e-06 | DL177: 1e-06 | DM177: 1649 | DN177: 1e-06 | DO177: 1e-06 | DP177: 970.4 | DQ177: 1e-06 | DR177: 1e-06 | DS177: 1e-06 | DT177: 740 | DU177: 1e-06 | DV177: 1e-06 | DW177: 1e-06 | DX177: 1e-06 | DY177: 1e-06 | DZ177: 1e-06 | EA177: 1e-06 | EB177: 1e-06 | EC177: 2110 | ED177: 1e-06 | EE177: 1194 | EF177: 950.7 | EG177: 1575 | EH177: 1e-06 | EI177: 1316 | EJ177: 830.4 | EK177: 1e-06 | EL177: 1e-06 | EM177: 1834 | EN177: 1e-06 | EO177: 1e-06 | EP177: 598.6 | EQ177: 839.9 | ER177: 1e-06 | ES177: 574.7 | ET177: 1e-06 | EU177: 1e-06 | EV177: 1e-06 | EW177: 1e-06 | EX177: 1e-06 | EY177: 1030 | EZ177: 1370 | FA177: 638.9 | FB177: 2960 | FC177: 927 | FD177: 1e-06 | FE177: 1e-06 | FF177: 1e-06 | FG177: 1e-06 | FH177: 1e-06 | FI177: 1e-06 | FJ177: 1e-06 | FK177: 1302 | FL177: 1e-06 | FM177: 1e-06 | FN177: 1e-06 | FO177: 777.2 | FP177: 2000 | FQ177: 1e-06 | FR177: 1e-06 | FS177: 1e-06 | FT177: 1e-06 | FU177: 1e-06 | FV177: 1e-06 | FW177: 790.4 | FX177: 724.4 | FY177: 642.3 | FZ177: 505.2 | GA177: 500.7 | GB177: 532.1 | GC177: 665.7 | GD177: 668.3 | GE177: 705.4 | GF177: 1e-06 | GG177: 1e-06 | GH177: 1e-06 | GI177: 1e-06
A178: FA | B178: FA 20:1 | C178: 309.2801 | D178: 3.1666 | E178: 0.0215 | F178: 622.2 | G178: 1e-06 | H178: 1e-06 | I178: 1e-06 | J178: 624.4 | K178: 1e-06 | L178: 1e-06 | M178: 1e-06 | N178: 796.3 | O178: 545.15894 | P178: 1e-06 | Q178: 1e-06 | R178: 1e-06 | S178: 1107.911 | T178: 847.0793 | U178: 1e-06 | V178: 1e-06 | W178: 1e-06 | X178: 1e-06 | Y178: 1e-06 | Z178: 1e-06 | AA178: 1e-06 | AB178: 1e-06 | AC178: 1e-06 | AD178: 904.47619 | AE178: 1e-06 | AF178: 1e-06 | AG178: 1e-06 | AH178: 1e-06 | AI178: 1e-06 | AJ178: 1e-06 | AK178: 1e-06 | AL178: 673.7 | AM178: 501.5 | AN178: 1e-06 | AO178: 1e-06 | AP178: 1452.7509 | AQ178: 1e-06 | AR178: 1e-06 | AS178: 1e-06 | AT178: 1e-06 | AU178: 1e-06 | AV178: 731.9 | AW178: 1e-06 | AX178: 1e-06 | AY178: 1e-06 | AZ178: 1e-06 | BA178: 1e-06 | BB178: 1e-06 | BC178: 508.1 | BD178: 519 | BE178: 640.75995 | BF178: 1e-06 | BG178: 1e-06 | BH178: 855.08161 | BI178: 721.4 | BJ178: 1e-06 | BK178: 1e-06 | BL178: 1977.6248 | BM178: 1113.4455 | BN178: 1e-06 | BO178: 1e-06 | BP178: 1021.6755 | BQ178: 1e-06 | BR178: 700.3505 | BS178: 1e-06 | BT178: 830.30727 | BU178: 767.81449 | BV178: 1e-06 | BW178: 1e-06 | BX178: 1e-06 | BY178: 1e-06 | BZ178: 1e-06 | CA178: 1e-06 | CB178: 552.6 | CC178: 1e-06 | CD178: 1e-06 | CE178: 1e-06 | CF178: 1e-06 | CG178: 1e-06 | CH178: 1e-06 | CI178: 1e-06 | CJ178: 621.1 | CK178: 1e-06 | CL178: 1e-06 | CM178: 1e-06 | CN178: 1e-06 | CO178: 1e-06 | CP178: 1e-06 | CQ178: 1e-06 | CR178: 1e-06 | CS178: 1e-06 | CT178: 1e-06 | CU178: 1e-06 | CV178: 1e-06 | CW178: 1356.6418 | CX178: 1e-06 | CY178: 1e-06 | CZ178: 1296.5024 | DA178: 1346.9821 | DB178: 1e-06 | DC178: 1e-06 | DD178: 941.89262 | DE178: 657.56258 | DF178: 1e-06 | DG178: 1e-06 | DH178: 1e-06 | DI178: 1e-06 | DJ178: 1e-06 | DK178: 1e-06 | DL178: 1e-06 | DM178: 1961.8401 | DN178: 1e-06 | DO178: 1e-06 | DP178: 799.8 | DQ178: 860.78818 | DR178: 1e-06 | DS178: 1e-06 | DT178: 747.5 | DU178: 1e-06 | DV178: 1e-06 | DW178: 1e-06 | DX178: 1e-06 | DY178: 1e-06 | DZ178: 1e-06 | EA178: 1e-06 | EB178: 1e-06 | EC178: 1e-06 | ED178: 1e-06 | EE178: 1e-06 | EF178: 1e-06 | EG178: 1e-06 | EH178: 1e-06 | EI178: 1286.8886 | EJ178: 505.4 | EK178: 1e-06 | EL178: 1e-06 | EM178: 1e-06 | EN178: 1e-06 | EO178: 1e-06 | EP178: 1e-06 | EQ178: 627.2 | ER178: 1e-06 | ES178: 1e-06 | ET178: 1e-06 | EU178: 1e-06 | EV178: 1e-06 | EW178: 1e-06 | EX178: 1e-06 | EY178: 1279.6732 | EZ178: 1306.082 | FA178: 1e-06 | FB178: 523 | FC178: 634.4 | FD178: 1e-06 | FE178: 1e-06 | FF178: 1e-06 | FG178: 1e-06 | FH178: 573.8 | FI178: 1e-06 | FJ178: 1e-06 | FK178: 547.8 | FL178: 509 | FM178: 1e-06 | FN178: 1e-06 | FO178: 1e-06 | FP178: 564.7 | FQ178: 1e-06 | FR178: 1e-06 | FS178: 1e-06 | FT178: 1e-06 | FU178: 1e-06 | FV178: 1e-06 | FW178: 1e-06 | FX178: 1e-06 | FY178: 1e-06 | FZ178: 1e-06 | GA178: 1e-06 | GB178: 1e-06 | GC178: 1e-06 | GD178: 1e-06 | GE178: 1e-06 | GF178: 1e-06 | GG178: 1e-06 | GH178: 1e-06 | GI178: 1e-06
A179: FA | B179: FA 20:2 | C179: 307.26427 | D179: 3.1944 | E179: 0.0215 | F179: 1e-06 | G179: 1e-06 | H179: 1e-06 | I179: 1e-06 | J179: 1e-06 | K179: 1e-06 | L179: 1e-06 | M179: 1e-06 | N179: 1e-06 | O179: 515.97046 | P179: 1e-06 | Q179: 1e-06 | R179: 1e-06 | S179: 664.72307 | T179: 618.11464 | U179: 1e-06 | V179: 1e-06 | W179: 1e-06 | X179: 1e-06 | Y179: 1e-06 | Z179: 1e-06 | AA179: 1e-06 | AB179: 1e-06 | AC179: 1e-06 | AD179: 530.03558 | AE179: 1e-06 | AF179: 1e-06 | AG179: 1e-06 | AH179: 1e-06 | AI179: 1e-06 | AJ179: 1e-06 | AK179: 1e-06 | AL179: 1e-06 | AM179: 1e-06 | AN179: 1e-06 | AO179: 1e-06 | AP179: 1332.0549 | AQ179: 1e-06 | AR179: 1e-06 | AS179: 1e-06 | AT179: 1e-06 | AU179: 1e-06 | AV179: 1e-06 | AW179: 1e-06 | AX179: 1e-06 | AY179: 1e-06 | AZ179: 1e-06 | BA179: 1e-06 | BB179: 1e-06 | BC179: 1e-06 | BD179: 1e-06 | BE179: 537.98171 | BF179: 1e-06 | BG179: 1e-06 | BH179: 599.65606 | BI179: 1e-06 | BJ179: 1e-06 | BK179: 1e-06 | BL179: 1189.7 | BM179: 608.33422 | BN179: 1e-06 | BO179: 1e-06 | BP179: 1004.1011 | BQ179: 552.62346 | BR179: 542.00381 | BS179: 560.50028 | BT179: 775.10006 | BU179: 550.67665 | BV179: 1e-06 | BW179: 1e-06 | BX179: 1e-06 | BY179: 1e-06 | BZ179: 1e-06 | CA179: 1e-06 | CB179: 1e-06 | CC179: 1e-06 | CD179: 1e-06 | CE179: 1e-06 | CF179: 1e-06 | CG179: 1e-06 | CH179: 1e-06 | CI179: 1e-06 | CJ179: 1e-06 | CK179: 1e-06 | CL179: 1e-06 | CM179: 1e-06 | CN179: 1e-06 | CO179: 1e-06 | CP179: 1e-06 | CQ179: 1e-06 | CR179: 1e-06 | CS179: 1e-06 | CT179: 1e-06 | CU179: 1e-06 | CV179: 1e-06 | CW179: 1078.8348 | CX179: 1e-06 | CY179: 1e-06 | CZ179: 679.73546 | DA179: 662.10681 | DB179: 1e-06 | DC179: 1e-06 | DD179: 661.72203 | DE179: 486.43891 | DF179: 1e-06 | DG179: 1e-06 | DH179: 1e-06 | DI179: 1e-06 | DJ179: 1e-06 | DK179: 1e-06 | DL179: 1e-06 | DM179: 1071.5471 | DN179: 1e-06 | DO179: 1e-06 | DP179: 1e-06 | DQ179: 503.87172 | DR179: 1e-06 | DS179: 1e-06 | DT179: 1e-06 | DU179: 1e-06 | DV179: 1e-06 | DW179: 1e-06 | DX179: 1e-06 | DY179: 1e-06 | DZ179: 1e-06 | EA179: 1e-06 | EB179: 1e-06 | EC179: 1e-06 | ED179: 1e-06 | EE179: 1e-06 | EF179: 1e-06 | EG179: 1e-06 | EH179: 1e-06 | EI179: 775.78481 | EJ179: 1e-06 | EK179: 1e-06 | EL179: 1e-06 | EM179: 1e-06 | EN179: 1e-06 | EO179: 1e-06 | EP179: 1e-06 | EQ179: 1e-06 | ER179: 1e-06 | ES179: 1e-06 | ET179: 1e-06 | EU179: 1e-06 | EV179: 1e-06 | EW179: 1e-06 | EX179: 1e-06 | EY179: 783.70174 | EZ179: 952.41449 | FA179: 1e-06 | FB179: 1e-06 | FC179: 1e-06 | FD179: 1e-06 | FE179: 1e-06 | FF179: 1e-06 | FG179: 1e-06 | FH179: 1e-06 | FI179: 1e-06 | FJ179: 1e-06 | FK179: 1e-06 | FL179: 1e-06 | FM179: 1e-06 | FN179: 1e-06 | FO179: 1e-06 | FP179: 1e-06 | FQ179: 1e-06 | FR179: 1e-06 | FS179: 1e-06 | FT179: 1e-06 | FU179: 1e-06 | FV179: 1e-06 | FW179: 1e-06 | FX179: 1e-06 | FY179: 1e-06 | FZ179: 1e-06 | GA179: 1e-06 | GB179: 1e-06 | GC179: 1e-06 | GD179: 1e-06 | GE179: 1e-06 | GF179: 1e-06 | GG179: 1e-06 | GH179: 1e-06 | GI179: 1e-06
A180: FA | B180: FA 20:3 | C180: 305.24858 | D180: 3.2153 | E180: 0.0215 | F180: 1e-06 | G180: 1e-06 | H180: 1e-06 | I180: 1e-06 | J180: 481.60659 | K180: 1e-06 | L180: 1e-06 | M180: 601.46751 | N180: 1e-06 | O180: 667.89662 | P180: 527.47361 | Q180: 1e-06 | R180: 1e-06 | S180: 511.22932 | T180: 938.88666 | U180: 1e-06 | V180: 1e-06 | W180: 1e-06 | X180: 1e-06 | Y180: 1e-06 | Z180: 1145.4972 | AA180: 1e-06 | AB180: 466.19141 | AC180: 601.97217 | AD180: 580.76506 | AE180: 1e-06 | AF180: 1e-06 | AG180: 1e-06 | AH180: 1e-06 | AI180: 1e-06 | AJ180: 1e-06 | AK180: 1e-06 | AL180: 1e-06 | AM180: 1e-06 | AN180: 1e-06 | AO180: 1e-06 | AP180: 1213.7057 | AQ180: 1e-06 | AR180: 1e-06 | AS180: 1e-06 | AT180: 1e-06 | AU180: 1e-06 | AV180: 514.53624 | AW180: 1e-06 | AX180: 1e-06 | AY180: 1e-06 | AZ180: 1e-06 | BA180: 1e-06 | BB180: 1e-06 | BC180: 510.86802 | BD180: 1e-06 | BE180: 446.44086 | BF180: 1e-06 | BG180: 1e-06 | BH180: 465.80598 | BI180: 1e-06 | BJ180: 1e-06 | BK180: 1e-06 | BL180: 1816.2252 | BM180: 566.07895 | BN180: 512.57356 | BO180: 603.62576 | BP180: 2832.9732 | BQ180: 1907.4603 | BR180: 2512.364 | BS180: 2004.0988 | BT180: 2188.3082 | BU180: 1603.4105 | BV180: 916.28272 | BW180: 570.45714 | BX180: 1e-06 | BY180: 1e-06 | BZ180: 1e-06 | CA180: 1e-06 | CB180: 516.22696 | CC180: 1e-06 | CD180: 751.50908 | CE180: 1e-06 | CF180: 1e-06 | CG180: 1e-06 | CH180: 1e-06 | CI180: 469.27125 | CJ180: 533.02199 | CK180: 1e-06 | CL180: 1e-06 | CM180: 1e-06 | CN180: 1e-06 | CO180: 1e-06 | CP180: 1e-06 | CQ180: 1e-06 | CR180: 1e-06 | CS180: 1e-06 | CT180: 1e-06 | CU180: 1e-06 | CV180: 1e-06 | CW180: 927.09103 | CX180: 1e-06 | CY180: 1e-06 | CZ180: 717.0783 | DA180: 478.67221 | DB180: 1e-06 | DC180: 1e-06 | DD180: 724.94108 | DE180: 580.64228 | DF180: 1e-06 | DG180: 1e-06 | DH180: 1e-06 | DI180: 1e-06 | DJ180: 1e-06 | DK180: 1e-06 | DL180: 1e-06 | DM180: 1158.731 | DN180: 1e-06 | DO180: 1e-06 | DP180: 1e-06 | DQ180: 608.90565 | DR180: 1e-06 | DS180: 1e-06 | DT180: 1e-06 | DU180: 1e-06 | DV180: 1e-06 | DW180: 1e-06 | DX180: 1e-06 | DY180: 1e-06 | DZ180: 1e-06 | EA180: 1e-06 | EB180: 544.80303 | EC180: 607.1356 | ED180: 1e-06 | EE180: 1e-06 | EF180: 1e-06 | EG180: 626.70797 | EH180: 1e-06 | EI180: 505.27106 | EJ180: 1e-06 | EK180: 1e-06 | EL180: 1e-06 | EM180: 1e-06 | EN180: 1e-06 | EO180: 1e-06 | EP180: 1e-06 | EQ180: 1e-06 | ER180: 1e-06 | ES180: 1e-06 | ET180: 1e-06 | EU180: 1e-06 | EV180: 1e-06 | EW180: 1e-06 | EX180: 1e-06 | EY180: 758.84482 | EZ180: 850.47567 | FA180: 445.2147 | FB180: 753.38167 | FC180: 1e-06 | FD180: 1e-06 | FE180: 1e-06 | FF180: 1e-06 | FG180: 1e-06 | FH180: 523.61872 | FI180: 1e-06 | FJ180: 1e-06 | FK180: 1e-06 | FL180: 468.49712 | FM180: 1e-06 | FN180: 1e-06 | FO180: 1e-06 | FP180: 546.68417 | FQ180: 1e-06 | FR180: 1e-06 | FS180: 1e-06 | FT180: 1e-06 | FU180: 1e-06 | FV180: 1e-06 | FW180: 466.51608 | FX180: 440.03952 | FY180: 450.68823 | FZ180: 1e-06 | GA180: 1e-06 | GB180: 1e-06 | GC180: 1e-06 | GD180: 1e-06 | GE180: 1e-06 | GF180: 1e-06 | GG180: 1e-06 | GH180: 1e-06 | GI180: 1e-06
A181: FA | B181: FA 20:4 | C181: 303.23258 | D181: 3.2739 | E181: 0.0144 | F181: 3203 | G181: 2432 | H181: 1138 | I181: 2407 | J181: 2755 | K181: 1093 | L181: 1432 | M181: 4448 | N181: 2060 | O181: 3627 | P181: 1988 | Q181: 2071 | R181: 2184 | S181: 4900 | T181: 2331 | U181: 3338 | V181: 2007 | W181: 2076 | X181: 1773 | Y181: 1e-06 | Z181: 4783 | AA181: 2532 | AB181: 2678 | AC181: 4241 | AD181: 4943 | AE181: 2178 | AF181: 2629 | AG181: 1619 | AH181: 1978 | AI181: 1510 | AJ181: 1441 | AK181: 885.7 | AL181: 2557 | AM181: 2289 | AN181: 910.2 | AO181: 1641 | AP181: 10500 | AQ181: 3109 | AR181: 1092 | AS181: 1383 | AT181: 2296 | AU181: 2097 | AV181: 3090 | AW181: 2583 | AX181: 1660 | AY181: 648.3 | AZ181: 1822 | BA181: 1752 | BB181: 1389 | BC181: 3159 | BD181: 1844 | BE181: 2606 | BF181: 1889 | BG181: 1951 | BH181: 3490 | BI181: 2799 | BJ181: 1715 | BK181: 2252 | BL181: 8708 | BM181: 3768 | BN181: 3879 | BO181: 5251 | BP181: 12780 | BQ181: 11100 | BR181: 7521 | BS181: 7974 | BT181: 8114 | BU181: 4897 | BV181: 6970 | BW181: 2827 | BX181: 3191 | BY181: 4501 | BZ181: 2305 | CA181: 780 | CB181: 5949 | CC181: 2453 | CD181: 2537 | CE181: 1028 | CF181: 2221 | CG181: 2650 | CH181: 2029 | CI181: 3037 | CJ181: 2049 | CK181: 2050 | CL181: 2280 | CM181: 1101 | CN181: 750 | CO181: 749.6 | CP181: 1373 | CQ181: 578.2 | CR181: 1105 | CS181: 2201 | CT181: 3145 | CU181: 2670 | CV181: 1382 | CW181: 4798 | CX181: 1908 | CY181: 2001 | CZ181: 4226 | DA181: 4518 | DB181: 580.8 | DC181: 1e-06 | DD181: 3991 | DE181: 4689 | DF181: 1942 | DG181: 1089 | DH181: 2097 | DI181: 1494 | DJ181: 2082 | DK181: 1165 | DL181: 2275 | DM181: 11090 | DN181: 1872 | DO181: 1021 | DP181: 3527 | DQ181: 5887 | DR181: 1491 | DS181: 508.2 | DT181: 3308 | DU181: 2275 | DV181: 1304 | DW181: 2624 | DX181: 2707 | DY181: 1079 | DZ181: 1661 | EA181: 1928 | EB181: 3106 | EC181: 1380 | ED181: 1273 | EE181: 3047 | EF181: 3976 | EG181: 2393 | EH181: 1e-06 | EI181: 4097 | EJ181: 2116 | EK181: 1273 | EL181: 1073 | EM181: 2992 | EN181: 1724 | EO181: 1933 | EP181: 1096 | EQ181: 2798 | ER181: 2306 | ES181: 2282 | ET181: 1628 | EU181: 2357 | EV181: 2960 | EW181: 2654 | EX181: 1265 | EY181: 4748 | EZ181: 5781 | FA181: 3811 | FB181: 4935 | FC181: 2575 | FD181: 1119 | FE181: 1211 | FF181: 2145 | FG181: 1426 | FH181: 1894 | FI181: 2202 | FJ181: 1573 | FK181: 1697 | FL181: 4506 | FM181: 2610 | FN181: 1946 | FO181: 1264 | FP181: 2549 | FQ181: 586.3 | FR181: 1204 | FS181: 1e-06 | FT181: 1e-06 | FU181: 1e-06 | FV181: 1e-06 | FW181: 3449 | FX181: 3245 | FY181: 3077 | FZ181: 2399 | GA181: 2459 | GB181: 2311 | GC181: 3057 | GD181: 3193 | GE181: 3044 | GF181: 1328 | GG181: 1e-06 | GH181: 1e-06 | GI181: 1e-06
... A193: PS | B193: PS 24:0 | C193: 622.37258 | D193: 9.0104 | E193: 0.0436 | F193: 6904 | G193: 13010 | H193: 2173 | I193: 7754 | J193: 6429 | K193: 3106 | L193: 5897 | M193: 9588 | N193: 2775 | O193: 10950 | P193: 10300 | Q193: 7759 | R193: 595.1 | S193: 6732 | T193: 6075 | U193: 7261 | V193: 7926 | W193: 9080 | X193: 6246 | Y193: 1113 | Z193: 2841 | AA193: 1724 | AB193: 5762 | AC193: 11040 | AD193: 6827 | AE193: 1e-06 | AF193: 6547 | AG193: 7744 | AH193: 1982 | AI193: 4044 | AJ193: 3620 | AK193: 6415 | AL193: 5672 | AM193: 1e-06 | AN193: 2311 | AO193: 7396 | AP193: 1e-06 | AQ193: 7747 | AR193: 7174 | AS193: 1e-06 | AT193: 4961 | AU193: 11720 | AV193: 5566 | AW193: 7152 | AX193: 7774 | AY193: 4536 | AZ193: 1460 | BA193: 5527 | BB193: 8828 | BC193: 14760 | BD193: 5051 | BE193: 6741 | BF193: 1e-06 | BG193: 5665 | BH193: 7897 | BI193: 5046 | BJ193: 8262 | BK193: 2739 | BL193: 10380 | BM193: 5007 | BN193: 6669 | BO193: 7650 | BP193: 6313 | BQ193: 2717 | BR193: 7759 | BS193: 9902 | BT193: 6611 | BU193: 3171 | BV193: 4515 | BW193: 1096 | BX193: 5305 | BY193: 8519 | BZ193: 6369 | CA193: 1e-06 | CB193: 7209 | CC193: 6812 | CD193: 8209 | CE193: 4606 | CF193: 3070 | CG193: 7038 | CH193: 6692 | CI193: 10830 | CJ193: 5969 | CK193: 1e-06 | CL193: 1604 | CM193: 5063 | CN193: 1e-06 | CO193: 8150 | CP193: 9856 | CQ193: 1e-06 | CR193: 4068 | CS193: 6436 | CT193: 8913 | CU193: 8197 | CV193: 7561 | CW193: 9248 | CX193: 7347 | CY193: 6921 | CZ193: 1323 | DA193: 6265 | DB193: 1451 | DC193: 5345 | DD193: 9295 | DE193: 5519 | DF193: 5451 | DG193: 3642 | DH193: 3536 | DI193: 1740 | DJ193: 7545 | DK193: 6032 | DL193: 8746 | DM193: 10350 | DN193: 5634 | DO193: 7638 | DP193: 955.8 | DQ193: 2064 | DR193: 5089 | DS193: 1e-06 | DT193: 1e-06 | DU193: 1960 | DV193: 1070 | DW193: 11090 | DX193: 1007 | DY193: 11160 | DZ193: 6765 | EA193: 13540 | EB193: 884.2 | EC193: 2045 | ED193: 6356 | EE193: 5943 | EF193: 15120 | EG193: 1e-06 | EH193: 1e-06 | EI193: 8162 | EJ193: 2467 | EK193: 6077 | EL193: 10370 | EM193: 7856 | EN193: 6587 | EO193: 7103 | EP193: 5053 | EQ193: 5179 | ER193: 12440 | ES193: 8020 | ET193: 1368 | EU193: 8524 | EV193: 7071 | EW193: 10630 | EX193: 5938 | EY193: 7364 | EZ193: 6915 | FA193: 12450 | FB193: 6060 | FC193: 8182 | FD193: 1819 | FE193: 4901 | FF193: 13370 | FG193: 3114 | FH193: 4169 | FI193: 1413 | FJ193: 1e-06 | FK193: 8564 | FL193: 8093 | FM193: 1963 | FN193: 12680 | FO193: 7679 | FP193: 7602 | FQ193: 2284 | FR193: 1e-06 | FS193: 12680 | FT193: 1e-06 | FU193: 8530 | FV193: 1e-06 | FW193: 5827 | FX193: 8160 | FY193: 8207 | FZ193: 5880 | GA193: 5659 | GB193: 6056 | GC193: 1262 | GD193: 1088 | GE193: 3550 | GF193: 1793 | GG193: 706 | GH193: 1e-06 | GI193: 4895

Sheet Approached_Quantification
A1: Approached quantification
A2: Calculation of Approached quantification :
A3: Area of metabolite / Area of ISTD x quantity ISTD (ng)
C5: Conditions | D5: BS-064D0 | E5: BS-064D03 | F5: BS-064D10 | G5: BS-064D60 | H5: BS-082D0 | I5: BS-082D03 | J5: BS-082D10 | K5: BS-082D60 | L5: BS-336D0 | M5: BS-336D03 | N5: BS-336D10 | O5: BS-336D60 | P5: BS-346D0 | Q5: BS-346D03 | R5: BS-346D10 | S5: BS-346D60 | T5: BS-351D0 | U5: BS-351D03 | V5: BS-351D10 | W5: BS-351D60 | X5: BS-364D0 | Y5: BS-364D03 | Z5: BS-364D10 | AA5: BS-364D60 | AB5: BS-377D0 | AC5: BS-377D03 | AD5: BS-377D10 | AE5: BS-377D60 | AF5: BS-671D0 | AG5: BS-671D03 | AH5: BS-671D10 | AI5: BS-671D60 | AJ5: JV-035D0 | AK5: JV-035D03 | AL5: JV-035D10 | AM5: JV-035D60 | AN5: JV-048D0 | AO5: JV-048D03 | AP5: JV-048D10 | AQ5: JV-071D0 | AR5: JV-071D03 | AS5: JV-071D60 | AT5: JV-138D0 | AU5: JV-138D03 | AV5: JV-138D10 | AW5: JV-138D60 | AX5: JV-148D0 | AY5: JV-148D03 | AZ5: JV-148D10 | BA5: JV-148D60 | BB5: JV-157D0 | BC5: JV-157D03 | BD5: JV-157D10 | BE5: JV-157D60 | BF5: KT-193D0 | BG5: KT-193D03 | BH5: KT-193D10 | BI5: KT-193D60 | BJ5: KT-247D0 | BK5: KT-247D03 | BL5: KT-247D10 | BM5: KT-247D60 | BN5: KT-312D0 | BO5: KT-312D03 | BP5: KT-312D10 | BQ5: KT-312D60 | BR5: KT-313D0 | BS5: KT-313D03 | BT5: KT-313D10 | BU5: KT-313D60 | BV5: KT-347D0 | BW5: KT-347D03 | BX5: KT-347D10 | BY5: KT-347D60 | BZ5: KT-352D0 | CA5: KT-352D03 | CB5: KT-352D10 | CC5: KT-352D60 | CD5: KT-412D0 | CE5: KT-412D03 | CF5: KT-412D10 | CG5: KT-412D60 | CH5: KT-417D0 | CI5: KT-417D03 | CJ5: KT-417D10 | CK5: KT-417D60 | CL5: KT-434D0 | CM5: KT-434D03 | CN5: KT-434D10 | CO5: KT-434D60 | CP5: KT-445D0 | CQ5: KT-445D03 | CR5: KT-445D10 | CS5: KT-445D60 | CT5: KT-515D0 | CU5: KT-515D03 | CV5: KT-515D10 | CW5: KT-515D60 | CX5: KT-522D0 | CY5: KT-522D03 | CZ5: KT-522D10 | DA5: KT-522D60 | DB5: KT-525D0 | DC5: KT-525D03 | DD5: KT-525D10 | DE5: KT-525D60 | DF5: KT-537D0 | DG5: KT-537D03 | DH5: KT-537D10 | DI5: KT-537D60 | DJ5: KT-538D0 | DK5: KT-538D03 | DL5: KT-538D10 | DM5: KT-538D60 | DN5: KT-539D0 | DO5: KT-539D03 | DP5: KT-539D10 | DQ5: KT-539D60 | DR5: KT-565D0 | DS5: KT-565D03 | DT5: KT-565D10 | DU5: KT-612D0 | DV5: KT-612D03 | DW5: KT-612D10 | DX5: KT-612D60 | DY5: KT-663D0 | DZ5: KT-663D03 | EA5: KT-663D10 | EB5: KT-663D60 | EC5: KT-695D0 | ED5: KT-695D03 | EE5: KT-695D10 | EF5: KT-695D60 | EG5: KT-705D0 | EH5: KT-705D03 | EI5: KT-705D10 | EJ5: KT-705D60 | EK5: KT-716D0 | EL5: KT-716D03 | EM5: KT-716D10 | EN5: KT-716D60 | EO5: KT-718D0 | EP5: KT-718D03 | EQ5: KT-718D10 | ER5: KT-718D60 | ES5: KT-723D0 | ET5: KT-723D03 | EU5: KT-723D10 | EV5: KT-723D60 | EW5: KT-771D0 | EX5: KT-771D03 | EY5: KT-771D10 | EZ5: KT-771D60 | FA5: KT-805D0 | FB5: KT-805D03 | FC5: KT-805D10 | FD5: KT-805D60 | FE5: KT-880D0 | FF5: KT-880D03 | FG5: KT-880D10 | FH5: KT-880D60 | FI5: KT-926D0 | FJ5: KT-927D03 | FK5: KT-928D10 | FL5: KT-929D60 | FM5: KT-974D0 | FN5: KT-974D03 | FO5: KT-974D10 | FP5: KT-974D60
A6: Family | B6: ISTD | C6: Metabolite name | D6: 241008DMI_Global_11 | E6: 241008DMI_Global_33 | F6: 241008DMI_Global_136 | G6: 241008DMI_Global_108 | H6: 241008DMI_Global_68 | I6: 241008DMI_Global_64 | J6: 241008DMI_Global_41 | K6: 241008DMI_Global_10 | L6: 241008DMI_Global_154 | M6: 241008DMI_Global_24 | N6: 241008DMI_Global_12 | O6: 241008DMI_Global_103 | P6: 241008DMI_Global_137 | Q6: 241008DMI_Global_19 | R6: 241008DMI_Global_101 | S6: 241008DMI_Global_120 | T6: 241008DMI_Global_21 | U6: 241008DMI_Global_46 | V6: 241008DMI_Global_74 | W6: 241008DMI_Global_129 | X6: 241008DMI_Global_02 | Y6: 241008DMI_Global_144 | Z6: 241008DMI_Global_107 | AA6: 241008DMI_Global_83 | AB6: 241008DMI_Global_35 | AC6: 241008DMI_Global_166 | AD6: 241008DMI_Global_72 | AE6: 241008DMI_Global_55 | AF6: 241008DMI_Global_134 | AG6: 241008DMI_Global_06 | AH6: 241008DMI_Global_171 | AI6: 241008DMI_Global_80 | AJ6: 241008DMI_Global_96 | AK6: 241008DMI_Global_169 | AL6: 241008DMI_Global_165 | AM6: 241008DMI_Global_49 | AN6: 241008DMI_Global_124 | AO6: 241008DMI_Global_78 | AP6: 241008DMI_Global_20 | AQ6: 241008DMI_Global_152 | AR6: 241008DMI_Global_116 | AS6: 241008DMI_Global_30 | AT6: 241008DMI_Global_05 | AU6: 241008DMI_Global_76 | AV6: 241008DMI_Global_38 | AW6: 241008DMI_Global_37 | AX6: 241008DMI_Global_157 | AY6: 241008DMI_Global_59 | AZ6: 241008DMI_Global_22 | BA6: 241008DMI_Global_17 | BB6: 241008DMI_Global_16 | BC6: 241008DMI_Global_81 | BD6: 241008DMI_Global_146 | BE6: 241008DMI_Global_69 | BF6: 241008DMI_Global_111 | BG6: 241008DMI_Global_92 | BH6: 241008DMI_Global_31 | BI6: 241008DMI_Global_156 | BJ6: 241008DMI_Global_32 | BK6: 241008DMI_Global_39 | BL6: 241008DMI_Global_114 | BM6: 241008DMI_Global_66 | BN6: 241008DMI_Global_70 | BO6: 241008DMI_Global_153 | BP6: 241008DMI_Global_01 | BQ6: 241008DMI_Global_28 | BR6: 241008DMI_Global_61 | BS6: 241008DMI_Global_164 | BT6: 241008DMI_Global_54 | BU6: 241008DMI_Global_135 | BV6: 241008DMI_Global_102 | BW6: 241008DMI_Global_44 | BX6: 241008DMI_Global_36 | BY6: 241008DMI_Global_142 | BZ6: 241008DMI_Global_105 | CA6: 241008DMI_Global_94 | CB6: 241008DMI_Global_98 | CC6: 241008DMI_Global_145 | CD6: 241008DMI_Global_170 | CE6: 241008DMI_Global_53 | CF6: 241008DMI_Global_57 | CG6: 241008DMI_Global_03 | CH6: 241008DMI_Global_56 | CI6: 241008DMI_Global_159 | CJ6: 241008DMI_Global_123 | CK6: 241008DMI_Global_75 | CL6: 241008DMI_Global_168 | CM6: 241008DMI_Global_09 | CN6: 241008DMI_Global_63 | CO6: 241008DMI_Global_158 | CP6: 241008DMI_Global_42 | CQ6: 241008DMI_Global_71 | CR6: 241008DMI_Global_112 | CS6: 241008DMI_Global_62 | CT6: 241008DMI_Global_58 | CU6: 241008DMI_Global_104 | CV6: 241008DMI_Global_52 | CW6: 241008DMI_Global_115 | CX6: 241008DMI_Global_143 | CY6: 241008DMI_Global_118 | CZ6: 241008DMI_Global_138 | DA6: 241008DMI_Global_97 | DB6: 241008DMI_Global_119 | DC6: 241008DMI_Global_121 | DD6: 241008DMI_Global_117 | DE6: 241008DMI_Global_161 | DF6: 241008DMI_Global_163 | DG6: 241008DMI_Global_150 | DH6: 241008DMI_Global_95 | DI6: 241008DMI_Global_34 | DJ6: 241008DMI_Global_85 | DK6: 241008DMI_Global_87 | DL6: 241008DMI_Global_47 | DM6: 241008DMI_Global_110 | DN6: 241008DMI_Global_132 | DO6: 241008DMI_Global_133 | DP6: 241008DMI_Global_162 | DQ6: 241008DMI_Global_125 | DR6: 241008DMI_Global_147 | DS6: 241008DMI_Global_139 | DT6: 241008DMI_Global_128 | DU6: 241008DMI_Global_27 | DV6: 241008DMI_Global_148 | DW6: 241008DMI_Global_14 | DX6: 241008DMI_Global_90 | DY6: 241008DMI_Global_18 | DZ6: 241008DMI_Global_130 | EA6: 241008DMI_Global_160 | EB6: 241008DMI_Global_93 | EC6: 241008DMI_Global_73 | ED6: 241008DMI_Global_26 | EE6: 241008DMI_Global_131 | EF6: 241008DMI_Global_140 | EG6: 241008DMI_Global_79 | EH6: 241008DMI_Global_15 | EI6: 241008DMI_Global_67 | EJ6: 241008DMI_Global_08 | EK6: 241008DMI_Global_100 | EL6: 241008DMI_Global_99 | EM6: 241008DMI_Global_84 | EN6: 241008DMI_Global_43 | EO6: 241008DMI_Global_40 | EP6: 241008DMI_Global_50 | EQ6: 241008DMI_Global_86 | ER6: 241008DMI_Global_151 | ES6: 241008DMI_Global_51 | ET6: 241008DMI_Global_109 | EU6: 241008DMI_Global_07 | EV6: 241008DMI_Global_13 | EW6: 241008DMI_Global_113 | EX6: 241008DMI_Global_106 | EY6: 241008DMI_Global_25 | EZ6: 241008DMI_Global_122 | FA6: 241008DMI_Global_45 | FB6: 241008DMI_Global_127 | FC6: 241008DMI_Global_77 | FD6: 241008DMI_Global_88 | FE6: 241008DMI_Global_126 | FF6: 241008DMI_Global_65 | FG6: 241008DMI_Global_155 | FH6: 241008DMI_Global_167 | FI6: 241008DMI_Global_91 | FJ6: 241008DMI_Global_29 | FK6: 241008DMI_Global_141 | FL6: 241008DMI_Global_23 | FM6: 241008DMI_Global_82 | FN6: 241008DMI_Global_04 | FO6: 241008DMI_Global_149 | FP6: 241008DMI_Global_172
A7: DG | B7: (1,2) DG 24:0 + (1,3) DG 24:0 | C7: (1,2) DG 30:0 | D7: ='Raw datas'!F4/('Raw datas'!F$3+'Raw datas'!F$10)*500 -> 3.5673516e-09 | E7: ='Raw datas'!G4/('Raw datas'!G$3+'Raw datas'!G$10)*500 -> 2.7526976e-09 | F7: ='Raw datas'!H4/('Raw datas'!H$3+'Raw datas'!H$10)*500 -> 5.3061658e-09 | G7: ='Raw datas'!I4/('Raw datas'!I$3+'Raw datas'!I$10)*500 -> 4.4887333e-09 | H7: ='Raw datas'!J4/('Raw datas'!J$3+'Raw datas'!J$10)*500 -> 3.4025179e-09 | I7: ='Raw datas'!K4/('Raw datas'!K$3+'Raw datas'!K$10)*500 -> 7.9101408e-09 | J7: ='Raw datas'!L4/('Raw datas'!L$3+'Raw datas'!L$10)*500 -> 4.3994721e-09 | K7: ='Raw datas'!M4/('Raw datas'!M$3+'Raw datas'!M$10)*500 -> 3.1539772e-09 | ... FP7: ='Raw datas'!FR4/('Raw datas'!FR$3+'Raw datas'!FR$10)*500 -> 4.4782803e-09
C8: (1,2) DG 32:0 | D8: ='Raw datas'!F5/('Raw datas'!F$3+'Raw datas'!F$10)*500 -> 7.4557648 | E8: ='Raw datas'!G5/('Raw datas'!G$3+'Raw datas'!G$10)*500 -> 7.783188 | F8: ='Raw datas'!H5/('Raw datas'!H$3+'Raw datas'!H$10)*500 -> 14.089742 | G8: ='Raw datas'!I5/('Raw datas'!I$3+'Raw datas'!I$10)*500 -> 9.4802047 | H8: ='Raw datas'!J5/('Raw datas'!J$3+'Raw datas'!J$10)*500 -> 5.2818604 | I8: ='Raw datas'!K5/('Raw datas'!K$3+'Raw datas'!K$10)*500 -> 7.9101408e-09 | J8: ='Raw datas'!L5/('Raw datas'!L$3+'Raw datas'!L$10)*500 -> 8.5845141 | K8: ='Raw datas'!M5/('Raw datas'!M$3+'Raw datas'!M$10)*500 -> 5.0540104 | ... FP8: ='Raw datas'!FR5/('Raw datas'!FR$3+'Raw datas'!FR$10)*500 -> 4.8141514
C9: (1,2) DG 32:1 | D9: ='Raw datas'!F6/('Raw datas'!F$3+'Raw datas'!F$10)*500 -> 3.5673516e-09 | E9: ='Raw datas'!G6/('Raw datas'!G$3+'Raw datas'!G$10)*500 -> 8.6462233 | F9: ='Raw datas'!H6/('Raw datas'!H$3+'Raw datas'!H$10)*500 -> 17.250345 | G9: ='Raw datas'!I6/('Raw datas'!I$3+'Raw datas'!I$10)*500 -> 4.4887333e-09 | H9: ='Raw datas'!J6/('Raw datas'!J$3+'Raw datas'!J$10)*500 -> 3.6781218 | I9: ='Raw datas'!K6/('Raw datas'!K$3+'Raw datas'!K$10)*500 -> 7.9101408e-09 | J9: ='Raw datas'!L6/('Raw datas'!L$3+'Raw datas'!L$10)*500 -> 7.6242851 | K9: ='Raw datas'!M6/('Raw datas'!M$3+'Raw datas'!M$10)*500 -> 4.7751214 | ... FP9: ='Raw datas'!FR6/('Raw datas'!FR$3+'Raw datas'!FR$10)*500 -> 4.4782803e-09
C10: (1,2) DG 34:1 | D10: ='Raw datas'!F7/('Raw datas'!F$3+'Raw datas'!F$10)*500 -> 22.727597 | E10: ='Raw datas'!G7/('Raw datas'!G$3+'Raw datas'!G$10)*500 -> 40.960141 | F10: ='Raw datas'!H7/('Raw datas'!H$3+'Raw datas'!H$10)*500 -> 51.241643 | G10: ='Raw datas'!I7/('Raw datas'!I$3+'Raw datas'!I$10)*500 -> 47.939671 | H10: ='Raw datas'!J7/('Raw datas'!J$3+'Raw datas'!J$10)*500 -> 23.967336 | I10: ='Raw datas'!K7/('Raw datas'!K$3+'Raw datas'!K$10)*500 -> 19.6567 | J10: ='Raw datas'!L7/('Raw datas'!L$3+'Raw datas'!L$10)*500 -> 31.698196 | K10: ='Raw datas'!M7/('Raw datas'!M$3+'Raw datas'!M$10)*500 -> 17.750583 | ... FP10: ='Raw datas'!FR7/('Raw datas'!FR$3+'Raw datas'!FR$10)*500 -> 25.696373
C11: (1,2) DG 34:3 | D11: ='Raw datas'!F8/('Raw datas'!F$3+'Raw datas'!F$10)*500 -> 3.5673516e-09 | E11: ='Raw datas'!G8/('Raw datas'!G$3+'Raw datas'!G$10)*500 -> 2.7526976e-09 | F11: ='Raw datas'!H8/('Raw datas'!H$3+'Raw datas'!H$10)*500 -> 5.3061658e-09 | G11: ='Raw datas'!I8/('Raw datas'!I$3+'Raw datas'!I$10)*500 -> 4.4887333e-09 | H11: ='Raw datas'!J8/('Raw datas'!J$3+'Raw datas'!J$10)*500 -> 3.4025179e-09 | I11: ='Raw datas'!K8/('Raw datas'!K$3+'Raw datas'!K$10)*500 -> 7.9101408e-09 | J11: ='Raw datas'!L8/('Raw datas'!L$3+'Raw datas'!L$10)*500 -> 4.3994721e-09 | K11: ='Raw datas'!M8/('Raw datas'!M$3+'Raw datas'!M$10)*500 -> 3.1539772e-09 | ... FP11: ='Raw datas'!FR8/('Raw datas'!FR$3+'Raw datas'!FR$10)*500 -> 4.4782803e-09
C12: (1,2) DG 36:3 | D12: ='Raw datas'!F9/('Raw datas'!F$3+'Raw datas'!F$10)*500 -> 10.52012 | E12: ='Raw datas'!G9/('Raw datas'!G$3+'Raw datas'!G$10)*500 -> 17.807201 | F12: ='Raw datas'!H9/('Raw datas'!H$3+'Raw datas'!H$10)*500 -> 9.2221161 | G12: ='Raw datas'!I9/('Raw datas'!I$3+'Raw datas'!I$10)*500 -> 16.603824 | H12: ='Raw datas'!J9/('Raw datas'!J$3+'Raw datas'!J$10)*500 -> 9.9455597 | I12: ='Raw datas'!K9/('Raw datas'!K$3+'Raw datas'!K$10)*500 -> 7.9101408e-09 | J12: ='Raw datas'!L9/('Raw datas'!L$3+'Raw datas'!L$10)*500 -> 6.5948086 | K12: ='Raw datas'!M9/('Raw datas'!M$3+'Raw datas'!M$10)*500 -> 7.8502492 | ... FP12: ='Raw datas'!FR9/('Raw datas'!FR$3+'Raw datas'!FR$10)*500 -> 8.5266458
C13: (1,3) DG 32:0 | D13: ='Raw datas'!F11/('Raw datas'!F$3+'Raw datas'!F$10)*500 -> 3.5673516e-09 | E13: ='Raw datas'!G11/('Raw datas'!G$3+'Raw datas'!G$10)*500 -> 3.7608931 | F13: ='Raw datas'!H11/('Raw datas'!H$3+'Raw datas'!H$10)*500 -> 5.3061658e-09 | G13: ='Raw datas'!I11/('Raw datas'!I$3+'Raw datas'!I$10)*500 -> 4.4887333e-09 | H13: ='Raw datas'!J11/('Raw datas'!J$3+'Raw datas'!J$10)*500 -> 3.4025179e-09 | I13: ='Raw datas'!K11/('Raw datas'!K$3+'Raw datas'!K$10)*500 -> 7.9101408e-09 | J13: ='Raw datas'!L11/('Raw datas'!L$3+'Raw datas'!L$10)*500 -> 4.3994721e-09 | K13: ='Raw datas'!M11/('Raw datas'!M$3+'Raw datas'!M$10)*500 -> 3.1539772e-09 | ... FP13: ='Raw datas'!FR11/('Raw datas'!FR$3+'Raw datas'!FR$10)*500 -> 4.4782803e-09
C14: (1,3) DG 32:1 | D14: ='Raw datas'!F12/('Raw datas'!F$3+'Raw datas'!F$10)*500 -> 3.5673516e-09 | E14: ='Raw datas'!G12/('Raw datas'!G$3+'Raw datas'!G$10)*500 -> 3.5757542 | F14: ='Raw datas'!H12/('Raw datas'!H$3+'Raw datas'!H$10)*500 -> 5.3061658e-09 | G14: ='Raw datas'!I12/('Raw datas'!I$3+'Raw datas'!I$10)*500 -> 4.4887333e-09 | H14: ='Raw datas'!J12/('Raw datas'!J$3+'Raw datas'!J$10)*500 -> 3.4025179e-09 | I14: ='Raw datas'!K12/('Raw datas'!K$3+'Raw datas'!K$10)*500 -> 7.9101408e-09 | J14: ='Raw datas'!L12/('Raw datas'!L$3+'Raw datas'!L$10)*500 -> 4.3994721e-09 | K14: ='Raw datas'!M12/('Raw datas'!M$3+'Raw datas'!M$10)*500 -> 3.1539772e-09 | ... FP14: ='Raw datas'!FR12/('Raw datas'!FR$3+'Raw datas'!FR$10)*500 -> 4.4782803e-09
C15: (1,3) DG 34:1 | D15: ='Raw datas'!F13/('Raw datas'!F$3+'Raw datas'!F$10)*500 -> 4.4714577 | E15: ='Raw datas'!G13/('Raw datas'!G$3+'Raw datas'!G$10)*500 -> 15.846875 | F15: ='Raw datas'!H13/('Raw datas'!H$3+'Raw datas'!H$10)*500 -> 16.263117 | G15: ='Raw datas'!I13/('Raw datas'!I$3+'Raw datas'!I$10)*500 -> 13.338184 | H15: ='Raw datas'!J13/('Raw datas'!J$3+'Raw datas'!J$10)*500 -> 5.3508743 | I15: ='Raw datas'!K13/('Raw datas'!K$3+'Raw datas'!K$10)*500 -> 7.9101408e-09 | J15: ='Raw datas'!L13/('Raw datas'!L$3+'Raw datas'!L$10)*500 -> 11.227453 | K15: ='Raw datas'!M13/('Raw datas'!M$3+'Raw datas'!M$10)*500 -> 7.2754406 | ... FP15: ='Raw datas'!FR13/('Raw datas'!FR$3+'Raw datas'!FR$10)*500 -> 8.0519481
C16: (1,3) DG 34:2 | D16: ='Raw datas'!F14/('Raw datas'!F$3+'Raw datas'!F$10)*500 -> 4.819492 | E16: ='Raw datas'!G14/('Raw datas'!G$3+'Raw datas'!G$10)*500 -> 11.622127 | F16: ='Raw datas'!H14/('Raw datas'!H$3+'Raw datas'!H$10)*500 -> 9.2857901 | G16: ='Raw datas'!I14/('Raw datas'!I$3+'Raw datas'!I$10)*500 -> 4.9824939 | H16: ='Raw datas'!J14/('Raw datas'!J$3+'Raw datas'!J$10)*500 -> 4.5899966 | I16: ='Raw datas'!K14/('Raw datas'!K$3+'Raw datas'!K$10)*500 -> 7.9101408e-09 | J16: ='Raw datas'!L14/('Raw datas'!L$3+'Raw datas'!L$10)*500 -> 4.3994721e-09 | K16: ='Raw datas'!M14/('Raw datas'!M$3+'Raw datas'!M$10)*500 -> 5.0779032 | ... FP16: ='Raw datas'!FR14/('Raw datas'!FR$3+'Raw datas'!FR$10)*500 -> 4.4782803e-09
C17: (1,3) DG 34:3 | D17: ='Raw datas'!F15/('Raw datas'!F$3+'Raw datas'!F$10)*500 -> 3.5673516e-09 | E17: ='Raw datas'!G15/('Raw datas'!G$3+'Raw datas'!G$10)*500 -> 3.5840123 | F17: ='Raw datas'!H15/('Raw datas'!H$3+'Raw datas'!H$10)*500 -> 5.3061658e-09 | G17: ='Raw datas'!I15/('Raw datas'!I$3+'Raw datas'!I$10)*500 -> 4.4887333e-09 | H17: ='Raw datas'!J15/('Raw datas'!J$3+'Raw datas'!J$10)*500 -> 3.4025179e-09 | I17: ='Raw datas'!K15/('Raw datas'!K$3+'Raw datas'!K$10)*500 -> 7.9101408e-09 | J17: ='Raw datas'!L15/('Raw datas'!L$3+'Raw datas'!L$10)*500 -> 4.3994721e-09 | K17: ='Raw datas'!M15/('Raw datas'!M$3+'Raw datas'!M$10)*500 -> 3.1539772e-09 | ... FP17: ='Raw datas'!FR15/('Raw datas'!FR$3+'Raw datas'!FR$10)*500 -> 4.4782803e-09
C18: (1,3) DG 36:1 | D18: ='Raw datas'!F16/('Raw datas'!F$3+'Raw datas'!F$10)*500 -> 1.4041148 | E18: ='Raw datas'!G16/('Raw datas'!G$3+'Raw datas'!G$10)*500 -> 3.3100101 | F18: ='Raw datas'!H16/('Raw datas'!H$3+'Raw datas'!H$10)*500 -> 2.2676143 | G18: ='Raw datas'!I16/('Raw datas'!I$3+'Raw datas'!I$10)*500 -> 4.4887333e-09 | H18: ='Raw datas'!J16/('Raw datas'!J$3+'Raw datas'!J$10)*500 -> 3.4025179e-09 | I18: ='Raw datas'!K16/('Raw datas'!K$3+'Raw datas'!K$10)*500 -> 7.9101408e-09 | J18: ='Raw datas'!L16/('Raw datas'!L$3+'Raw datas'!L$10)*500 -> 4.3994721e-09 | K18: ='Raw datas'!M16/('Raw datas'!M$3+'Raw datas'!M$10)*500 -> 0.96950869 | ... FP18: ='Raw datas'!FR16/('Raw datas'!FR$3+'Raw datas'!FR$10)*500 -> 4.4782803e-09
C19: (1,3) DG 36:2 | D19: ='Raw datas'!F17/('Raw datas'!F$3+'Raw datas'!F$10)*500 -> 28.920234 | E19: ='Raw datas'!G17/('Raw datas'!G$3+'Raw datas'!G$10)*500 -> 54.64147 | F19: ='Raw datas'!H17/('Raw datas'!H$3+'Raw datas'!H$10)*500 -> 40.919469 | G19: ='Raw datas'!I17/('Raw datas'!I$3+'Raw datas'!I$10)*500 -> 19.319509 | H19: ='Raw datas'!J17/('Raw datas'!J$3+'Raw datas'!J$10)*500 -> 14.986702 | I19: ='Raw datas'!K17/('Raw datas'!K$3+'Raw datas'!K$10)*500 -> 11.517165 | J19: ='Raw datas'!L17/('Raw datas'!L$3+'Raw datas'!L$10)*500 -> 18.527434 | K19: ='Raw datas'!M17/('Raw datas'!M$3+'Raw datas'!M$10)*500 -> 22.000815 | ... FP19: ='Raw datas'!FR17/('Raw datas'!FR$3+'Raw datas'!FR$10)*500 -> 12.976488
C20: (1,3) DG 36:3 | D20: ='Raw datas'!F18/('Raw datas'!F$3+'Raw datas'!F$10)*500 -> 15.025685 | E20: ='Raw datas'!G18/('Raw datas'!G$3+'Raw datas'!G$10)*500 -> 24.934034 | F20: ='Raw datas'!H18/('Raw datas'!H$3+'Raw datas'!H$10)*500 -> 10.898864 | G20: ='Raw datas'!I18/('Raw datas'!I$3+'Raw datas'!I$10)*500 -> 16.08762 | H20: ='Raw datas'!J18/('Raw datas'!J$3+'Raw datas'!J$10)*500 -> 8.4484519 | I20: ='Raw datas'!K18/('Raw datas'!K$3+'Raw datas'!K$10)*500 -> 7.9101408e-09 | J20: ='Raw datas'!L18/('Raw datas'!L$3+'Raw datas'!L$10)*500 -> 5.0681918 | K20: ='Raw datas'!M18/('Raw datas'!M$3+'Raw datas'!M$10)*500 -> 9.3389264 | ... FP20: ='Raw datas'!FR18/('Raw datas'!FR$3+'Raw datas'!FR$10)*500 -> 10.537394
C21: (1,3) DG 36:4 | D21: ='Raw datas'!F19/('Raw datas'!F$3+'Raw datas'!F$10)*500 -> 3.5673516e-09 | E21: ='Raw datas'!G19/('Raw datas'!G$3+'Raw datas'!G$10)*500 -> 3.2096455 | F21: ='Raw datas'!H19/('Raw datas'!H$3+'Raw datas'!H$10)*500 -> 5.3061658e-09 | G21: ='Raw datas'!I19/('Raw datas'!I$3+'Raw datas'!I$10)*500 -> 4.4887333e-09 | H21: ='Raw datas'!J19/('Raw datas'!J$3+'Raw datas'!J$10)*500 -> 3.4025179e-09 | I21: ='Raw datas'!K19/('Raw datas'!K$3+'Raw datas'!K$10)*500 -> 7.9101408e-09 | J21: ='Raw datas'!L19/('Raw datas'!L$3+'Raw datas'!L$10)*500 -> 4.3994721e-09 | K21: ='Raw datas'!M19/('Raw datas'!M$3+'Raw datas'!M$10)*500 -> 3.1539772e-09 | ... FP21: ='Raw datas'!FR19/('Raw datas'!FR$3+'Raw datas'!FR$10)*500 -> 4.4782803e-09
C22: Somme espèces DG | D22: =SUM(D7:D21) -> 95.344465 | E22: =SUM(E7:E21) -> 199.68157 | F22: =SUM(F7:F21) -> 171.4387 | G22: =SUM(G7:G21) -> 127.75151 | H22: =SUM(H7:H21) -> 76.248903 | I22: =SUM(I7:I21) -> 31.173865 | J22: =SUM(J7:J21) -> 89.324883 | K22: =SUM(K7:K21) -> 80.092558 | ... FP22: =SUM(FP7:FP21) -> 70.602999
A23: CAR | B23: CAR d3-18:1 | C23: CAR 16:0 | D23: ='Raw datas'!F20/'Raw datas'!F$26*75 -> 1.5812777e-09 | E23: ='Raw datas'!G20/'Raw datas'!G$26*75 -> 9.2250923e-10 | F23: ='Raw datas'!H20/'Raw datas'!H$26*75 -> 1.2816131e-09 | G23: ='Raw datas'!I20/'Raw datas'!I$26*75 -> 1.3000389 | H23: ='Raw datas'!J20/'Raw datas'!J$26*75 -> 1.298562 | I23: ='Raw datas'!K20/'Raw datas'!K$26*75 -> 2.2348033e-09 | J23: ='Raw datas'!L20/'Raw datas'!L$26*75 -> 1.2803004e-09 | K23: ='Raw datas'!M20/'Raw datas'!M$26*75 -> 2.6828423 | ... FP23: ='Raw datas'!FR20/'Raw datas'!FR$26*75 -> 8.7657784e-10
C24: CAR 18:1 | D24: ='Raw datas'!F21/'Raw datas'!F$26*75 -> 1.7915876 | E24: ='Raw datas'!G21/'Raw datas'!G$26*75 -> 9.2250923e-10 | F24: ='Raw datas'!H21/'Raw datas'!H$26*75 -> 1.2816131e-09 | G24: ='Raw datas'!I21/'Raw datas'!I$26*75 -> 1.6877186 | H24: ='Raw datas'!J21/'Raw datas'!J$26*75 -> 3.622983 | I24: ='Raw datas'!K21/'Raw datas'!K$26*75 -> 2.2348033e-09 | J24: ='Raw datas'!L21/'Raw datas'!L$26*75 -> 1.5798907 | K24: ='Raw datas'!M21/'Raw datas'!M$26*75 -> 4.3960392 | ... FP24: ='Raw datas'!FR21/'Raw datas'!FR$26*75 -> 8.7657784e-10
C25: CAR 18:2 | D25: ='Raw datas'!F22/'Raw datas'!F$26*75 -> 1.5812777e-09 | E25: ='Raw datas'!G22/'Raw datas'!G$26*75 -> 9.2250923e-10 | F25: ='Raw datas'!H22/'Raw datas'!H$26*75 -> 1.2816131e-09 | G25: ='Raw datas'!I22/'Raw datas'!I$26*75 -> 9.7162845e-10 | H25: ='Raw datas'!J22/'Raw datas'!J$26*75 -> 1.2629015 | I25: ='Raw datas'!K22/'Raw datas'!K$26*75 -> 2.2348033e-09 | J25: ='Raw datas'!L22/'Raw datas'!L$26*75 -> 1.2803004e-09 | K25: ='Raw datas'!M22/'Raw datas'!M$26*75 -> 2.0134315 | ... FP25: ='Raw datas'!FR22/'Raw datas'!FR$26*75 -> 8.7657784e-10
C26: CAR 2:0 | D26: ='Raw datas'!F23/'Raw datas'!F$26*75 -> 1.5812777e-09 | E26: ='Raw datas'!G23/'Raw datas'!G$26*75 -> 9.2250923e-10 | F26: ='Raw datas'!H23/'Raw datas'!H$26*75 -> 1.2816131e-09 | G26: ='Raw datas'!I23/'Raw datas'!I$26*75 -> 9.7162845e-10 | H26: ='Raw datas'!J23/'Raw datas'!J$26*75 -> 8.697669e-10 | I26: ='Raw datas'!K23/'Raw datas'!K$26*75 -> 2.2348033e-09 | J26: ='Raw datas'!L23/'Raw datas'!L$26*75 -> 1.2803004e-09 | K26: ='Raw datas'!M23/'Raw datas'!M$26*75 -> 1.2998267e-09 | ... FP26: ='Raw datas'!FR23/'Raw datas'!FR$26*75 -> 8.7657784e-10
C27: CAR 3:0 | D27: ='Raw datas'!F24/'Raw datas'!F$26*75 -> 1.5812777e-09 | E27: ='Raw datas'!G24/'Raw datas'!G$26*75 -> 9.2250923e-10 | F27: ='Raw datas'!H24/'Raw datas'!H$26*75 -> 1.2816131e-09 | G27: ='Raw datas'!I24/'Raw datas'!I$26*75 -> 9.7162845e-10 | H27: ='Raw datas'!J24/'Raw datas'!J$26*75 -> 8.697669e-10 | I27: ='Raw datas'!K24/'Raw datas'!K$26*75 -> 2.2348033e-09 | J27: ='Raw datas'!L24/'Raw datas'!L$26*75 -> 1.2803004e-09 | K27: ='Raw datas'!M24/'Raw datas'!M$26*75 -> 1.2998267e-09 | ... FP27: ='Raw datas'!FR24/'Raw datas'!FR$26*75 -> 8.7657784e-10
C28: CAR 8:0 | D28: ='Raw datas'!F25/'Raw datas'!F$26*75 -> 1.5812777e-09 | E28: ='Raw datas'!G25/'Raw datas'!G$26*75 -> 9.2250923e-10 | F28: ='Raw datas'!H25/'Raw datas'!H$26*75 -> 1.2816131e-09 | G28: ='Raw datas'!I25/'Raw datas'!I$26*75 -> 9.7162845e-10 | H28: ='Raw datas'!J25/'Raw datas'!J$26*75 -> 8.697669e-10 | I28: ='Raw datas'!K25/'Raw datas'!K$26*75 -> 2.2348033e-09 | J28: ='Raw datas'!L25/'Raw datas'!L$26*75 -> 1.2803004e-09 | K28: ='Raw datas'!M25/'Raw datas'!M$26*75 -> 1.2998267e-09 | ... FP28: ='Raw datas'!FR25/'Raw datas'!FR$26*75 -> 8.7657784e-10
C29: Somme espèces CAR | D29: =SUM(D23:D28) -> 1.7915876 | E29: =SUM(E23:E28) -> 5.5350554e-09 | F29: =SUM(F23:F28) -> 7.6896787e-09 | G29: =SUM(G23:G28) -> 2.9877575 | H29: =SUM(H23:H28) -> 6.1844466 | I29: =SUM(I23:I28) -> 1.340882e-08 | J29: =SUM(J23:J28) -> 1.5798908 | K29: =SUM(K23:K28) -> 9.092313 | ... FP29: =SUM(FP23:FP28) -> 5.259467e-09
A30: CE | B30: (1,2) DG 24:0 + (1,3) DG 24:0 | C30: CE 16:1 | D30: ='Raw datas'!F27/('Raw datas'!F$3+'Raw datas'!F$10)*500 -> 4.7945205 | E30: ='Raw datas'!G27/('Raw datas'!G$3+'Raw datas'!G$10)*500 -> 13.901123 | F30: ='Raw datas'!H27/('Raw datas'!H$3+'Raw datas'!H$10)*500 -> 5.3061658e-09 | G30: ='Raw datas'!I27/('Raw datas'!I$3+'Raw datas'!I$10)*500 -> 4.4887333e-09 | H30: ='Raw datas'!J27/('Raw datas'!J$3+'Raw datas'!J$10)*500 -> 3.4025179e-09 | I30: ='Raw datas'!K27/('Raw datas'!K$3+'Raw datas'!K$10)*500 -> 7.9101408e-09 | J30: ='Raw datas'!L27/('Raw datas'!L$3+'Raw datas'!L$10)*500 -> 12.344919 | K30: ='Raw datas'!M27/('Raw datas'!M$3+'Raw datas'!M$10)*500 -> 11.471015 | ... FP30: ='Raw datas'!FR27/('Raw datas'!FR$3+'Raw datas'!FR$10)*500 -> 4.4782803e-09
C31: CE 18:1 | D31: ='Raw datas'!F28/('Raw datas'!F$3+'Raw datas'!F$10)*500 -> 3.5673516e-09 | E31: ='Raw datas'!G28/('Raw datas'!G$3+'Raw datas'!G$10)*500 -> 2.7526976e-09 | F31: ='Raw datas'!H28/('Raw datas'!H$3+'Raw datas'!H$10)*500 -> 5.3061658e-09 | G31: ='Raw datas'!I28/('Raw datas'!I$3+'Raw datas'!I$10)*500 -> 4.4887333e-09 | H31: ='Raw datas'!J28/('Raw datas'!J$3+'Raw datas'!J$10)*500 -> 4.5027266 | I31: ='Raw datas'!K28/('Raw datas'!K$3+'Raw datas'!K$10)*500 -> 7.9101408e-09 | J31: ='Raw datas'!L28/('Raw datas'!L$3+'Raw datas'!L$10)*500 -> 4.3994721e-09 | K31: ='Raw datas'!M28/('Raw datas'!M$3+'Raw datas'!M$10)*500 -> 2.1594924 | ... FP31: ='Raw datas'!FR28/('Raw datas'!FR$3+'Raw datas'!FR$10)*500 -> 4.4782803e-09
C32: CE 18:2 | D32: ='Raw datas'!F29/('Raw datas'!F$3+'Raw datas'!F$10)*500 -> 72.809646 | E32: ='Raw datas'!G29/('Raw datas'!G$3+'Raw datas'!G$10)*500 -> 14.583792 | F32: ='Raw datas'!H29/('Raw datas'!H$3+'Raw datas'!H$10)*500 -> 5.3061658e-09 | G32: ='Raw datas'!I29/('Raw datas'!I$3+'Raw datas'!I$10)*500 -> 16.846216 | H32: ='Raw datas'!J29/('Raw datas'!J$3+'Raw datas'!J$10)*500 -> 24.304185 | I32: ='Raw datas'!K29/('Raw datas'!K$3+'Raw datas'!K$10)*500 -> 9.0333808 | J32: ='Raw datas'!L29/('Raw datas'!L$3+'Raw datas'!L$10)*500 -> 22.635284 | K32: ='Raw datas'!M29/('Raw datas'!M$3+'Raw datas'!M$10)*500 -> 39.519334 | ... FP32: ='Raw datas'!FR29/('Raw datas'!FR$3+'Raw datas'!FR$10)*500 -> 13.837886
C33: Somme espèces CE | D33: =SUM(D30:D32) -> 77.604167 | E33: =SUM(E30:E32) -> 28.484915 | F33: =SUM(F30:F32) -> 1.5918497e-08 | G33: =SUM(G30:G32) -> 16.846216 | H33: =SUM(H30:H32) -> 28.806912 | I33: =SUM(I30:I32) -> 9.0333808 | J33: =SUM(J30:J32) -> 34.980202 | K33: =SUM(K30:K32) -> 53.149841 | ... FP33: =SUM(FP30:FP32) -> 13.837886
A34: CER | B34: Cer 30:1;O2 | C34: Cer 34:1,O2 | D34: ='Raw datas'!F31/'Raw datas'!F$30*200 -> 7.8570132 | E34: ='Raw datas'!G31/'Raw datas'!G$30*200 -> 2.9974287 | F34: ='Raw datas'!H31/'Raw datas'!H$30*200 -> 3.4441192e-09 | G34: ='Raw datas'!I31/'Raw datas'!I$30*200 -> 2.7925161e-09 | H34: ='Raw datas'!J31/'Raw datas'!J$30*200 -> 2.3995201e-09 | I34: ='Raw datas'!K31/'Raw datas'!K$30*200 -> 5.800464e-09 | J34: ='Raw datas'!L31/'Raw datas'!L$30*200 -> 3.6543029e-09 | K34: ='Raw datas'!M31/'Raw datas'!M$30*200 -> 3.2615786e-09 | ... FP34: ='Raw datas'!FR31/'Raw datas'!FR$30*200 -> 2.3526644e-09
C35: Cer 40:1,O2 | D35: ='Raw datas'!F32/'Raw datas'!F$30*200 -> 20.156052 | E35: ='Raw datas'!G32/'Raw datas'!G$30*200 -> 7.0993021 | F35: ='Raw datas'!H32/'Raw datas'!H$30*200 -> 7.4151886 | G35: ='Raw datas'!I32/'Raw datas'!I$30*200 -> 3.398492 | H35: ='Raw datas'!J32/'Raw datas'!J$30*200 -> 4.0719856 | I35: ='Raw datas'!K32/'Raw datas'!K$30*200 -> 5.800464e-09 | J35: ='Raw datas'!L32/'Raw datas'!L$30*200 -> 3.6543029e-09 | K35: ='Raw datas'!M32/'Raw datas'!M$30*200 -> 7.6320939 | ... FP35: ='Raw datas'!FR32/'Raw datas'!FR$30*200 -> 2.71968
C36: Cer 41:1,O2 | D36: ='Raw datas'!F33/'Raw datas'!F$30*200 -> 13.761568 | E36: ='Raw datas'!G33/'Raw datas'!G$30*200 -> 4.5402228 | F36: ='Raw datas'!H33/'Raw datas'!H$30*200 -> 4.6771138 | G36: ='Raw datas'!I33/'Raw datas'!I$30*200 -> 2.7925161e-09 | H36: ='Raw datas'!J33/'Raw datas'!J$30*200 -> 2.4787043 | I36: ='Raw datas'!K33/'Raw datas'!K$30*200 -> 5.800464e-09 | J36: ='Raw datas'!L33/'Raw datas'!L$30*200 -> 3.6543029e-09 | K36: ='Raw datas'!M33/'Raw datas'!M$30*200 -> 7.3059361 | ... FP36: ='Raw datas'!FR33/'Raw datas'!FR$30*200 -> 2.3526644e-09
C37: Cer 42:1,O2 | D37: ='Raw datas'!F34/'Raw datas'!F$30*200 -> 3.6291054e-09 | E37: ='Raw datas'!G34/'Raw datas'!G$30*200 -> 2.4488796e-09 | F37: ='Raw datas'!H34/'Raw datas'!H$30*200 -> 3.4441192e-09 | G37: ='Raw datas'!I34/'Raw datas'!I$30*200 -> 14.480211 | H37: ='Raw datas'!J34/'Raw datas'!J$30*200 -> 10.663942 | I37: ='Raw datas'!K34/'Raw datas'!K$30*200 -> 7.4526485 | J37: ='Raw datas'!L34/'Raw datas'!L$30*200 -> 9.0707589 | K37: ='Raw datas'!M34/'Raw datas'!M$30*200 -> 3.2615786e-09 | ... FP37: ='Raw datas'!FR34/'Raw datas'!FR$30*200 -> 2.3526644e-09
C38: Cer 42:2,O2 | D38: ='Raw datas'!F35/'Raw datas'!F$30*200 -> 9.2832517 | E38: ='Raw datas'!G35/'Raw datas'!G$30*200 -> 22.58837 | F38: ='Raw datas'!H35/'Raw datas'!H$30*200 -> 14.847598 | G38: ='Raw datas'!I35/'Raw datas'!I$30*200 -> 3.7587266 | H38: ='Raw datas'!J35/'Raw datas'!J$30*200 -> 3.6592681 | I38: ='Raw datas'!K35/'Raw datas'!K$30*200 -> 6.0324826 | J38: ='Raw datas'!L35/'Raw datas'!L$30*200 -> 5.7993788 | K38: ='Raw datas'!M35/'Raw datas'!M$30*200 -> 9.1454664 | ... FP38: ='Raw datas'!FR35/'Raw datas'!FR$30*200 -> 7.5896953
C39: Cer 42:3,O2 | D39: ='Raw datas'!F36/'Raw datas'!F$30*200 -> 3.6291054e-09 | E39: ='Raw datas'!G36/'Raw datas'!G$30*200 -> 2.9827354 | F39: ='Raw datas'!H36/'Raw datas'!H$30*200 -> 3.4441192e-09 | G39: ='Raw datas'!I36/'Raw datas'!I$30*200 -> 2.7925161e-09 | H39: ='Raw datas'!J36/'Raw datas'!J$30*200 -> 2.3995201e-09 | I39: ='Raw datas'!K36/'Raw datas'!K$30*200 -> 5.800464e-09 | J39: ='Raw datas'!L36/'Raw datas'!L$30*200 -> 3.6543029e-09 | K39: ='Raw datas'!M36/'Raw datas'!M$30*200 -> 3.2615786e-09 | ... FP39: ='Raw datas'!FR36/'Raw datas'!FR$30*200 -> 2.3526644e-09
C40: Somme espèces Cer | D40: =SUM(D34:D39) -> 51.057884 | E40: =SUM(E34:E39) -> 40.208059 | F40: =SUM(F34:F39) -> 26.9399 | G40: =SUM(G34:G39) -> 21.63743 | H40: =SUM(H34:H39) -> 20.8739 | I40: =SUM(I34:I39) -> 13.485131 | J40: =SUM(J34:J39) -> 14.870138 | K40: =SUM(K34:K39) -> 24.083496 | ... FP40: =SUM(FP34:FP39) -> 10.309375
A41: Chol | B41: Cer 30:1;O2 | C41: Cholesterol | D41: ='Raw datas'!F37/'Raw datas'!F$30*200 -> 112.86518 | E41: ='Raw datas'!G37/'Raw datas'!G$30*200 -> 86.225052 | F41: ='Raw datas'!H37/'Raw datas'!H$30*200 -> 72.395385 | G41: ='Raw datas'!I37/'Raw datas'!I$30*200 -> 131.61128 | H41: ='Raw datas'!J37/'Raw datas'!J$30*200 -> 62.915417 | I41: ='Raw datas'!K37/'Raw datas'!K$30*200 -> 31.583527 | J41: ='Raw datas'!L37/'Raw datas'!L$30*200 -> 31.664535 | K41: ='Raw datas'!M37/'Raw datas'!M$30*200 -> 72.863666 | ... FP41: ='Raw datas'!FR37/'Raw datas'!FR$30*200 -> 2.3526644e-09
C42: Somme Cholesterol | D42: =D41 -> 112.86518 | E42: =E41 -> 86.225052 | F42: =F41 -> 72.395385 | G42: =G41 -> 131.61128 | H42: =H41 -> 62.915417 | I42: =I41 -> 31.583527 | J42: =J41 -> 31.664535 | K42: =K41 -> 72.863666 | ... FP42: =FP41 -> 2.3526644e-09
A43: HexCer | B43: HexCer 30:1;O2 | C43: HEXCER 42:1,O2 | D43: ='Raw datas'!F39/'Raw datas'!F$38*250 -> 31.063641 | E43: ='Raw datas'!G39/'Raw datas'!G$38*250 -> 5.5942107 | F43: ='Raw datas'!H39/'Raw datas'!H$38*250 -> 1.3185654e-08 | G43: ='Raw datas'!I39/'Raw datas'!I$38*250 -> 9.8931539e-09 | H43: ='Raw datas'!J39/'Raw datas'!J$38*250 -> 7.6196282e-09 | I43: ='Raw datas'!K39/'Raw datas'!K$38*250 -> 1.717033e-08 | J43: ='Raw datas'!L39/'Raw datas'!L$38*250 -> 9.7618118e-09 | K43: ='Raw datas'!M39/'Raw datas'!M$38*250 -> 20.313364 | ... FP43: ='Raw datas'!FR39/'Raw datas'!FR$38*250 -> 8.355615e-09
C44: HEXCER 42:2,O2 | D44: ='Raw datas'!F40/'Raw datas'!F$38*250 -> 15.821711 | E44: ='Raw datas'!G40/'Raw datas'!G$38*250 -> 6.4058418 | F44: ='Raw datas'!H40/'Raw datas'!H$38*250 -> 1.3185654e-08 | G44: ='Raw datas'!I40/'Raw datas'!I$38*250 -> 9.8931539e-09 | H44: ='Raw datas'!J40/'Raw datas'!J$38*250 -> 7.6196282e-09 | I44: ='Raw datas'!K40/'Raw datas'!K$38*250 -> 1.717033e-08 | J44: ='Raw datas'!L40/'Raw datas'!L$38*250 -> 9.7618118e-09 | K44: ='Raw datas'!M40/'Raw datas'!M$38*250 -> 8.0940989 | ... FP44: ='Raw datas'!FR40/'Raw datas'!FR$38*250 -> 8.355615e-09
C45: Sommes espèces HexCer | D45: =SUM(D43:D44) -> 46.885352 | E45: =SUM(E43:E44) -> 12.000053 | F45: =SUM(F43:F44) -> 2.6371308e-08 | G45: =SUM(G43:G44) -> 1.9786308e-08 | H45: =SUM(H43:H44) -> 1.5239256e-08 | I45: =SUM(I43:I44) -> 3.4340659e-08 | J45: =SUM(J43:J44) -> 1.9523624e-08 | K45: =SUM(K43:K44) -> 28.407463 | ... FP45: =SUM(FP43:FP44) -> 1.671123e-08
A46: LPC | B46: LPE 13:0 | C46: LPC 13:0 | D46: ='Raw datas'!F41/'Raw datas'!F$61*200 -> 1.24533e-07 | E46: ='Raw datas'!G41/'Raw datas'!G$61*200 -> 7.7190274e-08 | F46: ='Raw datas'!H41/'Raw datas'!H$61*200 -> 1.5278839e-07 | G46: ='Raw datas'!I41/'Raw datas'!I$61*200 -> 87.25065 | H46: ='Raw datas'!J41/'Raw datas'!J$61*200 -> 93.951613 | I46: ='Raw datas'!K41/'Raw datas'!K$61*200 -> 1.2928248e-07 | J46: ='Raw datas'!L41/'Raw datas'!L$61*200 -> 1.0277492e-07 | K46: ='Raw datas'!M41/'Raw datas'!M$61*200 -> 9.569378e-08 | ... FP46: ='Raw datas'!FR41/'Raw datas'!FR$61*200 -> 160.56214
C47: LPC 14:0 | D47: ='Raw datas'!F42/'Raw datas'!F$61*200 -> 1.24533e-07 | E47: ='Raw datas'!G42/'Raw datas'!G$61*200 -> 110.3049 | F47: ='Raw datas'!H42/'Raw datas'!H$61*200 -> 207.02827 | G47: ='Raw datas'!I42/'Raw datas'!I$61*200 -> 8.6730269e-08 | H47: ='Raw datas'!J42/'Raw datas'!J$61*200 -> 6.7204301e-08 | I47: ='Raw datas'!K42/'Raw datas'!K$61*200 -> 1.2928248e-07 | J47: ='Raw datas'!L42/'Raw datas'!L$61*200 -> 1.0277492e-07 | K47: ='Raw datas'!M42/'Raw datas'!M$61*200 -> 244.689 | ... FP47: ='Raw datas'!FR42/'Raw datas'!FR$61*200 -> 100.65876
C48: LPC 15:0 | D48: ='Raw datas'!F43/'Raw datas'!F$61*200 -> 1.24533e-07 | E48: ='Raw datas'!G43/'Raw datas'!G$61*200 -> 7.7190274e-08 | F48: ='Raw datas'!H43/'Raw datas'!H$61*200 -> 1.5278839e-07 | G48: ='Raw datas'!I43/'Raw datas'!I$61*200 -> 8.6730269e-08 | H48: ='Raw datas'!J43/'Raw datas'!J$61*200 -> 6.7204301e-08 | I48: ='Raw datas'!K43/'Raw datas'!K$61*200 -> 1.2928248e-07 | J48: ='Raw datas'!L43/'Raw datas'!L$61*200 -> 1.0277492e-07 | K48: ='Raw datas'!M43/'Raw datas'!M$61*200 -> 9.569378e-08 | ... FP48: ='Raw datas'!FR43/'Raw datas'!FR$61*200 -> 8.783487e-08
C49: LPC 16:0 | D49: ='Raw datas'!F44/'Raw datas'!F$61*200 -> 7564.0561 | E49: ='Raw datas'!G44/'Raw datas'!G$61*200 -> 16101.233 | F49: ='Raw datas'!H44/'Raw datas'!H$61*200 -> 24225.033 | G49: ='Raw datas'!I44/'Raw datas'!I$61*200 -> 18688.431 | H49: ='Raw datas'!J44/'Raw datas'!J$61*200 -> 6092.2678 | I49: ='Raw datas'!K44/'Raw datas'!K$61*200 -> 7786.449 | J49: ='Raw datas'!L44/'Raw datas'!L$61*200 -> 12297.034 | K49: ='Raw datas'!M44/'Raw datas'!M$61*200 -> 24079.684 | ... FP49: ='Raw datas'!FR44/'Raw datas'!FR$61*200 -> 17075.977
C50: LPC 16:1 | D50: ='Raw datas'!F45/'Raw datas'!F$61*200 -> 127.39726 | E50: ='Raw datas'!G45/'Raw datas'!G$61*200 -> 481.20417 | F50: ='Raw datas'!H45/'Raw datas'!H$61*200 -> 763.02521 | G50: ='Raw datas'!I45/'Raw datas'!I$61*200 -> 214.48395 | H50: ='Raw datas'!J45/'Raw datas'!J$61*200 -> 118.21237 | I50: ='Raw datas'!K45/'Raw datas'!K$61*200 -> 135.35876 | J50: ='Raw datas'!L45/'Raw datas'!L$61*200 -> 311.20247 | K50: ='Raw datas'!M45/'Raw datas'!M$61*200 -> 516.84211 | ... FP50: ='Raw datas'!FR45/'Raw datas'!FR$61*200 -> 337.19807
C51: LPC 17:0 | D51: ='Raw datas'!F46/'Raw datas'!F$61*200 -> 1.24533e-07 | E51: ='Raw datas'!G46/'Raw datas'!G$61*200 -> 89.463528 | F51: ='Raw datas'!H46/'Raw datas'!H$61*200 -> 234.37739 | G51: ='Raw datas'!I46/'Raw datas'!I$61*200 -> 8.6730269e-08 | H51: ='Raw datas'!J46/'Raw datas'!J$61*200 -> 6.7204301e-08 | I51: ='Raw datas'!K46/'Raw datas'!K$61*200 -> 1.2928248e-07 | J51: ='Raw datas'!L46/'Raw datas'!L$61*200 -> 1.0277492e-07 | K51: ='Raw datas'!M46/'Raw datas'!M$61*200 -> 202.77512 | ... FP51: ='Raw datas'!FR46/'Raw datas'!FR$61*200 -> 138.86693
C52: LPC 18:0 | D52: ='Raw datas'!F47/'Raw datas'!F$61*200 -> 2383.0279 | E52: ='Raw datas'!G47/'Raw datas'!G$61*200 -> 4944.8554 | F52: ='Raw datas'!H47/'Raw datas'!H$61*200 -> 9002.4732 | G52: ='Raw datas'!I47/'Raw datas'!I$61*200 -> 6815.1044 | H52: ='Raw datas'!J47/'Raw datas'!J$61*200 -> 2003.5893 | I52: ='Raw datas'!K47/'Raw datas'!K$61*200 -> 2352.8247 | J52: ='Raw datas'!L47/'Raw datas'!L$61*200 -> 4448.8548 | K52: ='Raw datas'!M47/'Raw datas'!M$61*200 -> 7711.6856 | ... FP52: ='Raw datas'!FR47/'Raw datas'!FR$61*200 -> 5486.1835
C53: LPC 18:1 | D53: ='Raw datas'!F48/'Raw datas'!F$61*200 -> 2160.6952 | E53: ='Raw datas'!G48/'Raw datas'!G$61*200 -> 3610.2631 | F53: ='Raw datas'!H48/'Raw datas'!H$61*200 -> 7309.3956 | G53: ='Raw datas'!I48/'Raw datas'!I$61*200 -> 4684.4931 | H53: ='Raw datas'!J48/'Raw datas'!J$61*200 -> 1156.7154 | I53: ='Raw datas'!K48/'Raw datas'!K$61*200 -> 1397.803 | J53: ='Raw datas'!L48/'Raw datas'!L$61*200 -> 2982.1452 | K53: ='Raw datas'!M48/'Raw datas'!M$61*200 -> 4120.1116 | ... FP53: ='Raw datas'!FR48/'Raw datas'!FR$61*200 -> 4235.1899
C54: LPC 18:2 | D54: ='Raw datas'!F49/'Raw datas'!F$61*200 -> 1682.4442 | E54: ='Raw datas'!G49/'Raw datas'!G$61*200 -> 2447.1199 | F54: ='Raw datas'!H49/'Raw datas'!H$61*200 -> 5204.3936 | G54: ='Raw datas'!I49/'Raw datas'!I$61*200 -> 6233.3309 | H54: ='Raw datas'!J49/'Raw datas'!J$61*200 -> 833.39213 | I54: ='Raw datas'!K49/'Raw datas'!K$61*200 -> 1043.8259 | J54: ='Raw datas'!L49/'Raw datas'!L$61*200 -> 1618.3766 | K54: ='Raw datas'!M49/'Raw datas'!M$61*200 -> 3095.4551 | ... FP54: ='Raw datas'!FR49/'Raw datas'!FR$61*200 -> 6209.1397
C55: LPC 18:3 | D55: ='Raw datas'!F50/'Raw datas'!F$61*200 -> 494.52055 | E55: ='Raw datas'!G50/'Raw datas'!G$61*200 -> 637.59166 | F55: ='Raw datas'!H50/'Raw datas'!H$61*200 -> 1564.5531 | G55: ='Raw datas'!I50/'Raw datas'!I$61*200 -> 1064.1804 | H55: ='Raw datas'!J50/'Raw datas'!J$61*200 -> 435.68548 | I55: ='Raw datas'!K50/'Raw datas'!K$61*200 -> 396.76794 | J55: ='Raw datas'!L50/'Raw datas'!L$61*200 -> 692.39466 | K55: ='Raw datas'!M50/'Raw datas'!M$61*200 -> 1161.7225 | ... FP55: ='Raw datas'!FR50/'Raw datas'!FR$61*200 -> 759.42029
C56: LPC 20:3 | D56: ='Raw datas'!F51/'Raw datas'!F$61*200 -> 135.52792 | E56: ='Raw datas'!G51/'Raw datas'!G$61*200 -> 361.27707 | F56: ='Raw datas'!H51/'Raw datas'!H$61*200 -> 1064.4463 | G56: ='Raw datas'!I51/'Raw datas'!I$61*200 -> 347.41326 | H56: ='Raw datas'!J51/'Raw datas'!J$61*200 -> 205.42966 | I56: ='Raw datas'!K51/'Raw datas'!K$61*200 -> 117.30661 | J56: ='Raw datas'!L51/'Raw datas'!L$61*200 -> 413.31289 | K56: ='Raw datas'!M51/'Raw datas'!M$61*200 -> 633.24045 | ... FP56: ='Raw datas'!FR51/'Raw datas'!FR$61*200 -> 875.93354
C57: LPC 20:4 | D57: ='Raw datas'!F52/'Raw datas'!F$61*200 -> 1080.5729 | E57: ='Raw datas'!G52/'Raw datas'!G$61*200 -> 893.09147 | F57: ='Raw datas'!H52/'Raw datas'!H$61*200 -> 2142.0932 | G57: ='Raw datas'!I52/'Raw datas'!I$61*200 -> 1833.0891 | H57: ='Raw datas'!J52/'Raw datas'!J$61*200 -> 525 | I57: ='Raw datas'!K52/'Raw datas'!K$61*200 -> 599.09502 | J57: ='Raw datas'!L52/'Raw datas'!L$61*200 -> 711.92189 | K57: ='Raw datas'!M52/'Raw datas'!M$61*200 -> 2499.5215 | ... FP57: ='Raw datas'!FR52/'Raw datas'!FR$61*200 -> 2041.2824
C58: LPC 20:5 | D58: ='Raw datas'!F53/'Raw datas'!F$61*200 -> 1.24533e-07 | E58: ='Raw datas'!G53/'Raw datas'!G$61*200 -> 7.7190274e-08 | F58: ='Raw datas'!H53/'Raw datas'!H$61*200 -> 1.5278839e-07 | G58: ='Raw datas'!I53/'Raw datas'!I$61*200 -> 118.64701 | H58: ='Raw datas'!J53/'Raw datas'!J$61*200 -> 6.7204301e-08 | I58: ='Raw datas'!K53/'Raw datas'!K$61*200 -> 1.2928248e-07 | J58: ='Raw datas'!L53/'Raw datas'!L$61*200 -> 1.0277492e-07 | K58: ='Raw datas'!M53/'Raw datas'!M$61*200 -> 9.569378e-08 | ... FP58: ='Raw datas'!FR53/'Raw datas'!FR$61*200 -> 8.783487e-08
... C65: LPC O-18:2//LPC P-18:1 | D65: ='Raw datas'!F60/'Raw datas'!F$61*200 -> 1.24533e-07 | E65: ='Raw datas'!G60/'Raw datas'!G$61*200 -> 7.7190274e-08 | F65: ='Raw datas'!H60/'Raw datas'!H$61*200 -> 1.5278839e-07 | G65: ='Raw datas'!I60/'Raw datas'!I$61*200 -> 106.93842 | H65: ='Raw datas'!J60/'Raw datas'!J$61*200 -> 6.7204301e-08 | I65: ='Raw datas'!K60/'Raw datas'!K$61*200 -> 1.2928248e-07 | J65: ='Raw datas'!L60/'Raw datas'!L$61*200 -> 1.0277492e-07 | K65: ='Raw datas'!M60/'Raw datas'!M$61*200 -> 123.92344 | ... FP65: ='Raw datas'!FR60/'Raw datas'!FR$61*200 -> 8.783487e-08
C66: Somme espèces LPC | D66: =SUM(D46:D65) -> 15958.628 | E66: =SUM(E46:E65) -> 30552.359 | F66: =SUM(F46:F65) -> 52491.762 | G66: =SUM(G46:G65) -> 41577.519 | H66: =SUM(H46:H65) -> 11784.607 | I66: =SUM(I46:I65) -> 13829.431 | J66: =SUM(J46:J65) -> 23827.966 | K66: =SUM(K46:K65) -> 46293.687 | ... FP66: =SUM(FP46:FP65) -> 38432.564
A67: PC | B67: PC (13:0/13:0) | C67: PC 30:0 | D67: ='Raw datas'!F63/'Raw datas'!F$62*500 -> 14.216973 | E67: ='Raw datas'!G63/'Raw datas'!G$62*500 -> 12.557307 | F67: ='Raw datas'!H63/'Raw datas'!H$62*500 -> 29.982797 | G67: ='Raw datas'!I63/'Raw datas'!I$62*500 -> 4.9212598e-09 | H67: ='Raw datas'!J63/'Raw datas'!J$62*500 -> 5.8710801 | I67: ='Raw datas'!K63/'Raw datas'!K$62*500 -> 7.8851916e-09 | J67: ='Raw datas'!L63/'Raw datas'!L$62*500 -> 8.2372598 | K67: ='Raw datas'!M63/'Raw datas'!M$62*500 -> 18.590504 | ... FP67: ='Raw datas'!FR63/'Raw datas'!FR$62*500 -> 18.821778
C68: PC 32:0 | D68: ='Raw datas'!F64/'Raw datas'!F$62*500 -> 300.5972 | E68: ='Raw datas'!G64/'Raw datas'!G$62*500 -> 134.90102 | F68: ='Raw datas'!H64/'Raw datas'!H$62*500 -> 155.26004 | G68: ='Raw datas'!I64/'Raw datas'!I$62*500 -> 108.02599 | H68: ='Raw datas'!J64/'Raw datas'!J$62*500 -> 85.616172 | I68: ='Raw datas'!K64/'Raw datas'!K$62*500 -> 54.45214 | J68: ='Raw datas'!L64/'Raw datas'!L$62*500 -> 62.983441 | K68: ='Raw datas'!M64/'Raw datas'!M$62*500 -> 129.73928 | ... FP68: ='Raw datas'!FR64/'Raw datas'!FR$62*500 -> 126.36685
C69: PC 32:1 | D69: ='Raw datas'!F65/'Raw datas'!F$62*500 -> 174.70472 | E69: ='Raw datas'!G65/'Raw datas'!G$62*500 -> 172.29497 | F69: ='Raw datas'!H65/'Raw datas'!H$62*500 -> 341.12559 | G69: ='Raw datas'!I65/'Raw datas'!I$62*500 -> 35.846457 | H69: ='Raw datas'!J65/'Raw datas'!J$62*500 -> 61.777003 | I69: ='Raw datas'!K65/'Raw datas'!K$62*500 -> 38.195868 | J69: ='Raw datas'!L65/'Raw datas'!L$62*500 -> 93.274854 | K69: ='Raw datas'!M65/'Raw datas'!M$62*500 -> 103.26423 | ... FP69: ='Raw datas'!FR65/'Raw datas'!FR$62*500 -> 121.58281
C70: PC 32:2 | D70: ='Raw datas'!F66/'Raw datas'!F$62*500 -> 5.4680665e-09 | E70: ='Raw datas'!G66/'Raw datas'!G$62*500 -> 8.9863897 | F70: ='Raw datas'!H66/'Raw datas'!H$62*500 -> 12.343328 | G70: ='Raw datas'!I66/'Raw datas'!I$62*500 -> 4.9212598e-09 | H70: ='Raw datas'!J66/'Raw datas'!J$62*500 -> 3.4843206e-09 | I70: ='Raw datas'!K66/'Raw datas'!K$62*500 -> 7.8851916e-09 | J70: ='Raw datas'!L66/'Raw datas'!L$62*500 -> 4.1771094e-09 | K70: ='Raw datas'!M66/'Raw datas'!M$62*500 -> 8.264095 | ... FP70: ='Raw datas'!FR66/'Raw datas'!FR$62*500 -> 9.4800085
C71: PC 34:0 | D71: ='Raw datas'!F67/'Raw datas'!F$62*500 -> 5.4680665e-09 | E71: ='Raw datas'!G67/'Raw datas'!G$62*500 -> 3.5816619e-09 | F71: ='Raw datas'!H67/'Raw datas'!H$62*500 -> 6.1440157e-09 | G71: ='Raw datas'!I67/'Raw datas'!I$62*500 -> 4.9212598e-09 | H71: ='Raw datas'!J67/'Raw datas'!J$62*500 -> 3.4843206e-09 | I71: ='Raw datas'!K67/'Raw datas'!K$62*500 -> 7.8851916e-09 | J71: ='Raw datas'!L67/'Raw datas'!L$62*500 -> 4.1771094e-09 | K71: ='Raw datas'!M67/'Raw datas'!M$62*500 -> 4.9455984e-09 | ... FP71: ='Raw datas'!FR67/'Raw datas'!FR$62*500 -> 5.3168864e-09
C72: PC 34:1 | D72: ='Raw datas'!F68/'Raw datas'!F$62*500 -> 3446.7733 | E72: ='Raw datas'!G68/'Raw datas'!G$62*500 -> 3158.2485 | F72: ='Raw datas'!H68/'Raw datas'!H$62*500 -> 4285.3328 | G72: ='Raw datas'!I68/'Raw datas'!I$62*500 -> 1477.825 | H72: ='Raw datas'!J68/'Raw datas'!J$62*500 -> 1310.6161 | I72: ='Raw datas'!K68/'Raw datas'!K$62*500 -> 704.06209 | J72: ='Raw datas'!L68/'Raw datas'!L$62*500 -> 1702.4412 | K72: ='Raw datas'!M68/'Raw datas'!M$62*500 -> 2296.2363 | ... FP72: ='Raw datas'!FR68/'Raw datas'!FR$62*500 -> 2439.7574
C73: PC 34:2 | D73: ='Raw datas'!F69/'Raw datas'!F$62*500 -> 2633.6312 | E73: ='Raw datas'!G69/'Raw datas'!G$62*500 -> 2917.4066 | F73: ='Raw datas'!H69/'Raw datas'!H$62*500 -> 3563.6696 | G73: ='Raw datas'!I69/'Raw datas'!I$62*500 -> 2579.2934 | H73: ='Raw datas'!J69/'Raw datas'!J$62*500 -> 1097.6668 | I73: ='Raw datas'!K69/'Raw datas'!K$62*500 -> 1008.27 | J73: ='Raw datas'!L69/'Raw datas'!L$62*500 -> 882.91195 | K73: ='Raw datas'!M69/'Raw datas'!M$62*500 -> 1707.9163 | ... FP73: ='Raw datas'!FR69/'Raw datas'!FR$62*500 -> 3445.5957
C74: PC 34:3 | D74: ='Raw datas'!F70/'Raw datas'!F$62*500 -> 33.716098 | E74: ='Raw datas'!G70/'Raw datas'!G$62*500 -> 62.643266 | F74: ='Raw datas'!H70/'Raw datas'!H$62*500 -> 103.33324 | G74: ='Raw datas'!I70/'Raw datas'!I$62*500 -> 31.382874 | H74: ='Raw datas'!J70/'Raw datas'!J$62*500 -> 27.355401 | I74: ='Raw datas'!K70/'Raw datas'!K$62*500 -> 14.761079 | J74: ='Raw datas'!L70/'Raw datas'!L$62*500 -> 34.866332 | K74: ='Raw datas'!M70/'Raw datas'!M$62*500 -> 42.420318 | ... FP74: ='Raw datas'!FR70/'Raw datas'!FR$62*500 -> 58.219906
C75: PC 34:4 | D75: ='Raw datas'!F71/'Raw datas'!F$62*500 -> 5.4680665e-09 | E75: ='Raw datas'!G71/'Raw datas'!G$62*500 -> 3.5816619e-09 | F75: ='Raw datas'!H71/'Raw datas'!H$62*500 -> 7.5448513 | G75: ='Raw datas'!I71/'Raw datas'!I$62*500 -> 4.9212598e-09 | H75: ='Raw datas'!J71/'Raw datas'!J$62*500 -> 3.4843206e-09 | I75: ='Raw datas'!K71/'Raw datas'!K$62*500 -> 7.8851916e-09 | J75: ='Raw datas'!L71/'Raw datas'!L$62*500 -> 4.1771094e-09 | K75: ='Raw datas'!M71/'Raw datas'!M$62*500 -> 9.446093 | ... FP75: ='Raw datas'!FR71/'Raw datas'!FR$62*500 -> 5.3168864e-09
C76: PC 36:0 | D76: ='Raw datas'!F72/'Raw datas'!F$62*500 -> 5.4680665e-09 | E76: ='Raw datas'!G72/'Raw datas'!G$62*500 -> 3.5816619e-09 | F76: ='Raw datas'!H72/'Raw datas'!H$62*500 -> 6.1440157e-09 | G76: ='Raw datas'!I72/'Raw datas'!I$62*500 -> 4.9212598e-09 | H76: ='Raw datas'!J72/'Raw datas'!J$62*500 -> 3.4843206e-09 | I76: ='Raw datas'!K72/'Raw datas'!K$62*500 -> 7.8851916e-09 | J76: ='Raw datas'!L72/'Raw datas'!L$62*500 -> 4.1771094e-09 | K76: ='Raw datas'!M72/'Raw datas'!M$62*500 -> 4.9455984e-09 | ... FP76: ='Raw datas'!FR72/'Raw datas'!FR$62*500 -> 5.3168864e-09
C77: PC 36:1 | D77: ='Raw datas'!F73/'Raw datas'!F$62*500 -> 351.92139 | E77: ='Raw datas'!G73/'Raw datas'!G$62*500 -> 510.99303 | F77: ='Raw datas'!H73/'Raw datas'!H$62*500 -> 914.84957 | G77: ='Raw datas'!I73/'Raw datas'!I$62*500 -> 239.13801 | H77: ='Raw datas'!J73/'Raw datas'!J$62*500 -> 90.609864 | I77: ='Raw datas'!K73/'Raw datas'!K$62*500 -> 123.4328 | J77: ='Raw datas'!L73/'Raw datas'!L$62*500 -> 380.01572 | K77: ='Raw datas'!M73/'Raw datas'!M$62*500 -> 312.79952 | ... FP77: ='Raw datas'!FR73/'Raw datas'!FR$62*500 -> 371.79087
C78: PC 36:2 | D78: ='Raw datas'!F74/'Raw datas'!F$62*500 -> 1453.3374 | E78: ='Raw datas'!G74/'Raw datas'!G$62*500 -> 1541.9818 | F78: ='Raw datas'!H74/'Raw datas'!H$62*500 -> 2103.022 | G78: ='Raw datas'!I74/'Raw datas'!I$62*500 -> 1582.7583 | H78: ='Raw datas'!J74/'Raw datas'!J$62*500 -> 660.12207 | I78: ='Raw datas'!K74/'Raw datas'!K$62*500 -> 566.05281 | J78: ='Raw datas'!L74/'Raw datas'!L$62*500 -> 807.54982 | K78: ='Raw datas'!M74/'Raw datas'!M$62*500 -> 1143.392 | ... FP78: ='Raw datas'!FR74/'Raw datas'!FR$62*500 -> 1711.8388
C79: PC 36:3 | D79: ='Raw datas'!F75/'Raw datas'!F$62*500 -> 421.04573 | E79: ='Raw datas'!G75/'Raw datas'!G$62*500 -> 758.85736 | F79: ='Raw datas'!H75/'Raw datas'!H$62*500 -> 1376.6784 | G79: ='Raw datas'!I75/'Raw datas'!I$62*500 -> 682.79045 | H79: ='Raw datas'!J75/'Raw datas'!J$62*500 -> 388.77312 | I79: ='Raw datas'!K75/'Raw datas'!K$62*500 -> 335.15871 | J79: ='Raw datas'!L75/'Raw datas'!L$62*500 -> 566.72904 | K79: ='Raw datas'!M75/'Raw datas'!M$62*500 -> 1037.7749 | ... FP79: ='Raw datas'!FR75/'Raw datas'!FR$62*500 -> 1180.4375
... C105: PC O-42:4//PC P-42:3 | D105: ='Raw datas'!F101/'Raw datas'!F$62*500 -> 7.0319335 | E105: ='Raw datas'!G101/'Raw datas'!G$62*500 -> 3.7893983 | F105: ='Raw datas'!H101/'Raw datas'!H$62*500 -> 6.1440157e-09 | G105: ='Raw datas'!I101/'Raw datas'!I$62*500 -> 4.9212598e-09 | H105: ='Raw datas'!J101/'Raw datas'!J$62*500 -> 3.4843206e-09 | I105: ='Raw datas'!K101/'Raw datas'!K$62*500 -> 7.8851916e-09 | J105: ='Raw datas'!L101/'Raw datas'!L$62*500 -> 4.1771094e-09 | K105: ='Raw datas'!M101/'Raw datas'!M$62*500 -> 4.9455984e-09 | ... FP105: ='Raw datas'!FR101/'Raw datas'!FR$62*500 -> 6.1569545
C106: Somme espèces PC | D106: =SUM(D67:D105) -> 12300.684 | E106: =SUM(E67:E105) -> 12913.792 | F106: =SUM(F67:F105) -> 18539.366 | G106: =SUM(G67:G105) -> 10018.965 | H106: =SUM(H67:H105) -> 5690.8931 | I106: =SUM(I67:I105) -> 4873.0151 | J106: =SUM(J67:J105) -> 6964.4888 | K106: =SUM(K67:K105) -> 13975.291 | ... FP106: =SUM(FP67:FP105) -> 14391.304
A107: PE | B107: PE (12:0/12:0) | C107: PE 38:4 | D107: ='Raw datas'!F103/'Raw datas'!F$102*550 -> 76.559245 | E107: ='Raw datas'!G103/'Raw datas'!G$102*550 -> 66.493955 | F107: ='Raw datas'!H103/'Raw datas'!H$102*550 -> 90.219842 | G107: ='Raw datas'!I103/'Raw datas'!I$102*550 -> 6.8204365e-08 | H107: ='Raw datas'!J103/'Raw datas'!J$102*550 -> 3.8596491e-08 | I107: ='Raw datas'!K103/'Raw datas'!K$102*550 -> 1.5265057e-07 | J107: ='Raw datas'!L103/'Raw datas'!L$102*550 -> 6.0813799e-08 | K107: ='Raw datas'!M103/'Raw datas'!M$102*550 -> 5.4080629e-08 | ... FP107: ='Raw datas'!FR103/'Raw datas'!FR$102*550 -> 9.3315236e-08
C108: PE O-36:4//PE P-36:3 | D108: ='Raw datas'!F104/'Raw datas'!F$102*550 -> 6.7393702e-08 | E108: ='Raw datas'!G104/'Raw datas'!G$102*550 -> 4.7495682e-08 | F108: ='Raw datas'!H104/'Raw datas'!H$102*550 -> 7.7508455e-08 | G108: ='Raw datas'!I104/'Raw datas'!I$102*550 -> 6.8204365e-08 | H108: ='Raw datas'!J104/'Raw datas'!J$102*550 -> 3.8596491e-08 | I108: ='Raw datas'!K104/'Raw datas'!K$102*550 -> 1.5265057e-07 | J108: ='Raw datas'!L104/'Raw datas'!L$102*550 -> 6.0813799e-08 | K108: ='Raw datas'!M104/'Raw datas'!M$102*550 -> 71.981318 | ... FP108: ='Raw datas'!FR104/'Raw datas'!FR$102*550 -> 9.3315236e-08
C109: PE O-38:5//PE P-38:4 | D109: ='Raw datas'!F105/'Raw datas'!F$102*550 -> 6.7393702e-08 | E109: ='Raw datas'!G105/'Raw datas'!G$102*550 -> 4.7495682e-08 | F109: ='Raw datas'!H105/'Raw datas'!H$102*550 -> 7.7508455e-08 | G109: ='Raw datas'!I105/'Raw datas'!I$102*550 -> 6.8204365e-08 | H109: ='Raw datas'!J105/'Raw datas'!J$102*550 -> 3.8596491e-08 | I109: ='Raw datas'!K105/'Raw datas'!K$102*550 -> 1.5265057e-07 | J109: ='Raw datas'!L105/'Raw datas'!L$102*550 -> 6.0813799e-08 | K109: ='Raw datas'!M105/'Raw datas'!M$102*550 -> 80.580138 | ... FP109: ='Raw datas'!FR105/'Raw datas'!FR$102*550 -> 9.3315236e-08
C110: Somme espèces PE | D110: =SUM(D107:D109) -> 76.559245 | E110: =SUM(E107:E109) -> 66.493955 | F110: =SUM(F107:F109) -> 90.219842 | G110: =SUM(G107:G109) -> 2.046131e-07 | H110: =SUM(H107:H109) -> 1.1578947e-07 | I110: =SUM(I107:I109) -> 4.5795171e-07 | J110: =SUM(J107:J109) -> 1.824414e-07 | K110: =SUM(K107:K109) -> 152.56146 | ... FP110: =SUM(FP107:FP109) -> 2.7994571e-07
A111: SM | B111: SM 30:1;O2 | C111: SM 32:1,O2 | D111: ='Raw datas'!F107/'Raw datas'!F$106*500 -> 30.326144 | E111: ='Raw datas'!G107/'Raw datas'!G$106*500 -> 21.663036 | F111: ='Raw datas'!H107/'Raw datas'!H$106*500 -> 30.700549 | G111: ='Raw datas'!I107/'Raw datas'!I$106*500 -> 18.616803 | H111: ='Raw datas'!J107/'Raw datas'!J$106*500 -> 18.633218 | I111: ='Raw datas'!K107/'Raw datas'!K$106*500 -> 1.0993843e-08 | J111: ='Raw datas'!L107/'Raw datas'!L$106*500 -> 14.876971 | K111: ='Raw datas'!M107/'Raw datas'!M$106*500 -> 30.734165 | ... FP111: ='Raw datas'!FR107/'Raw datas'!FR$106*500 -> 20.859983
C112: SM 33:1,O2 | D112: ='Raw datas'!F108/'Raw datas'!F$106*500 -> 18.837454 | E112: ='Raw datas'!G108/'Raw datas'!G$106*500 -> 13.017429 | F112: ='Raw datas'!H108/'Raw datas'!H$106*500 -> 15.597527 | G112: ='Raw datas'!I108/'Raw datas'!I$106*500 -> 10.527664 | H112: ='Raw datas'!J108/'Raw datas'!J$106*500 -> 12.32699 | I112: ='Raw datas'!K108/'Raw datas'!K$106*500 -> 1.0993843e-08 | J112: ='Raw datas'!L108/'Raw datas'!L$106*500 -> 8.8031534 | K112: ='Raw datas'!M108/'Raw datas'!M$106*500 -> 18.728407 | ... FP112: ='Raw datas'!FR108/'Raw datas'!FR$106*500 -> 11.866897
C113: SM 34:0,O2 | D113: ='Raw datas'!F109/'Raw datas'!F$106*500 -> 5.2603893e-09 | E113: ='Raw datas'!G109/'Raw datas'!G$106*500 -> 3.6310821e-09 | F113: ='Raw datas'!H109/'Raw datas'!H$106*500 -> 6.8681319e-09 | G113: ='Raw datas'!I109/'Raw datas'!I$106*500 -> 5.1229508e-09 | H113: ='Raw datas'!J109/'Raw datas'!J$106*500 -> 4.3252595e-09 | I113: ='Raw datas'!K109/'Raw datas'!K$106*500 -> 1.0993843e-08 | J113: ='Raw datas'!L109/'Raw datas'!L$106*500 -> 5.9722886e-09 | K113: ='Raw datas'!M109/'Raw datas'!M$106*500 -> 4.7984645e-09 | ... FP113: ='Raw datas'!FR109/'Raw datas'!FR$106*500 -> 4.3215212e-09
C114: SM 34:1,O2 | D114: ='Raw datas'!F110/'Raw datas'!F$106*500 -> 1335.5631 | E114: ='Raw datas'!G110/'Raw datas'!G$106*500 -> 803.73779 | F114: ='Raw datas'!H110/'Raw datas'!H$106*500 -> 803.61661 | G114: ='Raw datas'!I110/'Raw datas'!I$106*500 -> 696.49516 | H114: ='Raw datas'!J110/'Raw datas'!J$106*500 -> 606.84899 | I114: ='Raw datas'!K110/'Raw datas'!K$106*500 -> 516.25955 | J114: ='Raw datas'!L110/'Raw datas'!L$106*500 -> 391.781 | K114: ='Raw datas'!M110/'Raw datas'!M$106*500 -> 693.46671 | ... FP114: ='Raw datas'!FR110/'Raw datas'!FR$106*500 -> 596.72153
C115: SM 34:2,O2 | D115: ='Raw datas'!F111/'Raw datas'!F$106*500 -> 114.30826 | E115: ='Raw datas'!G111/'Raw datas'!G$106*500 -> 90.559187 | F115: ='Raw datas'!H111/'Raw datas'!H$106*500 -> 83.585165 | G115: ='Raw datas'!I111/'Raw datas'!I$106*500 -> 79.252049 | H115: ='Raw datas'!J111/'Raw datas'!J$106*500 -> 56.83391 | I115: ='Raw datas'!K111/'Raw datas'!K$106*500 -> 37.346086 | J115: ='Raw datas'!L111/'Raw datas'!L$106*500 -> 32.041328 | K115: ='Raw datas'!M111/'Raw datas'!M$106*500 -> 66.890595 | ... FP115: ='Raw datas'!FR111/'Raw datas'!FR$106*500 -> 65.816768
C116: SM 35:1,O2 | D116: ='Raw datas'!F112/'Raw datas'!F$106*500 -> 8.2903735 | E116: ='Raw datas'!G112/'Raw datas'!G$106*500 -> 5.4393609 | F116: ='Raw datas'!H112/'Raw datas'!H$106*500 -> 7.9807692 | G116: ='Raw datas'!I112/'Raw datas'!I$106*500 -> 5.1229508e-09 | H116: ='Raw datas'!J112/'Raw datas'!J$106*500 -> 6.3192042 | I116: ='Raw datas'!K112/'Raw datas'!K$106*500 -> 1.0993843e-08 | J116: ='Raw datas'!L112/'Raw datas'!L$106*500 -> 5.9722886e-09 | K116: ='Raw datas'!M112/'Raw datas'!M$106*500 -> 8.2917466 | ... FP116: ='Raw datas'!FR112/'Raw datas'!FR$106*500 -> 4.9783924
C117: SM 36:0,O2 | D117: ='Raw datas'!F113/'Raw datas'!F$106*500 -> 5.2603893e-09 | E117: ='Raw datas'!G113/'Raw datas'!G$106*500 -> 3.6310821e-09 | F117: ='Raw datas'!H113/'Raw datas'!H$106*500 -> 6.8681319e-09 | G117: ='Raw datas'!I113/'Raw datas'!I$106*500 -> 5.1229508e-09 | H117: ='Raw datas'!J113/'Raw datas'!J$106*500 -> 4.3252595e-09 | I117: ='Raw datas'!K113/'Raw datas'!K$106*500 -> 1.0993843e-08 | J117: ='Raw datas'!L113/'Raw datas'!L$106*500 -> 5.9722886e-09 | K117: ='Raw datas'!M113/'Raw datas'!M$106*500 -> 4.7984645e-09 | ... FP117: ='Raw datas'!FR113/'Raw datas'!FR$106*500 -> 4.3215212e-09
C118: SM 36:1,O2 | D118: ='Raw datas'!F114/'Raw datas'!F$106*500 -> 278.84847 | E118: ='Raw datas'!G114/'Raw datas'!G$106*500 -> 129.05218 | F118: ='Raw datas'!H114/'Raw datas'!H$106*500 -> 186.0152 | G118: ='Raw datas'!I114/'Raw datas'!I$106*500 -> 141.23559 | H118: ='Raw datas'!J114/'Raw datas'!J$106*500 -> 112.58744 | I118: ='Raw datas'!K114/'Raw datas'!K$106*500 -> 65.910134 | J118: ='Raw datas'!L114/'Raw datas'!L$106*500 -> 64.152328 | K118: ='Raw datas'!M114/'Raw datas'!M$106*500 -> 130.55855 | ... FP118: ='Raw datas'!FR114/'Raw datas'!FR$106*500 -> 74.554853
C119: SM 36:2,O2 | D119: ='Raw datas'!F115/'Raw datas'!F$106*500 -> 77.538138 | E119: ='Raw datas'!G115/'Raw datas'!G$106*500 -> 49.709513 | F119: ='Raw datas'!H115/'Raw datas'!H$106*500 -> 64.862637 | G119: ='Raw datas'!I115/'Raw datas'!I$106*500 -> 54.764344 | H119: ='Raw datas'!J115/'Raw datas'!J$106*500 -> 36.137543 | I119: ='Raw datas'!K115/'Raw datas'!K$106*500 -> 19.777924 | J119: ='Raw datas'!L115/'Raw datas'!L$106*500 -> 24.611801 | K119: ='Raw datas'!M115/'Raw datas'!M$106*500 -> 43.886756 | ... FP119: ='Raw datas'!FR115/'Raw datas'!FR$106*500 -> 31.944685
C120: SM 37:1,O2 | D120: ='Raw datas'!F116/'Raw datas'!F$106*500 -> 5.2603893e-09 | E120: ='Raw datas'!G116/'Raw datas'!G$106*500 -> 3.6310821e-09 | F120: ='Raw datas'!H116/'Raw datas'!H$106*500 -> 6.8681319e-09 | G120: ='Raw datas'!I116/'Raw datas'!I$106*500 -> 5.1229508e-09 | H120: ='Raw datas'!J116/'Raw datas'!J$106*500 -> 4.3252595e-09 | I120: ='Raw datas'!K116/'Raw datas'!K$106*500 -> 1.0993843e-08 | J120: ='Raw datas'!L116/'Raw datas'!L$106*500 -> 5.9722886e-09 | K120: ='Raw datas'!M116/'Raw datas'!M$106*500 -> 4.7984645e-09 | ... FP120: ='Raw datas'!FR116/'Raw datas'!FR$106*500 -> 4.3215212e-09
C121: SM 38:1,O2 | D121: ='Raw datas'!F117/'Raw datas'!F$106*500 -> 144.66951 | E121: ='Raw datas'!G117/'Raw datas'!G$106*500 -> 65.213882 | F121: ='Raw datas'!H117/'Raw datas'!H$106*500 -> 77.839738 | G121: ='Raw datas'!I117/'Raw datas'!I$106*500 -> 64.384129 | H121: ='Raw datas'!J117/'Raw datas'!J$106*500 -> 48.827559 | I121: ='Raw datas'!K117/'Raw datas'!K$106*500 -> 27.396658 | J121: ='Raw datas'!L117/'Raw datas'!L$106*500 -> 28.275203 | K121: ='Raw datas'!M117/'Raw datas'!M$106*500 -> 78.306439 | ... FP121: ='Raw datas'!FR117/'Raw datas'!FR$106*500 -> 46.513682
C122: SM 38:2,O2 | D122: ='Raw datas'!F118/'Raw datas'!F$106*500 -> 46.559705 | E122: ='Raw datas'!G118/'Raw datas'!G$106*500 -> 30.177923 | F122: ='Raw datas'!H118/'Raw datas'!H$106*500 -> 35.144231 | G122: ='Raw datas'!I118/'Raw datas'!I$106*500 -> 29.282787 | H122: ='Raw datas'!J118/'Raw datas'!J$106*500 -> 17.83737 | I122: ='Raw datas'!K118/'Raw datas'!K$106*500 -> 1.0993843e-08 | J122: ='Raw datas'!L118/'Raw datas'!L$106*500 -> 10.947205 | K122: ='Raw datas'!M118/'Raw datas'!M$106*500 -> 25.100768 | ... FP122: ='Raw datas'!FR118/'Raw datas'!FR$106*500 -> 20.751945
C123: SM 39:1,O2 | D123: ='Raw datas'!F119/'Raw datas'!F$106*500 -> 17.816938 | E123: ='Raw datas'!G119/'Raw datas'!G$106*500 -> 6.9716776 | F123: ='Raw datas'!H119/'Raw datas'!H$106*500 -> 6.8681319e-09 | G123: ='Raw datas'!I119/'Raw datas'!I$106*500 -> 7.8227459 | H123: ='Raw datas'!J119/'Raw datas'!J$106*500 -> 10.250865 | I123: ='Raw datas'!K119/'Raw datas'!K$106*500 -> 1.0993843e-08 | J123: ='Raw datas'!L119/'Raw datas'!L$106*500 -> 5.9722886e-09 | K123: ='Raw datas'!M119/'Raw datas'!M$106*500 -> 18.90595 | ... FP123: ='Raw datas'!FR119/'Raw datas'!FR$106*500 -> 7.7657736
... C135: SM 43:2,O2 | D135: ='Raw datas'!F131/'Raw datas'!F$106*500 -> 5.6864808 | E135: ='Raw datas'!G131/'Raw datas'!G$106*500 -> 3.6310821e-09 | F135: ='Raw datas'!H131/'Raw datas'!H$106*500 -> 6.8681319e-09 | G135: ='Raw datas'!I131/'Raw datas'!I$106*500 -> 5.1229508e-09 | H135: ='Raw datas'!J131/'Raw datas'!J$106*500 -> 4.3252595e-09 | I135: ='Raw datas'!K131/'Raw datas'!K$106*500 -> 1.0993843e-08 | J135: ='Raw datas'!L131/'Raw datas'!L$106*500 -> 5.9722886e-09 | K135: ='Raw datas'!M131/'Raw datas'!M$106*500 -> 4.7984645e-09 | ... FP135: ='Raw datas'!FR131/'Raw datas'!FR$106*500 -> 4.3215212e-09
C136: Somme espèces SM | D136: =SUM(D111:D135) -> 4701.4945 | E136: =SUM(E111:E135) -> 2465.139 | F136: =SUM(F111:F135) -> 2424.2609 | G136: =SUM(G111:G135) -> 2296.6802 | H136: =SUM(H111:H135) -> 1973.3908 | I136: =SUM(I111:I135) -> 1406.3322 | J136: =SUM(J111:J135) -> 1075.5478 | K136: =SUM(K111:K135) -> 2642.7795 | ... FP136: =SUM(FP111:FP135) -> 1826.0806
A137: TG | B137: (1,2) DG 24:0 + (1,3) DG 24:0 | C137: TG 46:1 | D137: ='Raw datas'!F133/('Raw datas'!F$3+'Raw datas'!F$10)*500 -> 3.5673516e-09 | E137: ='Raw datas'!G133/('Raw datas'!G$3+'Raw datas'!G$10)*500 -> 2.7526976e-09 | F137: ='Raw datas'!H133/('Raw datas'!H$3+'Raw datas'!H$10)*500 -> 9.669601 | G137: ='Raw datas'!I133/('Raw datas'!I$3+'Raw datas'!I$10)*500 -> 4.4887333e-09 | H137: ='Raw datas'!J133/('Raw datas'!J$3+'Raw datas'!J$10)*500 -> 3.4025179e-09 | I137: ='Raw datas'!K133/('Raw datas'!K$3+'Raw datas'!K$10)*500 -> 7.9101408e-09 | J137: ='Raw datas'!L133/('Raw datas'!L$3+'Raw datas'!L$10)*500 -> 4.3994721e-09 | K137: ='Raw datas'!M133/('Raw datas'!M$3+'Raw datas'!M$10)*500 -> 5.1517788 | ... FP137: ='Raw datas'!FR133/('Raw datas'!FR$3+'Raw datas'!FR$10)*500 -> 4.4782803e-09
C138: TG 46:2 | D138: ='Raw datas'!F134/('Raw datas'!F$3+'Raw datas'!F$10)*500 -> 3.5673516e-09 | E138: ='Raw datas'!G134/('Raw datas'!G$3+'Raw datas'!G$10)*500 -> 2.7526976e-09 | F138: ='Raw datas'!H134/('Raw datas'!H$3+'Raw datas'!H$10)*500 -> 34.603799 | G138: ='Raw datas'!I134/('Raw datas'!I$3+'Raw datas'!I$10)*500 -> 4.4887333e-09 | H138: ='Raw datas'!J134/('Raw datas'!J$3+'Raw datas'!J$10)*500 -> 3.4025179e-09 | I138: ='Raw datas'!K134/('Raw datas'!K$3+'Raw datas'!K$10)*500 -> 7.9101408e-09 | J138: ='Raw datas'!L134/('Raw datas'!L$3+'Raw datas'!L$10)*500 -> 4.3994721e-09 | K138: ='Raw datas'!M134/('Raw datas'!M$3+'Raw datas'!M$10)*500 -> 9.653932 | ... FP138: ='Raw datas'!FR134/('Raw datas'!FR$3+'Raw datas'!FR$10)*500 -> 4.4782803e-09
C139: TG 48:0 | D139: ='Raw datas'!F135/('Raw datas'!F$3+'Raw datas'!F$10)*500 -> 3.5673516e-09 | E139: ='Raw datas'!G135/('Raw datas'!G$3+'Raw datas'!G$10)*500 -> 2.7526976e-09 | F139: ='Raw datas'!H135/('Raw datas'!H$3+'Raw datas'!H$10)*500 -> 5.3061658e-09 | G139: ='Raw datas'!I135/('Raw datas'!I$3+'Raw datas'!I$10)*500 -> 4.4887333e-09 | H139: ='Raw datas'!J135/('Raw datas'!J$3+'Raw datas'!J$10)*500 -> 3.4025179e-09 | I139: ='Raw datas'!K135/('Raw datas'!K$3+'Raw datas'!K$10)*500 -> 7.9101408e-09 | J139: ='Raw datas'!L135/('Raw datas'!L$3+'Raw datas'!L$10)*500 -> 4.3994721e-09 | K139: ='Raw datas'!M135/('Raw datas'!M$3+'Raw datas'!M$10)*500 -> 8.1703715 | ... FP139: ='Raw datas'!FR135/('Raw datas'!FR$3+'Raw datas'!FR$10)*500 -> 4.4782803e-09
C140: TG 48:1 | D140: ='Raw datas'!F136/('Raw datas'!F$3+'Raw datas'!F$10)*500 -> 3.5673516e-09 | E140: ='Raw datas'!G136/('Raw datas'!G$3+'Raw datas'!G$10)*500 -> 2.3216377 | F140: ='Raw datas'!H136/('Raw datas'!H$3+'Raw datas'!H$10)*500 -> 14.025201 | G140: ='Raw datas'!I136/('Raw datas'!I$3+'Raw datas'!I$10)*500 -> 4.4887333e-09 | H140: ='Raw datas'!J136/('Raw datas'!J$3+'Raw datas'!J$10)*500 -> 3.4025179e-09 | I140: ='Raw datas'!K136/('Raw datas'!K$3+'Raw datas'!K$10)*500 -> 7.9101408e-09 | J140: ='Raw datas'!L136/('Raw datas'!L$3+'Raw datas'!L$10)*500 -> 7.8436646 | K140: ='Raw datas'!M136/('Raw datas'!M$3+'Raw datas'!M$10)*500 -> 7.7483854 | ... FP140: ='Raw datas'!FR136/('Raw datas'!FR$3+'Raw datas'!FR$10)*500 -> 4.4782803e-09
C141: TG 48:2 | D141: ='Raw datas'!F137/('Raw datas'!F$3+'Raw datas'!F$10)*500 -> 3.5673516e-09 | E141: ='Raw datas'!G137/('Raw datas'!G$3+'Raw datas'!G$10)*500 -> 6.9981362 | F141: ='Raw datas'!H137/('Raw datas'!H$3+'Raw datas'!H$10)*500 -> 81.564284 | G141: ='Raw datas'!I137/('Raw datas'!I$3+'Raw datas'!I$10)*500 -> 4.4887333e-09 | H141: ='Raw datas'!J137/('Raw datas'!J$3+'Raw datas'!J$10)*500 -> 3.4025179e-09 | I141: ='Raw datas'!K137/('Raw datas'!K$3+'Raw datas'!K$10)*500 -> 7.9101408e-09 | J141: ='Raw datas'!L137/('Raw datas'!L$3+'Raw datas'!L$10)*500 -> 10.69839 | K141: ='Raw datas'!M137/('Raw datas'!M$3+'Raw datas'!M$10)*500 -> 23.810932 | ... FP141: ='Raw datas'!FR137/('Raw datas'!FR$3+'Raw datas'!FR$10)*500 -> 4.4782803e-09
C142: TG 48:3 | D142: ='Raw datas'!F138/('Raw datas'!F$3+'Raw datas'!F$10)*500 -> 3.5673516e-09 | E142: ='Raw datas'!G138/('Raw datas'!G$3+'Raw datas'!G$10)*500 -> 3.3042254 | F142: ='Raw datas'!H138/('Raw datas'!H$3+'Raw datas'!H$10)*500 -> 27.827783 | G142: ='Raw datas'!I138/('Raw datas'!I$3+'Raw datas'!I$10)*500 -> 4.4887333e-09 | H142: ='Raw datas'!J138/('Raw datas'!J$3+'Raw datas'!J$10)*500 -> 3.4025179e-09 | I142: ='Raw datas'!K138/('Raw datas'!K$3+'Raw datas'!K$10)*500 -> 7.9101408e-09 | J142: ='Raw datas'!L138/('Raw datas'!L$3+'Raw datas'!L$10)*500 -> 4.3994721e-09 | K142: ='Raw datas'!M138/('Raw datas'!M$3+'Raw datas'!M$10)*500 -> 6.6687157 | ... FP142: ='Raw datas'!FR138/('Raw datas'!FR$3+'Raw datas'!FR$10)*500 -> 4.4782803e-09
C143: TG 49:1 | D143: ='Raw datas'!F139/('Raw datas'!F$3+'Raw datas'!F$10)*500 -> 8.1835021 | E143: ='Raw datas'!G139/('Raw datas'!G$3+'Raw datas'!G$10)*500 -> 2.7526976e-09 | F143: ='Raw datas'!H139/('Raw datas'!H$3+'Raw datas'!H$10)*500 -> 5.4575134 | G143: ='Raw datas'!I139/('Raw datas'!I$3+'Raw datas'!I$10)*500 -> 12.775144 | H143: ='Raw datas'!J139/('Raw datas'!J$3+'Raw datas'!J$10)*500 -> 7.2926196 | I143: ='Raw datas'!K139/('Raw datas'!K$3+'Raw datas'!K$10)*500 -> 7.9101408e-09 | J143: ='Raw datas'!L139/('Raw datas'!L$3+'Raw datas'!L$10)*500 -> 13.369882 | K143: ='Raw datas'!M139/('Raw datas'!M$3+'Raw datas'!M$10)*500 -> 7.396014 | ... FP143: ='Raw datas'!FR139/('Raw datas'!FR$3+'Raw datas'!FR$10)*500 -> 4.4782803e-09
...

Sheet Normalisation_µL_plasma
A1: Volume of plasma normalisation
A2: Calculation of normalisation :
A3: Approached quantification (ng) / extracted volume of plasma (µL)
C5: Conditions | D5: BS-064D0 | E5: BS-064D03 | F5: BS-064D10 | G5: BS-064D60 | H5: BS-082D0 | I5: BS-082D03 | J5: BS-082D10 | K5: BS-082D60 | L5: BS-336D0 | M5: BS-336D03 | N5: BS-336D10 | O5: BS-336D60 | P5: BS-346D0 | Q5: BS-346D03 | R5: BS-346D10 | S5: BS-346D60 | T5: BS-351D0 | U5: BS-351D03 | V5: BS-351D10 | W5: BS-351D60 | X5: BS-364D0 | Y5: BS-364D03 | Z5: BS-364D10 | AA5: BS-364D60 | AB5: BS-377D0 | AC5: BS-377D03 | AD5: BS-377D10 | AE5: BS-377D60 | AF5: BS-671D0 | AG5: BS-671D03 | AH5: BS-671D10 | AI5: BS-671D60 | AJ5: JV-035D0 | AK5: JV-035D03 | AL5: JV-035D10 | AM5: JV-035D60 | AN5: JV-048D0 | AO5: JV-048D03 | AP5: JV-048D10 | AQ5: JV-071D0 | AR5: JV-071D03 | AS5: JV-071D60 | AT5: JV-138D0 | AU5: JV-138D03 | AV5: JV-138D10 | AW5: JV-138D60 | AX5: JV-148D0 | AY5: JV-148D03 | AZ5: JV-148D10 | BA5: JV-148D60 | BB5: JV-157D0 | BC5: JV-157D03 | BD5: JV-157D10 | BE5: JV-157D60 | BF5: KT-193D0 | BG5: KT-193D03 | BH5: KT-193D10 | BI5: KT-193D60 | BJ5: KT-247D0 | BK5: KT-247D03 | BL5: KT-247D10 | BM5: KT-247D60 | BN5: KT-312D0 | BO5: KT-312D03 | BP5: KT-312D10 | BQ5: KT-312D60 | BR5: KT-313D0 | BS5: KT-313D03 | BT5: KT-313D10 | BU5: KT-313D60 | BV5: KT-347D0 | BW5: KT-347D03 | BX5: KT-347D10 | BY5: KT-347D60 | BZ5: KT-352D0 | CA5: KT-352D03 | CB5: KT-352D10 | CC5: KT-352D60 | CD5: KT-412D0 | CE5: KT-412D03 | CF5: KT-412D10 | CG5: KT-412D60 | CH5: KT-417D0 | CI5: KT-417D03 | CJ5: KT-417D10 | CK5: KT-417D60 | CL5: KT-434D0 | CM5: KT-434D03 | CN5: KT-434D10 | CO5: KT-434D60 | CP5: KT-445D0 | CQ5: KT-445D03 | CR5: KT-445D10 | CS5: KT-445D60 | CT5: KT-515D0 | CU5: KT-515D03 | CV5: KT-515D10 | CW5: KT-515D60 | CX5: KT-522D0 | CY5: KT-522D03 | CZ5: KT-522D10 | DA5: KT-522D60 | DB5: KT-525D0 | DC5: KT-525D03 | DD5: KT-525D10 | DE5: KT-525D60 | DF5: KT-537D0 | DG5: KT-537D03 | DH5: KT-537D10 | DI5: KT-537D60 | DJ5: KT-538D0 | DK5: KT-538D03 | DL5: KT-538D10 | DM5: KT-538D60 | DN5: KT-539D0 | DO5: KT-539D03 | DP5: KT-539D10 | DQ5: KT-539D60 | DR5: KT-565D0 | DS5: KT-565D03 | DT5: KT-565D10 | DU5: KT-612D0 | DV5: KT-612D03 | DW5: KT-612D10 | DX5: KT-612D60 | DY5: KT-663D0 | DZ5: KT-663D03 | EA5: KT-663D10 | EB5: KT-663D60 | EC5: KT-695D0 | ED5: KT-695D03 | EE5: KT-695D10 | EF5: KT-695D60 | EG5: KT-705D0 | EH5: KT-705D03 | EI5: KT-705D10 | EJ5: KT-705D60 | EK5: KT-716D0 | EL5: KT-716D03 | EM5: KT-716D10 | EN5: KT-716D60 | EO5: KT-718D0 | EP5: KT-718D03 | EQ5: KT-718D10 | ER5: KT-718D60 | ES5: KT-723D0 | ET5: KT-723D03 | EU5: KT-723D10 | EV5: KT-723D60 | EW5: KT-771D0 | EX5: KT-771D03 | EY5: KT-771D10 | EZ5: KT-771D60 | FA5: KT-805D0 | FB5: KT-805D03 | FC5: KT-805D10 | FD5: KT-805D60 | FE5: KT-880D0 | FF5: KT-880D03 | FG5: KT-880D10 | FH5: KT-880D60 | FI5: KT-926D0 | FJ5: KT-927D03 | FK5: KT-928D10 | FL5: KT-929D60 | FM5: KT-974D0 | FN5: KT-974D03 | FO5: KT-974D10 | FP5: KT-974D60
A6: Family | B6: ISTD | C6: Metabolite name | D6: 241008DMI_Global_11 | E6: 241008DMI_Global_33 | F6: 241008DMI_Global_136 | G6: 241008DMI_Global_108 | H6: 241008DMI_Global_68 | I6: 241008DMI_Global_64 | J6: 241008DMI_Global_41 | K6: 241008DMI_Global_10 | L6: 241008DMI_Global_154 | M6: 241008DMI_Global_24 | N6: 241008DMI_Global_12 | O6: 241008DMI_Global_103 | P6: 241008DMI_Global_137 | Q6: 241008DMI_Global_19 | R6: 241008DMI_Global_101 | S6: 241008DMI_Global_120 | T6: 241008DMI_Global_21 | U6: 241008DMI_Global_46 | V6: 241008DMI_Global_74 | W6: 241008DMI_Global_129 | X6: 241008DMI_Global_02 | Y6: 241008DMI_Global_144 | Z6: 241008DMI_Global_107 | AA6: 241008DMI_Global_83 | AB6: 241008DMI_Global_35 | AC6: 241008DMI_Global_166 | AD6: 241008DMI_Global_72 | AE6: 241008DMI_Global_55 | AF6: 241008DMI_Global_134 | AG6: 241008DMI_Global_06 | AH6: 241008DMI_Global_171 | AI6: 241008DMI_Global_80 | AJ6: 241008DMI_Global_96 | AK6: 241008DMI_Global_169 | AL6: 241008DMI_Global_165 | AM6: 241008DMI_Global_49 | AN6: 241008DMI_Global_124 | AO6: 241008DMI_Global_78 | AP6: 241008DMI_Global_20 | AQ6: 241008DMI_Global_152 | AR6: 241008DMI_Global_116 | AS6: 241008DMI_Global_30 | AT6: 241008DMI_Global_05 | AU6: 241008DMI_Global_76 | AV6: 241008DMI_Global_38 | AW6: 241008DMI_Global_37 | AX6: 241008DMI_Global_157 | AY6: 241008DMI_Global_59 | AZ6: 241008DMI_Global_22 | BA6: 241008DMI_Global_17 | BB6: 241008DMI_Global_16 | BC6: 241008DMI_Global_81 | BD6: 241008DMI_Global_146 | BE6: 241008DMI_Global_69 | BF6: 241008DMI_Global_111 | BG6: 241008DMI_Global_92 | BH6: 241008DMI_Global_31 | BI6: 241008DMI_Global_156 | BJ6: 241008DMI_Global_32 | BK6: 241008DMI_Global_39 | BL6: 241008DMI_Global_114 | BM6: 241008DMI_Global_66 | BN6: 241008DMI_Global_70 | BO6: 241008DMI_Global_153 | BP6: 241008DMI_Global_01 | BQ6: 241008DMI_Global_28 | BR6: 241008DMI_Global_61 | BS6: 241008DMI_Global_164 | BT6: 241008DMI_Global_54 | BU6: 241008DMI_Global_135 | BV6: 241008DMI_Global_102 | BW6: 241008DMI_Global_44 | BX6: 241008DMI_Global_36 | BY6: 241008DMI_Global_142 | BZ6: 241008DMI_Global_105 | CA6: 241008DMI_Global_94 | CB6: 241008DMI_Global_98 | CC6: 241008DMI_Global_145 | CD6: 241008DMI_Global_170 | CE6: 241008DMI_Global_53 | CF6: 241008DMI_Global_57 | CG6: 241008DMI_Global_03 | CH6: 241008DMI_Global_56 | CI6: 241008DMI_Global_159 | CJ6: 241008DMI_Global_123 | CK6: 241008DMI_Global_75 | CL6: 241008DMI_Global_168 | CM6: 241008DMI_Global_09 | CN6: 241008DMI_Global_63 | CO6: 241008DMI_Global_158 | CP6: 241008DMI_Global_42 | CQ6: 241008DMI_Global_71 | CR6: 241008DMI_Global_112 | CS6: 241008DMI_Global_62 | CT6: 241008DMI_Global_58 | CU6: 241008DMI_Global_104 | CV6: 241008DMI_Global_52 | CW6: 241008DMI_Global_115 | CX6: 241008DMI_Global_143 | CY6: 241008DMI_Global_118 | CZ6: 241008DMI_Global_138 | DA6: 241008DMI_Global_97 | DB6: 241008DMI_Global_119 | DC6: 241008DMI_Global_121 | DD6: 241008DMI_Global_117 | DE6: 241008DMI_Global_161 | DF6: 241008DMI_Global_163 | DG6: 241008DMI_Global_150 | DH6: 241008DMI_Global_95 | DI6: 241008DMI_Global_34 | DJ6: 241008DMI_Global_85 | DK6: 241008DMI_Global_87 | DL6: 241008DMI_Global_47 | DM6: 241008DMI_Global_110 | DN6: 241008DMI_Global_132 | DO6: 241008DMI_Global_133 | DP6: 241008DMI_Global_162 | DQ6: 241008DMI_Global_125 | DR6: 241008DMI_Global_147 | DS6: 241008DMI_Global_139 | DT6: 241008DMI_Global_128 | DU6: 241008DMI_Global_27 | DV6: 241008DMI_Global_148 | DW6: 241008DMI_Global_14 | DX6: 241008DMI_Global_90 | DY6: 241008DMI_Global_18 | DZ6: 241008DMI_Global_130 | EA6: 241008DMI_Global_160 | EB6: 241008DMI_Global_93 | EC6: 241008DMI_Global_73 | ED6: 241008DMI_Global_26 | EE6: 241008DMI_Global_131 | EF6: 241008DMI_Global_140 | EG6: 241008DMI_Global_79 | EH6: 241008DMI_Global_15 | EI6: 241008DMI_Global_67 | EJ6: 241008DMI_Global_08 | EK6: 241008DMI_Global_100 | EL6: 241008DMI_Global_99 | EM6: 241008DMI_Global_84 | EN6: 241008DMI_Global_43 | EO6: 241008DMI_Global_40 | EP6: 241008DMI_Global_50 | EQ6: 241008DMI_Global_86 | ER6: 241008DMI_Global_151 | ES6: 241008DMI_Global_51 | ET6: 241008DMI_Global_109 | EU6: 241008DMI_Global_07 | EV6: 241008DMI_Global_13 | EW6: 241008DMI_Global_113 | EX6: 241008DMI_Global_106 | EY6: 241008DMI_Global_25 | EZ6: 241008DMI_Global_122 | FA6: 241008DMI_Global_45 | FB6: 241008DMI_Global_127 | FC6: 241008DMI_Global_77 | FD6: 241008DMI_Global_88 | FE6: 241008DMI_Global_126 | FF6: 241008DMI_Global_65 | FG6: 241008DMI_Global_155 | FH6: 241008DMI_Global_167 | FI6: 241008DMI_Global_91 | FJ6: 241008DMI_Global_29 | FK6: 241008DMI_Global_141 | FL6: 241008DMI_Global_23 | FM6: 241008DMI_Global_82 | FN6: 241008DMI_Global_04 | FO6: 241008DMI_Global_149 | FP6: 241008DMI_Global_172
A7: DG | B7: (1,2) DG 24:0 + (1,3) DG 24:0 | C7: (1,2) DG 30:0 | D7: =Approached_Quantification!D7/10 -> 3.5673516e-10 | E7: =Approached_Quantification!E7/10 -> 2.7526976e-10 | F7: =Approached_Quantification!F7/10 -> 5.3061658e-10 | G7: =Approached_Quantification!G7/10 -> 4.4887333e-10 | H7: =Approached_Quantification!H7/10 -> 3.4025179e-10 | I7: =Approached_Quantification!I7/10 -> 7.9101408e-10 | J7: =Approached_Quantification!J7/10 -> 4.3994721e-10 | K7: =Approached_Quantification!K7/10 -> 3.1539772e-10 | ... FP7: =Approached_Quantification!FP7/10 -> 4.4782803e-10
C8: (1,2) DG 32:0 | D8: =Approached_Quantification!D8/10 -> 0.74557648 | E8: =Approached_Quantification!E8/10 -> 0.7783188 | F8: =Approached_Quantification!F8/10 -> 1.4089742 | G8: =Approached_Quantification!G8/10 -> 0.94802047 | H8: =Approached_Quantification!H8/10 -> 0.52818604 | I8: =Approached_Quantification!I8/10 -> 7.9101408e-10 | J8: =Approached_Quantification!J8/10 -> 0.85845141 | K8: =Approached_Quantification!K8/10 -> 0.50540104 | ... FP8: =Approached_Quantification!FP8/10 -> 0.48141514
C9: (1,2) DG 32:1 | D9: =Approached_Quantification!D9/10 -> 3.5673516e-10 | E9: =Approached_Quantification!E9/10 -> 0.86462233 | F9: =Approached_Quantification!F9/10 -> 1.7250345 | G9: =Approached_Quantification!G9/10 -> 4.4887333e-10 | H9: =Approached_Quantification!H9/10 -> 0.36781218 | I9: =Approached_Quantification!I9/10 -> 7.9101408e-10 | J9: =Approached_Quantification!J9/10 -> 0.76242851 | K9: =Approached_Quantification!K9/10 -> 0.47751214 | ... FP9: =Approached_Quantification!FP9/10 -> 4.4782803e-10
C10: (1,2) DG 34:1 | D10: =Approached_Quantification!D10/10 -> 2.2727597 | E10: =Approached_Quantification!E10/10 -> 4.0960141 | F10: =Approached_Quantification!F10/10 -> 5.1241643 | G10: =Approached_Quantification!G10/10 -> 4.7939671 | H10: =Approached_Quantification!H10/10 -> 2.3967336 | I10: =Approached_Quantification!I10/10 -> 1.96567 | J10: =Approached_Quantification!J10/10 -> 3.1698196 | K10: =Approached_Quantification!K10/10 -> 1.7750583 | ... FP10: =Approached_Quantification!FP10/10 -> 2.5696373
C11: (1,2) DG 34:3 | D11: =Approached_Quantification!D11/10 -> 3.5673516e-10 | E11: =Approached_Quantification!E11/10 -> 2.7526976e-10 | F11: =Approached_Quantification!F11/10 -> 5.3061658e-10 | G11: =Approached_Quantification!G11/10 -> 4.4887333e-10 | H11: =Approached_Quantification!H11/10 -> 3.4025179e-10 | I11: =Approached_Quantification!I11/10 -> 7.9101408e-10 | J11: =Approached_Quantification!J11/10 -> 4.3994721e-10 | K11: =Approached_Quantification!K11/10 -> 3.1539772e-10 | ... FP11: =Approached_Quantification!FP11/10 -> 4.4782803e-10
C12: (1,2) DG 36:3 | D12: =Approached_Quantification!D12/10 -> 1.052012 | E12: =Approached_Quantification!E12/10 -> 1.7807201 | F12: =Approached_Quantification!F12/10 -> 0.92221161 | G12: =Approached_Quantification!G12/10 -> 1.6603824 | H12: =Approached_Quantification!H12/10 -> 0.99455597 | I12: =Approached_Quantification!I12/10 -> 7.9101408e-10 | J12: =Approached_Quantification!J12/10 -> 0.65948086 | K12: =Approached_Quantification!K12/10 -> 0.78502492 | ... FP12: =Approached_Quantification!FP12/10 -> 0.85266458
C13: (1,3) DG 32:0 | D13: =Approached_Quantification!D13/10 -> 3.5673516e-10 | E13: =Approached_Quantification!E13/10 -> 0.37608931 | F13: =Approached_Quantification!F13/10 -> 5.3061658e-10 | G13: =Approached_Quantification!G13/10 -> 4.4887333e-10 | H13: =Approached_Quantification!H13/10 -> 3.4025179e-10 | I13: =Approached_Quantification!I13/10 -> 7.9101408e-10 | J13: =Approached_Quantification!J13/10 -> 4.3994721e-10 | K13: =Approached_Quantification!K13/10 -> 3.1539772e-10 | ... FP13: =Approached_Quantification!FP13/10 -> 4.4782803e-10
C14: (1,3) DG 32:1 | D14: =Approached_Quantification!D14/10 -> 3.5673516e-10 | E14: =Approached_Quantification!E14/10 -> 0.35757542 | F14: =Approached_Quantification!F14/10 -> 5.3061658e-10 | G14: =Approached_Quantification!G14/10 -> 4.4887333e-10 | H14: =Approached_Quantification!H14/10 -> 3.4025179e-10 | I14: =Approached_Quantification!I14/10 -> 7.9101408e-10 | J14: =Approached_Quantification!J14/10 -> 4.3994721e-10 | K14: =Approached_Quantification!K14/10 -> 3.1539772e-10 | ... FP14: =Approached_Quantification!FP14/10 -> 4.4782803e-10
C15: (1,3) DG 34:1 | D15: =Approached_Quantification!D15/10 -> 0.44714577 | E15: =Approached_Quantification!E15/10 -> 1.5846875 | F15: =Approached_Quantification!F15/10 -> 1.6263117 | G15: =Approached_Quantification!G15/10 -> 1.3338184 | H15: =Approached_Quantification!H15/10 -> 0.53508743 | I15: =Approached_Quantification!I15/10 -> 7.9101408e-10 | J15: =Approached_Quantification!J15/10 -> 1.1227453 | K15: =Approached_Quantification!K15/10 -> 0.72754406 | ... FP15: =Approached_Quantification!FP15/10 -> 0.80519481
C16: (1,3) DG 34:2 | D16: =Approached_Quantification!D16/10 -> 0.4819492 | E16: =Approached_Quantification!E16/10 -> 1.1622127 | F16: =Approached_Quantification!F16/10 -> 0.92857901 | G16: =Approached_Quantification!G16/10 -> 0.49824939 | H16: =Approached_Quantification!H16/10 -> 0.45899966 | I16: =Approached_Quantification!I16/10 -> 7.9101408e-10 | J16: =Approached_Quantification!J16/10 -> 4.3994721e-10 | K16: =Approached_Quantification!K16/10 -> 0.50779032 | ... FP16: =Approached_Quantification!FP16/10 -> 4.4782803e-10
C17: (1,3) DG 34:3 | D17: =Approached_Quantification!D17/10 -> 3.5673516e-10 | E17: =Approached_Quantification!E17/10 -> 0.35840123 | F17: =Approached_Quantification!F17/10 -> 5.3061658e-10 | G17: =Approached_Quantification!G17/10 -> 4.4887333e-10 | H17: =Approached_Quantification!H17/10 -> 3.4025179e-10 | I17: =Approached_Quantification!I17/10 -> 7.9101408e-10 | J17: =Approached_Quantification!J17/10 -> 4.3994721e-10 | K17: =Approached_Quantification!K17/10 -> 3.1539772e-10 | ... FP17: =Approached_Quantification!FP17/10 -> 4.4782803e-10
C18: (1,3) DG 36:1 | D18: =Approached_Quantification!D18/10 -> 0.14041148 | E18: =Approached_Quantification!E18/10 -> 0.33100101 | F18: =Approached_Quantification!F18/10 -> 0.22676143 | G18: =Approached_Quantification!G18/10 -> 4.4887333e-10 | H18: =Approached_Quantification!H18/10 -> 3.4025179e-10 | I18: =Approached_Quantification!I18/10 -> 7.9101408e-10 | J18: =Approached_Quantification!J18/10 -> 4.3994721e-10 | K18: =Approached_Quantification!K18/10 -> 0.096950869 | ... FP18: =Approached_Quantification!FP18/10 -> 4.4782803e-10
C19: (1,3) DG 36:2 | D19: =Approached_Quantification!D19/10 -> 2.8920234 | E19: =Approached_Quantification!E19/10 -> 5.464147 | F19: =Approached_Quantification!F19/10 -> 4.0919469 | G19: =Approached_Quantification!G19/10 -> 1.9319509 | H19: =Approached_Quantification!H19/10 -> 1.4986702 | I19: =Approached_Quantification!I19/10 -> 1.1517165 | J19: =Approached_Quantification!J19/10 -> 1.8527434 | K19: =Approached_Quantification!K19/10 -> 2.2000815 | ... FP19: =Approached_Quantification!FP19/10 -> 1.2976488
... C21: (1,3) DG 36:4 | D21: =Approached_Quantification!D21/10 -> 3.5673516e-10 | E21: =Approached_Quantification!E21/10 -> 0.32096455 | F21: =Approached_Quantification!F21/10 -> 5.3061658e-10 | G21: =Approached_Quantification!G21/10 -> 4.4887333e-10 | H21: =Approached_Quantification!H21/10 -> 3.4025179e-10 | I21: =Approached_Quantification!I21/10 -> 7.9101408e-10 | J21: =Approached_Quantification!J21/10 -> 4.3994721e-10 | K21: =Approached_Quantification!K21/10 -> 3.1539772e-10 | ... FP21: =Approached_Quantification!FP21/10 -> 4.4782803e-10
C22: Somme espèces DG | D22: =SUM(D7:D21) -> 9.5344465 | E22: =SUM(E7:E21) -> 19.968157 | F22: =SUM(F7:F21) -> 17.14387 | G22: =SUM(G7:G21) -> 12.775151 | H22: =SUM(H7:H21) -> 7.6248903 | I22: =SUM(I7:I21) -> 3.1173865 | J22: =SUM(J7:J21) -> 8.9324883 | K22: =SUM(K7:K21) -> 8.0092558 | ... FP22: =SUM(FP7:FP21) -> 7.0602999
